Rank,Name,Vocation,World,Level,Skill Level,Category
1,Haraster,Elite Knight,Refugia,953,143,Club Fighting
2,Lutador de Mace,Elite Knight,Gentebra,1998,141,Club Fighting
2,Peguca,Elite Knight,Luminera,1163,141,Club Fighting
4,Princess Nickkii,Elite Knight,Nefera,520,140,Club Fighting
5,Vincix Ezwin,Elite Knight,Yonabra,1378,139,Club Fighting
6,Carapanam,Elite Knight,Pacera,1023,138,Club Fighting
6,Darkness Miss Lalatina,Elite Knight,Secura,1586,138,Club Fighting
6,Ghoa Kitad,Elite Knight,Talera,1227,138,Club Fighting
6,Piano Paeveio,Elite Knight,Unebra,1730,138,Club Fighting
6,Psyck,Elite Knight,Ustebra,860,138,Club Fighting
6,Smaug Pro,Elite Knight,Pacera,1841,138,Club Fighting
6,Valteco,Elite Knight,Yonabra,1473,138,Club Fighting
13,Chivolli,Elite Knight,Nevia,768,137,Club Fighting
13,Dffoz,Elite Knight,Blumera,1372,137,Club Fighting
13,Dranongar,Elite Knight,Astera,727,137,Club Fighting
13,Fester Adams,Elite Knight,Belobra,819,137,Club Fighting
13,Kocurrr,Elite Knight,Nevia,1172,137,Club Fighting
13,Musashi Tank,Elite Knight,Venebra,1494,137,Club Fighting
13,The Sauron,Elite Knight,Serdebra,1265,137,Club Fighting
13,Zheng Bonny,Elite Knight,Ustebra,1219,137,Club Fighting
21,Aangel de amor,Elite Knight,Nefera,675,136,Club Fighting
21,Animus Necandi,Elite Knight,Quelibra,749,136,Club Fighting
21,Atencjuszka Navka,Elite Knight,Bona,1278,136,Club Fighting
21,Awdy,Elite Knight,Firmera,1267,136,Club Fighting
21,Ciemnyez,Elite Knight,Venebra,1831,136,Club Fighting
21,Darkside the ghost,Elite Knight,Bona,1524,136,Club Fighting
21,Defates tapa,Elite Knight,Nefera,1499,136,Club Fighting
21,Pepinoprime,Elite Knight,Antica,1275,136,Club Fighting
21,Ruver,Elite Knight,Peloria,708,136,Club Fighting
21,Tiao Pancada,Elite Knight,Celebra,1680,136,Club Fighting
31,Bruzanas,Elite Knight,Quidera,1451,135,Club Fighting
31,Capitan Carl,Elite Knight,Descubra,1058,135,Club Fighting
31,Dark tritonic,Elite Knight,Celesta,1225,135,Club Fighting
31,Don Guralek,Elite Knight,Bona,1047,135,Club Fighting
31,Lord Maluketez,Elite Knight,Lutabra,1472,135,Club Fighting
31,Luziadas,Elite Knight,Calmera,1288,135,Club Fighting
31,Matzes,Elite Knight,Antica,1363,135,Club Fighting
31,Odd Henceforth,Elite Knight,Lobera,231,135,Club Fighting
31,Ordinary Citizen,Knight,Bona,1215,135,Club Fighting
31,Reed Ian,Elite Knight,Dia,1205,135,Club Fighting
31,Ronalxs Predathorzxs,Elite Knight,Talera,1427,135,Club Fighting
31,Serpantess,Elite Knight,Refugia,991,135,Club Fighting
31,Sir Lokus,Elite Knight,Quelibra,1440,135,Club Fighting
31,Szmyra,Elite Knight,Thyria,646,135,Club Fighting
31,Ven om,Elite Knight,Harmonia,1889,135,Club Fighting
31,Vitor Kamickaze,Elite Knight,Inabra,563,135,Club Fighting
47,Asfarck,Elite Knight,Terribra,854,134,Club Fighting
47,Cavots,Elite Knight,Ustebra,1033,134,Club Fighting
47,Dergrom,Elite Knight,Secura,783,134,Club Fighting
47,Juniinhsz,Elite Knight,Quelibra,1141,134,Club Fighting
47,Lady Nefy,Elite Knight,Nefera,1186,134,Club Fighting
47,Mister Brookss,Elite Knight,Quintera,1024,134,Club Fighting
47,Mister Pep,Elite Knight,Belobra,1410,134,Club Fighting
47,Modelindo,Elite Knight,Tornabra,904,134,Club Fighting
47,Nettik,Elite Knight,Secura,1100,134,Club Fighting
47,Orvi,Elite Knight,Secura,410,134,Club Fighting
47,Ralph Kurama,Elite Knight,Yonabra,1290,134,Club Fighting
47,Reigrant Arcsteel,Elite Knight,Celebra,1220,134,Club Fighting
47,Sir King Calvo,Elite Knight,Pacera,656,134,Club Fighting
47,Sky Yujiro,Elite Knight,Secura,1173,134,Club Fighting
61,Actually,Elite Knight,Astera,50,133,Club Fighting
61,Bandzior Ek,Elite Knight,Celesta,905,133,Club Fighting
61,Beczo,Elite Knight,Dia,1567,133,Club Fighting
61,Big Boss Revival,Elite Knight,Premia,1846,133,Club Fighting
61,Clownfiesta Primetime,Elite Knight,Zuna,1417,133,Club Fighting
61,Danipuff,Elite Knight,Yonabra,2002,133,Club Fighting
61,Darkeduar,Elite Knight,Pacera,1297,133,Club Fighting
61,Ferpa Deluxe,Elite Knight,Antica,981,133,Club Fighting
61,Fleth Tyron,Elite Knight,Peloria,629,133,Club Fighting
61,Inmortal Gowther,Elite Knight,Wintera,975,133,Club Fighting
61,Juno Relaxsz,Elite Knight,Havera,1360,133,Club Fighting
61,Kabahad,Elite Knight,Peloria,1306,133,Club Fighting
61,King Splyffyn,Elite Knight,Bona,874,133,Club Fighting
61,Klubowy Slawek,Elite Knight,Monza,973,133,Club Fighting
61,Lord-Orion Legend,Elite Knight,Havera,409,133,Club Fighting
61,Norbuss,Elite Knight,Eclipta,1302,133,Club Fighting
61,Oger,Elite Knight,Antica,1238,133,Club Fighting
61,Olooz Rhaio,Elite Knight,Collabra,1393,133,Club Fighting
61,Para nah,Elite Knight,Descubra,1146,133,Club Fighting
61,Rolkins,Elite Knight,Lobera,1318,133,Club Fighting
61,Tank Pos,Elite Knight,Bona,1076,133,Club Fighting
61,Thorsis,Elite Knight,Secura,782,133,Club Fighting
61,Ursinho Paeveio,Elite Knight,Unebra,1402,133,Club Fighting
84,Alastor Redgrave,Elite Knight,Calmera,1247,132,Club Fighting
84,Andres Astaroth,Elite Knight,Gladera,1321,132,Club Fighting
84,Anxo,Elite Knight,Vunira,900,132,Club Fighting
84,Bacon Violento,Elite Knight,Belobra,1373,132,Club Fighting
84,Blaer,Elite Knight,Refugia,1119,132,Club Fighting
84,Doug Devasso,Elite Knight,Collabra,1859,132,Club Fighting
84,Dred Redemption,Elite Knight,Calmera,1302,132,Club Fighting
84,Dunmon Stark,Elite Knight,Wintera,1101,132,Club Fighting
84,Elzinter,Elite Knight,Blumera,773,132,Club Fighting
84,Gabrielito,Elite Knight,Nefera,1606,132,Club Fighting
84,Garfield Cat,Elite Knight,Kalanta,1257,132,Club Fighting
84,Gunwi Kormroyan,Elite Knight,Gladera,345,132,Club Fighting
84,Ingolf Gloria,Elite Knight,Secura,556,132,Club Fighting
84,Japp Okey Lugn,Elite Knight,Secura,1229,132,Club Fighting
84,Kairos Skylight,Elite Knight,Calmera,1996,132,Club Fighting
84,Katita Kaldas,Elite Knight,Celebra,1104,132,Club Fighting
84,King Hensur,Elite Knight,Celesta,1113,132,Club Fighting
84,Knight do Osso,Elite Knight,Serdebra,1072,132,Club Fighting
84,Little Albatraoz,Elite Knight,Astera,1192,132,Club Fighting
84,Love Is Everything,Elite Knight,Antica,852,132,Club Fighting
84,Max Sider,Elite Knight,Inabra,1012,132,Club Fighting
84,Mullo,Elite Knight,Pacera,426,132,Club Fighting
84,Negan Smith,Elite Knight,Eclipta,1150,132,Club Fighting
84,Nosoull,Elite Knight,Dia,1517,132,Club Fighting
84,Ohin,Elite Knight,Antica,819,132,Club Fighting
84,Ruge,Elite Knight,Thyria,1427,132,Club Fighting
84,Seloko Denone,Elite Knight,Jadebra,1467,132,Club Fighting
84,Sir Wilfred Ivanhoe,Elite Knight,Nefera,450,132,Club Fighting
84,Sloem,Elite Knight,Yonabra,1384,132,Club Fighting
84,Soh Deitopradormir,Elite Knight,Honbra,851,132,Club Fighting
84,Suarelli,Elite Knight,Premia,1229,132,Club Fighting
84,Tasca Hammerfury,Elite Knight,Pacera,110,132,Club Fighting
84,Tio tide,Elite Knight,Monza,612,132,Club Fighting
84,Tutto Passa,Elite Knight,Karmeya,1212,132,Club Fighting
84,Vixen Elite,Elite Knight,Celebra,1129,132,Club Fighting
119,Alizorah,Elite Knight,Peloria,912,131,Club Fighting
119,Aura,Elite Knight,Secura,128,131,Club Fighting
119,Drinnas,Elite Knight,Secura,906,131,Club Fighting
119,Dudu New Times,Elite Knight,Ourobra,816,131,Club Fighting
119,Ehxori,Elite Knight,Celebra,873,131,Club Fighting
119,Ezio Shion,Elite Knight,Lobera,889,131,Club Fighting
119,Femuz in Pacera,Elite Knight,Pacera,110,131,Club Fighting
119,Fernanda Firma Forte,Elite Knight,Etebra,1209,131,Club Fighting
119,Fulluf Laphoopia,Elite Knight,Gladera,142,131,Club Fighting
119,Genesiz,Elite Knight,Yonabra,1083,131,Club Fighting
119,Harlei Cascavel,Elite Knight,Calmera,850,131,Club Fighting
119,Hebert Richards,Elite Knight,Celesta,810,131,Club Fighting
119,Heper Nata,Elite Knight,Nefera,331,131,Club Fighting
119,Hoengyru Beon,Elite Knight,Bona,771,131,Club Fighting
119,Hundkatt,Elite Knight,Premia,1020,131,Club Fighting
119,Infernal Kubus,Elite Knight,Secura,754,131,Club Fighting
119,Itsgot Electrolytes,Elite Knight,Yovera,1130,131,Club Fighting
119,Jhoan Livre,Elite Knight,Astera,1319,131,Club Fighting
119,Jhonek,Elite Knight,Ferobra,1701,131,Club Fighting
119,Kate Walker,Elite Knight,Nevia,1305,131,Club Fighting
119,Lady of Saxnot,Knight,Lobera,31,131,Club Fighting
119,Layka Coragem,Elite Knight,Nefera,79,131,Club Fighting
119,Leechiano,Elite Knight,Lobera,1595,131,Club Fighting
119,Levy Tran,Elite Knight,Epoca,718,131,Club Fighting
119,Lil Potato Knight,Elite Knight,Gladera,566,131,Club Fighting
119,Lord Chongs,Elite Knight,Lobera,808,131,Club Fighting
119,Maurokitto,Elite Knight,Secura,651,131,Club Fighting
119,Mazi Mazi,Elite Knight,Quintera,848,131,Club Fighting
119,Nerigudo,Elite Knight,Ustebra,1616,131,Club Fighting
119,Nicole Kang,Elite Knight,Thyria,714,131,Club Fighting
119,Nitro Hells'Angels,Elite Knight,Gentebra,629,131,Club Fighting
119,Ossy Vern,Elite Knight,Refugia,1435,131,Club Fighting
119,Pukee,Elite Knight,Gladera,275,131,Club Fighting
119,Rovaar,Elite Knight,Kalibra,808,131,Club Fighting
119,Sean Mytoman,Elite Knight,Secura,969,131,Club Fighting
119,Sneaky The Snake,Elite Knight,Thyria,88,131,Club Fighting
119,Sosnowe,Elite Knight,Nevia,1387,131,Club Fighting
119,Soverv Clubowicz,Elite Knight,Harmonia,643,131,Club Fighting
119,Stormbreaker Ekzykes,Elite Knight,Yovera,1394,131,Club Fighting
119,Suhvek,Elite Knight,Quidera,771,131,Club Fighting
119,Takeszin,Elite Knight,Celesta,833,131,Club Fighting
119,Tibo Ek,Elite Knight,Quidera,1096,131,Club Fighting
119,Tor Wer Tar,Elite Knight,Bona,1141,131,Club Fighting
119,Torhun,Elite Knight,Celesta,1108,131,Club Fighting
119,Tradein,Elite Knight,Bona,1046,131,Club Fighting
119,Troubled Assassin,Elite Knight,Secura,503,131,Club Fighting
119,Vardagszor,Elite Knight,Astera,1448,131,Club Fighting
119,Verduz Guzzi,Elite Knight,Nefera,750,131,Club Fighting
119,Warrior Mustang,Elite Knight,Nefera,85,131,Club Fighting
119,Wladosek,Elite Knight,Secura,528,131,Club Fighting
119,Zecrocz Club,Elite Knight,Yonabra,1579,131,Club Fighting
119,Zion Clubstealer,Elite Knight,Ferobra,1007,131,Club Fighting
171,Aerck,Elite Knight,Karmeya,1005,130,Club Fighting
171,Agiotales,Elite Knight,Rasteibra,1702,130,Club Fighting
171,Akademi,Elite Knight,Nefera,1306,130,Club Fighting
171,Alandir,Elite Knight,Peloria,825,130,Club Fighting
171,Alonessia,Elite Knight,Monza,59,130,Club Fighting
171,Annadar,Elite Knight,Celesta,1108,130,Club Fighting
171,Aurea Athi,Elite Knight,Harmonia,291,130,Club Fighting
171,Avoni,Elite Knight,Havera,922,130,Club Fighting
171,Awexan,Elite Knight,Harmonia,237,130,Club Fighting
171,Borktex,Knight,Gladibra,413,130,Club Fighting
171,Cron Wiclek,Elite Knight,Peloria,354,130,Club Fighting
171,Daiin,Elite Knight,Belobra,1071,130,Club Fighting
171,Daisy Dayborn,Elite Knight,Epoca,88,130,Club Fighting
171,Danger'Star,Elite Knight,Nefera,857,130,Club Fighting
171,Deestroyer,Elite Knight,Quelibra,630,130,Club Fighting
171,Destructive Kronun,Elite Knight,Talera,2060,130,Club Fighting
171,Divine Stability,Elite Knight,Antica,285,130,Club Fighting
171,Doisbe,Elite Knight,Descubra,1328,130,Club Fighting
171,Dreadful,Elite Knight,Antica,638,130,Club Fighting
171,Duke Draco,Elite Knight,Collabra,1254,130,Club Fighting
171,Eknex,Elite Knight,Serdebra,574,130,Club Fighting
171,Eletron Knight,Elite Knight,Menera,897,130,Club Fighting
171,Espeto Knight,Elite Knight,Celebra,1137,130,Club Fighting
171,Esplandian,Elite Knight,Calmera,72,130,Club Fighting
171,Ethernal Fatality,Elite Knight,Nefera,721,130,Club Fighting
171,Ffon,Elite Knight,Thyria,831,130,Club Fighting
171,Flippendo,Elite Knight,Secura,451,130,Club Fighting
171,Frank Friiola,Elite Knight,Jadebra,1548,130,Club Fighting
171,Futux,Elite Knight,Ustebra,1006,130,Club Fighting
171,Fynno,Elite Knight,Bona,434,130,Club Fighting
171,Gata Vitoria,Elite Knight,Yonabra,1422,130,Club Fighting
171,Grosoxx,Elite Knight,Luminera,1084,130,Club Fighting
171,Gruff Goat,Elite Knight,Astera,171,130,Club Fighting
171,Gunnarz,Elite Knight,Jadebra,1002,130,Club Fighting
171,Heavy Ragequit,Elite Knight,Inabra,1098,130,Club Fighting
171,Infernal Eternal,Elite Knight,Wintera,172,130,Club Fighting
171,Its Rockstar,Elite Knight,Collabra,817,130,Club Fighting
171,Itsmaka,Elite Knight,Lobera,853,130,Club Fighting
171,Janna Frostine,Elite Knight,Astera,1408,130,Club Fighting
171,Kary The Legend,Elite Knight,Peloria,1067,130,Club Fighting
171,Kel,Elite Knight,Rasteibra,1594,130,Club Fighting
171,King Flax,Elite Knight,Ombra,1073,130,Club Fighting
171,Krugen,Elite Knight,Monza,1138,130,Club Fighting
171,Lady Jaana,Elite Knight,Peloria,333,130,Club Fighting
171,Lazy Tytanek,Elite Knight,Secura,650,130,Club Fighting
171,Lemest Elvar,Elite Knight,Zunera,83,130,Club Fighting
171,Lil Marucha,Elite Knight,Havera,1024,130,Club Fighting
171,Lord Argoustan,Elite Knight,Oceanis,663,130,Club Fighting
171,Lovedek,Elite Knight,Pacera,978,130,Club Fighting
171,Luna Diosa Preciosa,Elite Knight,Harmonia,68,130,Club Fighting
171,Maskwuv Dragonwalt,Elite Knight,Inabra,1159,130,Club Fighting
171,Maxi Kina,Elite Knight,Bona,1239,130,Club Fighting
171,Nando Dii Stormshield,Elite Knight,Secura,1165,130,Club Fighting
171,Nasty Kidifang,Elite Knight,Antica,720,130,Club Fighting
171,Onix von trollenberg,Elite Knight,Havera,117,130,Club Fighting
171,Pancada Desbalanceada,Elite Knight,Serdebra,1258,130,Club Fighting
171,Pastor Guty,Elite Knight,Quelibra,788,130,Club Fighting
171,Ramsiys,Elite Knight,Wintera,479,130,Club Fighting
171,Ratio Summa,Elite Knight,Solidera,55,130,Club Fighting
171,Raul Locomia,Elite Knight,Quelibra,1594,130,Club Fighting
171,Rufs Ye,Elite Knight,Nefera,814,130,Club Fighting
171,Rushler,Elite Knight,Vunira,609,130,Club Fighting
171,Rylod Mavenus,Elite Knight,Thyria,1041,130,Club Fighting
171,Sanemiia,Elite Knight,Peloria,1081,130,Club Fighting
171,Se warence,Elite Knight,Descubra,1294,130,Club Fighting
171,Seniorhunter,Elite Knight,Bona,269,130,Club Fighting
171,Serapis Seledian,Elite Knight,Premia,977,130,Club Fighting
171,Sir Peter of Cun,Elite Knight,Havera,879,130,Club Fighting
171,Squrviwons Rakso,Elite Knight,Antica,811,130,Club Fighting
171,Stalker of the Shadows,Elite Knight,Secura,118,130,Club Fighting
171,Steven Athi,Elite Knight,Harmonia,101,130,Club Fighting
171,Suwal,Elite Knight,Celesta,73,130,Club Fighting
171,Tejow Corporation,Elite Knight,Issobra,2582,130,Club Fighting
171,Thiiy,Elite Knight,Descubra,1305,130,Club Fighting
171,Thon Rideon,Elite Knight,Honbra,683,130,Club Fighting
171,Tipo Avathhar,Elite Knight,Nefera,1178,130,Club Fighting
171,Ultra Instinct Knight,Elite Knight,Premia,1097,130,Club Fighting
171,Valther,Elite Knight,Bona,302,130,Club Fighting
171,Vanns,Elite Knight,Bona,978,130,Club Fighting
171,Villarromero,Elite Knight,Astera,418,130,Club Fighting
171,Viseze,Elite Knight,Karmeya,1503,130,Club Fighting
171,Waleado Og,Elite Knight,Lobera,1335,130,Club Fighting
171,Wozigot,Elite Knight,Solidera,527,130,Club Fighting
171,Zugly Drax,Elite Knight,Astera,325,130,Club Fighting
255,Andrew Fate,Elite Knight,Yonabra,775,129,Club Fighting
255,Arator Roken,Elite Knight,Nefera,1272,129,Club Fighting
255,Arcangel Miguelito,Elite Knight,Solidera,209,129,Club Fighting
255,Area The Knight,Elite Knight,Peloria,163,129,Club Fighting
255,Ashfar Thro,Elite Knight,Peloria,125,129,Club Fighting
255,Azra Trek,Elite Knight,Menera,133,129,Club Fighting
255,Balista Slim,Elite Knight,Refugia,616,129,Club Fighting
255,Banuta Stenka,Elite Knight,Bona,50,129,Club Fighting
255,Best value,Elite Knight,Premia,40,129,Club Fighting
255,Bobbie Da Blankie,Elite Knight,Gladera,138,129,Club Fighting
255,Braavee heart,Elite Knight,Calmera,1244,129,Club Fighting
255,Brufer,Elite Knight,Premia,37,129,Club Fighting
255,Bticino,Elite Knight,Premia,36,129,Club Fighting
255,Chylek the Demonhunter,Elite Knight,Secura,1196,129,Club Fighting
255,Dekraken durinars,Elite Knight,Astera,122,129,Club Fighting
255,Diionesz,Elite Knight,Issobra,1123,129,Club Fighting
255,Don Santiago,Elite Knight,Premia,37,129,Club Fighting
255,Dookie Skillmax,Elite Knight,Menera,728,129,Club Fighting
255,Dragon Maniatico,Elite Knight,Vunira,951,129,Club Fighting
255,Ek Edoorek,Elite Knight,Peloria,967,129,Club Fighting
255,Eliasxd,Elite Knight,Solidera,1040,129,Club Fighting
255,Elite Leoz,Elite Knight,Belobra,1303,129,Club Fighting
255,Exmindero,Elite Knight,Epoca,732,129,Club Fighting
255,Faguax,Elite Knight,Premia,37,129,Club Fighting
255,Fellzorr,Elite Knight,Ustebra,1127,129,Club Fighting
255,Fermetal,Elite Knight,Premia,37,129,Club Fighting
255,Firemen Kyle,Elite Knight,Xyla,1516,129,Club Fighting
255,Garra Charrua Yorugua,Elite Knight,Havera,71,129,Club Fighting
255,Girl of Club,Elite Knight,Pacera,782,129,Club Fighting
255,Gozhek,Elite Knight,Thyria,850,129,Club Fighting
255,Gumis,Elite Knight,Solidera,1005,129,Club Fighting
255,Halcon of harmonia,Knight,Harmonia,22,129,Club Fighting
255,Harv Heimdallsson,Elite Knight,Peloria,347,129,Club Fighting
255,Harvezd,Knight,Vunira,16,129,Club Fighting
255,Harvezd from Danubia,Knight,Antica,9,129,Club Fighting
255,Heiliger Tote,Elite Knight,Bona,71,129,Club Fighting
255,Hit Me,Elite Knight,Blumera,884,129,Club Fighting
255,Holked,Elite Knight,Epoca,1505,129,Club Fighting
255,Ikevo,Elite Knight,Astera,1257,129,Club Fighting
255,Itz Chapas,Elite Knight,Luminera,1200,129,Club Fighting
255,Itz Naandi,Elite Knight,Dia,1287,129,Club Fighting
255,Jack Bax,Knight,Secura,34,129,Club Fighting
255,Kamilowsky,Elite Knight,Celesta,885,129,Club Fighting
255,Kiinhazera,Elite Knight,Tornabra,1385,129,Club Fighting
255,Klubowy,Elite Knight,Monza,772,129,Club Fighting
255,Kouga de Pegasos,Elite Knight,Pacera,204,129,Club Fighting
255,Legend Lover,Elite Knight,Antica,1000,129,Club Fighting
255,Lord Vikin gold,Elite Knight,Thyria,897,129,Club Fighting
255,Machiavel,Elite Knight,Vunira,1115,129,Club Fighting
255,Maly Fredie,Elite Knight,Celesta,953,129,Club Fighting
255,Mano Malloka,Elite Knight,Celebra,981,129,Club Fighting
255,Mano The Great,Elite Knight,Solidera,1040,129,Club Fighting
255,Manpica,Elite Knight,Premia,39,129,Club Fighting
255,Marechal Max,Knight,Havera,16,129,Club Fighting
255,Mighty Memo,Elite Knight,Wintera,980,129,Club Fighting
255,Mill Ion,Elite Knight,Firmera,1473,129,Club Fighting
255,Missdenise of tala,Elite Knight,Refugia,760,129,Club Fighting
255,Murmillo,Knight,Peloria,25,129,Club Fighting
255,Naruto Knight,Elite Knight,Quelibra,1155,129,Club Fighting
255,Necrodaemon Terrorsathan,Elite Knight,Quintera,532,129,Club Fighting
255,Nemrotz,Elite Knight,Karmeya,772,129,Club Fighting
255,Netzen,Elite Knight,Nefera,757,129,Club Fighting
255,Nitrane,Knight,Astera,1132,129,Club Fighting
255,Norseck,Knight,Solidera,40,129,Club Fighting
255,Nyanen,Elite Knight,Zuna,803,129,Club Fighting
255,Old Club Master,Elite Knight,Vunira,125,129,Club Fighting
255,Paciu Jaskiniowiec,Elite Knight,Secura,1306,129,Club Fighting
255,Pai Tank,Elite Knight,Yovera,1218,129,Club Fighting
255,Pu Din ek,Elite Knight,Havera,1060,129,Club Fighting
255,Quenza,Knight,Astera,568,129,Club Fighting
255,Rainerek,Elite Knight,Kalibra,1103,129,Club Fighting
255,Red Vesgo,Elite Knight,Kalibra,1287,129,Club Fighting
255,Revnost,Knight,Calmera,662,129,Club Fighting
255,Sayrum Halin,Elite Knight,Kalibra,1394,129,Club Fighting
255,Scopi Kabi,Elite Knight,Peloria,119,129,Club Fighting
255,Seba Godslayer,Elite Knight,Lutabra,1399,129,Club Fighting
255,Senor Max,Elite Knight,Premia,886,129,Club Fighting
255,Shauni Leviathann,Knight,Gladera,743,129,Club Fighting
255,Sir Falarius,Elite Knight,Solidera,113,129,Club Fighting
255,Sir Junyck,Elite Knight,Ferobra,666,129,Club Fighting
255,Siri Elite,Elite Knight,Zunera,333,129,Club Fighting
255,Spiteful Emily,Elite Knight,Monza,900,129,Club Fighting
255,Sprytny Andrzej,Elite Knight,Celesta,591,129,Club Fighting
255,Telial,Elite Knight,Secura,156,129,Club Fighting
255,Thimothus,Elite Knight,Gentebra,63,129,Club Fighting
255,Title Taker,Knight,Talera,669,129,Club Fighting
255,Tomas Ferreira,Elite Knight,Kalibra,122,129,Club Fighting
255,Ufeca,Elite Knight,Premia,33,129,Club Fighting
255,Valix Nikenia,Elite Knight,Gladera,641,129,Club Fighting
255,Vinz Homeless,Elite Knight,Vunira,80,129,Club Fighting
255,Visionoiur,Elite Knight,Harmonia,85,129,Club Fighting
255,Xodxleather,Elite Knight,Gentebra,611,129,Club Fighting
255,Zaroim,Elite Knight,Astera,85,129,Club Fighting
255,Zora the Shadowhero,Knight,Refugia,13,129,Club Fighting
255,Zulica,Elite Knight,Bona,623,129,Club Fighting
350,Ako Shiro Dino,Elite Knight,Havera,68,128,Club Fighting
350,Alazkinho,Elite Knight,Wintera,1247,128,Club Fighting
350,Alcardamus,Elite Knight,Bona,725,128,Club Fighting
350,Alexx Bonecrusher,Elite Knight,Xyla,1270,128,Club Fighting
350,Alphonse,Elite Knight,Quidera,1018,128,Club Fighting
350,Anna Girl,Elite Knight,Celesta,902,128,Club Fighting
350,Ardyn Gullo,Elite Knight,Monza,307,128,Club Fighting
350,Arkhottep,Elite Knight,Yonabra,1273,128,Club Fighting
350,Arnol Schwarz,Elite Knight,Venebra,1267,128,Club Fighting
350,Baadam rynek,Elite Knight,Vunira,1383,128,Club Fighting
350,Badguy Pepe,Elite Knight,Pacera,325,128,Club Fighting
350,Ballantynezz,Elite Knight,Yonabra,916,128,Club Fighting
350,Banjo King,Elite Knight,Lobera,940,128,Club Fighting
350,Bankrutomat,Elite Knight,Thyria,309,128,Club Fighting
350,Barak The Crusher,Elite Knight,Calmera,149,128,Club Fighting
350,Barra Mil Contra,Elite Knight,Ustebra,551,128,Club Fighting
350,Bastiao Sallas,Elite Knight,Havera,1022,128,Club Fighting
350,Bleu Soulless,Elite Knight,Yovera,1028,128,Club Fighting
350,Block,Elite Knight,Collabra,348,128,Club Fighting
350,Bo cian,Elite Knight,Harmonia,1283,128,Club Fighting
350,Canadaman,Elite Knight,Quidera,716,128,Club Fighting
350,Charlover Teq,Elite Knight,Antica,522,128,Club Fighting
350,Cryx Aariellari,Elite Knight,Talera,1017,128,Club Fighting
350,Cuthbertt,Elite Knight,Pacera,625,128,Club Fighting
350,Czeko of Knight,Elite Knight,Refugia,664,128,Club Fighting
350,Daemogoth,Elite Knight,Nefera,1070,128,Club Fighting
350,Denzel Renegado,Elite Knight,Refugia,713,128,Club Fighting
350,Destruvtor,Elite Knight,Quintera,1279,128,Club Fighting
350,Didulok,Elite Knight,Serdebra,378,128,Club Fighting
350,Doktor Elektroniki,Knight,Peloria,42,128,Club Fighting
350,Dragon On,Elite Knight,Serdebra,1037,128,Club Fighting
350,Draiimo,Elite Knight,Belobra,826,128,Club Fighting
350,Dran Felon,Elite Knight,Celesta,82,128,Club Fighting
350,Dumdum,Elite Knight,Vunira,355,128,Club Fighting
350,El Manguales,Elite Knight,Secura,515,128,Club Fighting
350,Elder Sigfodr,Elite Knight,Karmeya,600,128,Club Fighting
350,Feniikz,Elite Knight,Karmeya,1312,128,Club Fighting
350,Fluffiga Lars,Elite Knight,Secura,841,128,Club Fighting
350,Ghazbaranzs,Elite Knight,Serdebra,929,128,Club Fighting
350,Gibberling,Knight,Peloria,8,128,Club Fighting
350,Gugazen,Elite Knight,Solidera,928,128,Club Fighting
350,Gui Fallout,Elite Knight,Ourobra,1760,128,Club Fighting
350,Gui Zao,Elite Knight,Xyla,406,128,Club Fighting
350,Guma Mata Pato,Elite Knight,Lobera,402,128,Club Fighting
350,Guton,Elite Knight,Ustebra,1100,128,Club Fighting
350,Halcon of trimera,Knight,Lobera,20,128,Club Fighting
350,Heloisia,Elite Knight,Secura,104,128,Club Fighting
350,Huciu Kaci,Elite Knight,Vunira,868,128,Club Fighting
350,Hunter of Dragoes,Elite Knight,Pacera,253,128,Club Fighting
350,Hupman,Elite Knight,Vunira,174,128,Club Fighting
350,Hypenotize,Elite Knight,Peloria,1340,128,Club Fighting
350,Idny,Elite Knight,Monza,95,128,Club Fighting
350,Imra Shia,Elite Knight,Vunira,264,128,Club Fighting
350,Jefinn Balalove,Elite Knight,Jadebra,1156,128,Club Fighting
350,Jimmy Darksoul,Elite Knight,Antica,198,128,Club Fighting
350,Joaquim Penguim,Elite Knight,Refugia,694,128,Club Fighting
350,Joker Knight,Elite Knight,Lobera,26,128,Club Fighting
350,Jovenil,Elite Knight,Inabra,457,128,Club Fighting
350,Judy Ada,Elite Knight,Nefera,56,128,Club Fighting
350,Kakashi Silverfang,Elite Knight,Ourobra,1013,128,Club Fighting
350,Kate Juju,Elite Knight,Astera,54,128,Club Fighting
350,Kiimo,Elite Knight,Bona,1557,128,Club Fighting
350,Killinem,Elite Knight,Antica,896,128,Club Fighting
350,Kimiek,Elite Knight,Celebra,880,128,Club Fighting
350,Klubowy Karolek,Elite Knight,Monza,972,128,Club Fighting
350,Kum Kriks,Elite Knight,Secura,826,128,Club Fighting
350,Lady Auntt,Elite Knight,Calmera,137,128,Club Fighting
350,Lady Cardona,Elite Knight,Gladera,441,128,Club Fighting
350,Lord Scalibur,Elite Knight,Gladera,731,128,Club Fighting
350,Luna Mounstro,Elite Knight,Serdebra,1260,128,Club Fighting
350,Macky spy,Elite Knight,Refugia,164,128,Club Fighting
350,Madroox,Elite Knight,Oceanis,818,128,Club Fighting
350,Mano du Rock,Elite Knight,Gentebra,156,128,Club Fighting
350,Marollaa,Elite Knight,Gentebra,1120,128,Club Fighting
350,Miggelito,Knight,Secura,62,128,Club Fighting
350,Miigusta,Elite Knight,Ferobra,540,128,Club Fighting
350,Miki Ajno,Elite Knight,Refugia,874,128,Club Fighting
350,Mikkal,Elite Knight,Monza,454,128,Club Fighting
350,Mirazord,Elite Knight,Yonabra,1262,128,Club Fighting
350,Navilat,Elite Knight,Nefera,698,128,Club Fighting
350,Nemesito,Elite Knight,Epoca,45,128,Club Fighting
350,Neutronyh,Elite Knight,Jadebra,1115,128,Club Fighting
350,No Soulwarprimal,Elite Knight,Belobra,791,128,Club Fighting
350,Nobishiro,Elite Knight,Bona,75,128,Club Fighting
350,Orbe,Elite Knight,Luminera,204,128,Club Fighting
350,Orc Worrior,Elite Knight,Monza,1246,128,Club Fighting
350,Oril Maverick,Elite Knight,Quelibra,925,128,Club Fighting
350,Pabelowski,Knight,Secura,767,128,Club Fighting
350,Pabluski,Elite Knight,Yonabra,493,128,Club Fighting
350,Petit Lover,Elite Knight,Premia,438,128,Club Fighting
350,Picture,Elite Knight,Antica,977,128,Club Fighting
350,Prouct Ologgy,Elite Knight,Bona,764,128,Club Fighting
350,Punchliner,Knight,Epoca,16,128,Club Fighting
350,Rav Kifht,Elite Knight,Refugia,781,128,Club Fighting
350,Rhamphell,Elite Knight,Astera,74,128,Club Fighting
350,Romanista,Knight,Thyria,36,128,Club Fighting
350,Sir Darkshadow,Elite Knight,Antica,71,128,Club Fighting
350,Siube,Elite Knight,Monza,140,128,Club Fighting
350,Sizz Lor,Knight,Ustebra,15,128,Club Fighting
350,Skadi Goddess,Elite Knight,Ombra,887,128,Club Fighting
350,Snusprillan,Elite Knight,Harmonia,557,128,Club Fighting
350,Spirall fall,Elite Knight,Quelibra,1210,128,Club Fighting
350,Starling Warlord,Elite Knight,Kalibra,363,128,Club Fighting
350,Sushinee,Elite Knight,Rasteibra,1011,128,Club Fighting
350,Thana Tursus,Elite Knight,Rasteibra,990,128,Club Fighting
350,The Golden,Elite Knight,Astera,780,128,Club Fighting
350,The Santiago,Elite Knight,Premia,33,128,Club Fighting
350,Toxic Jakub,Elite Knight,Dia,968,128,Club Fighting
350,Trigunx,Elite Knight,Astera,667,128,Club Fighting
350,Undz,Elite Knight,Astera,1023,128,Club Fighting
350,Vherduz Gaz,Elite Knight,Celesta,1006,128,Club Fighting
350,Viiniis,Elite Knight,Inabra,964,128,Club Fighting
350,Voolgam,Elite Knight,Serdebra,1081,128,Club Fighting
350,Waleado,Elite Knight,Antica,895,128,Club Fighting
350,Weemo,Elite Knight,Nevia,1193,128,Club Fighting
350,Whiinona,Elite Knight,Bona,93,128,Club Fighting
350,Wodzirej,Elite Knight,Vunira,455,128,Club Fighting
350,Wyrmbloodz,Elite Knight,Celesta,812,128,Club Fighting
350,Zara Darkness,Elite Knight,Nefera,478,128,Club Fighting
350,Zenakalm,Elite Knight,Premia,924,128,Club Fighting
350,Zeus Maromba,Elite Knight,Bona,1105,128,Club Fighting
350,Zeyron,Elite Knight,Quintera,951,128,Club Fighting
350,Zukashi Rycerzyk,Elite Knight,Refugia,1114,128,Club Fighting
473,Aceventura de Harmonia,Elite Knight,Harmonia,160,127,Club Fighting
473,Agumus,Elite Knight,Thyria,990,127,Club Fighting
473,Aiiiii,Elite Knight,Talera,544,127,Club Fighting
473,Animated Warrior,Elite Knight,Refugia,1010,127,Club Fighting
473,Anth Lelf raid,Elite Knight,Pacera,975,127,Club Fighting
473,Aryasvit,Elite Knight,Lobera,888,127,Club Fighting
473,Asuras Closed,Elite Knight,Lutabra,697,127,Club Fighting
473,Bag You Desiire,Elite Knight,Ourobra,1462,127,Club Fighting
473,Bald Dwarf,Elite Knight,Gladera,219,127,Club Fighting
473,Barba Carpintaria,Elite Knight,Jadebra,1141,127,Club Fighting
473,Bilauscleia,Knight,Secura,13,127,Club Fighting
473,Bleykan,Elite Knight,Astera,242,127,Club Fighting
473,Bolovim,Elite Knight,Gentebra,779,127,Club Fighting
473,Boring Name,Elite Knight,Karmeya,1029,127,Club Fighting
473,Broku,Elite Knight,Lobera,627,127,Club Fighting
473,Brutala Gumman,Elite Knight,Antica,556,127,Club Fighting
473,Bullthadoz,Elite Knight,Secura,1186,127,Club Fighting
473,Bully Players,Elite Knight,Nevia,961,127,Club Fighting
473,Caseoh,Elite Knight,Yubra,952,127,Club Fighting
473,Chris Fehnn,Elite Knight,Rasteibra,1417,127,Club Fighting
473,Closedfriends Leozin,Elite Knight,Jadebra,1513,127,Club Fighting
473,Columbina Hyposelenia,Elite Knight,Astera,1075,127,Club Fighting
473,Crankler,Elite Knight,Gentebra,799,127,Club Fighting
473,Czin czi,Elite Knight,Antica,901,127,Club Fighting
473,Damiana Bonitao,Elite Knight,Havera,556,127,Club Fighting
473,Dark Kena,Elite Knight,Secura,902,127,Club Fighting
473,Dethium,Elite Knight,Gentebra,582,127,Club Fighting
473,Drell Haggor,Elite Knight,Nefera,355,127,Club Fighting
473,Ek Lacrita,Elite Knight,Celesta,941,127,Club Fighting
473,Ek Troyer,Elite Knight,Quelibra,306,127,Club Fighting
473,Ekai,Knight,Monza,40,127,Club Fighting
473,Ekmarada,Elite Knight,Kalibra,1164,127,Club Fighting
473,Enzev,Knight,Astera,430,127,Club Fighting
473,Facttory,Knight,Ferobra,556,127,Club Fighting
473,Fake Neri,Elite Knight,Ustebra,1331,127,Club Fighting
473,Felipinho Shocknelas,Elite Knight,Unebra,1396,127,Club Fighting
473,Fiend Tokes,Elite Knight,Nefera,948,127,Club Fighting
473,Fllamengo,Elite Knight,Serdebra,620,127,Club Fighting
473,For Her Sake,Elite Knight,Refugia,729,127,Club Fighting
473,Galfon,Elite Knight,Celesta,1154,127,Club Fighting
473,Galganek,Elite Knight,Pacera,615,127,Club Fighting
473,Gisi ek,Elite Knight,Dia,935,127,Club Fighting
473,Grammatico,Elite Knight,Gladera,451,127,Club Fighting
473,Gronda rok,Elite Knight,Monza,553,127,Club Fighting
473,Gu Too,Elite Knight,Honbra,1031,127,Club Fighting
473,Hedur,Elite Knight,Antica,70,127,Club Fighting
473,Heliost,Elite Knight,Ustebra,1078,127,Club Fighting
473,Hispano clubgod,Elite Knight,Calmera,884,127,Club Fighting
473,Hugueraxx,Elite Knight,Kalibra,545,127,Club Fighting
473,Hyudi,Elite Knight,Belobra,849,127,Club Fighting
473,Imkamil,Elite Knight,Thyria,983,127,Club Fighting
473,Iruz,Elite Knight,Antica,1394,127,Club Fighting
473,Isah Artor,Knight,Menera,8,127,Club Fighting
473,Itz Naz,Elite Knight,Nefera,857,127,Club Fighting
473,Itz Szympans,Elite Knight,Bona,130,127,Club Fighting
473,Itz Triplex,Elite Knight,Gladera,878,127,Club Fighting
473,Jaade doic krowy,Knight,Monza,502,127,Club Fighting
473,Jellowy,Elite Knight,Vunira,964,127,Club Fighting
473,Jimski,Elite Knight,Bona,344,127,Club Fighting
473,Joker Paranoia,Elite Knight,Belobra,587,127,Club Fighting
473,Jonas Teu Personal,Elite Knight,Ourobra,880,127,Club Fighting
473,Jorpointy,Elite Knight,Bona,252,127,Club Fighting
473,Jouster,Elite Knight,Xyla,419,127,Club Fighting
473,Kakuzaiy,Elite Knight,Solidera,923,127,Club Fighting
473,Kali kara,Elite Knight,Wintera,905,127,Club Fighting
473,Kang Hur,Elite Knight,Antica,611,127,Club Fighting
473,Kapec Luji,Elite Knight,Harmonia,1076,127,Club Fighting
473,Kayyzinho,Elite Knight,Havera,942,127,Club Fighting
473,Kilgor Crumple,Elite Knight,Luminera,220,127,Club Fighting
473,Kinobal,Elite Knight,Oceanis,1722,127,Club Fighting
473,Kittyqueen,Elite Knight,Celesta,1133,127,Club Fighting
473,Klubbe,Elite Knight,Bona,664,127,Club Fighting
473,Knight Forsale,Elite Knight,Ourobra,1471,127,Club Fighting
473,Kodais Annihilator,Elite Knight,Quelibra,925,127,Club Fighting
473,Kratoz Dragon,Elite Knight,Havera,1147,127,Club Fighting
473,Kyosol,Elite Knight,Pacera,676,127,Club Fighting
473,Lairufek,Elite Knight,Yonabra,1059,127,Club Fighting
473,Le do,Elite Knight,Yonabra,1128,127,Club Fighting
473,Lipez El Brabo,Elite Knight,Ourobra,1148,127,Club Fighting
473,Lootboxx,Elite Knight,Yovera,765,127,Club Fighting
473,Lord Nichols,Elite Knight,Havera,1096,127,Club Fighting
473,Lordd Artorias,Elite Knight,Thyria,882,127,Club Fighting
473,Lua de cristtal,Elite Knight,Gentebra,496,127,Club Fighting
473,Lukas Ownss,Elite Knight,Tornabra,1023,127,Club Fighting
473,Lynze,Elite Knight,Nefera,587,127,Club Fighting
473,Maezona,Elite Knight,Calmera,426,127,Club Fighting
473,Majkorz,Elite Knight,Thyria,685,127,Club Fighting
473,Matt Hazeres,Elite Knight,Bona,791,127,Club Fighting
473,Milequinhentos,Knight,Peloria,38,127,Club Fighting
473,Mischaiki,Elite Knight,Belobra,763,127,Club Fighting
473,Moi'of Hell,Elite Knight,Wintera,1063,127,Club Fighting
473,Mutilinha Underdog,Elite Knight,Rasteibra,1344,127,Club Fighting
473,Naughty Dudu,Elite Knight,Secura,772,127,Club Fighting
473,Nieustraszony Kamil,Elite Knight,Karmeya,1030,127,Club Fighting
473,Niirsu,Elite Knight,Ustebra,1307,127,Club Fighting
473,Nika Pefisa,Elite Knight,Premia,400,127,Club Fighting
473,Ninja Godwar,Elite Knight,Thyria,529,127,Club Fighting
473,Not Kouper,Elite Knight,Thyria,798,127,Club Fighting
473,Oswi Vanito,Elite Knight,Yonabra,437,127,Club Fighting
473,Ouries,Elite Knight,Harmonia,903,127,Club Fighting
473,Peacefield,Elite Knight,Pacera,854,127,Club Fighting
473,Pepe Elpollo,Elite Knight,Quidera,689,127,Club Fighting
473,Piiloto Bighead,Elite Knight,Etebra,1234,127,Club Fighting
473,Pinkys,Elite Knight,Yubra,750,127,Club Fighting
473,Porr Danne,Elite Knight,Zuna,95,127,Club Fighting
473,Psiaapsia,Elite Knight,Peloria,1151,127,Club Fighting
473,Pumbusiek,Elite Knight,Secura,626,127,Club Fighting
473,Pyrkaa,Elite Knight,Jadebra,975,127,Club Fighting
473,Queen Dull,Elite Knight,Zuna,683,127,Club Fighting
473,Ras Roo,Elite Knight,Serdebra,132,127,Club Fighting
473,Rebel Love,Elite Knight,Descubra,711,127,Club Fighting
473,Rhyn Strius,Elite Knight,Pacera,1020,127,Club Fighting
473,Royal Skorbuto,Knight,Lobera,33,127,Club Fighting
473,Ryu Kasinaki,Elite Knight,Astera,243,127,Club Fighting
473,Salox De'Sade,Elite Knight,Menera,364,127,Club Fighting
473,Sekax,Elite Knight,Celesta,802,127,Club Fighting
473,Seleskva Zedrin,Elite Knight,Ourobra,1613,127,Club Fighting
473,Servent of the nameless,Elite Knight,Wintera,321,127,Club Fighting
473,Showmech,Elite Knight,Solidera,973,127,Club Fighting
473,Take the Juicer,Elite Knight,Kalanta,1136,127,Club Fighting
473,Tapherial Ruprecht,Elite Knight,Harmonia,68,127,Club Fighting
473,Testarudo,Elite Knight,Pacera,887,127,Club Fighting
473,Thor Dust,Knight,Yovera,15,127,Club Fighting
473,Thoria Elite,Elite Knight,Bona,324,127,Club Fighting
473,Thrun,Elite Knight,Menera,505,127,Club Fighting
473,Thunder Hammer,Elite Knight,Ferobra,850,127,Club Fighting
473,Ticalah,Elite Knight,Quintera,326,127,Club Fighting
473,Tolldito,Elite Knight,Menera,1005,127,Club Fighting
473,Twiiks,Elite Knight,Refugia,1167,127,Club Fighting
473,Tyna Teon,Elite Knight,Pacera,105,127,Club Fighting
473,Tytan from Celesta,Elite Knight,Celesta,1175,127,Club Fighting
473,Van Paraiba,Elite Knight,Inabra,948,127,Club Fighting
473,Vandrinho,Elite Knight,Collabra,1082,127,Club Fighting
473,Vince Chanersiete,Elite Knight,Quidera,1185,127,Club Fighting
473,Visorku,Elite Knight,Lobera,345,127,Club Fighting
473,Xenia,Elite Knight,Nevia,769,127,Club Fighting
473,Zek ek Bombinha,Elite Knight,Solidera,1347,127,Club Fighting
473,Zibiarra,Elite Knight,Zuna,258,127,Club Fighting
473,Ziwan Modidri,Elite Knight,Astera,1435,127,Club Fighting
473,Zodd Nosferatu,Elite Knight,Zunera,62,127,Club Fighting
473,Zoo Milka,Elite Knight,Antica,158,127,Club Fighting
614,Aavus Loth,Elite Knight,Rasteibra,1030,126,Club Fighting
614,Aazn,Elite Knight,Secura,754,126,Club Fighting
614,Abrams Lous,Elite Knight,Antica,781,126,Club Fighting
614,Ad er,Elite Knight,Gentebra,700,126,Club Fighting
614,Aeridix,Elite Knight,Ferobra,550,126,Club Fighting
614,Aika Zepic,Elite Knight,Vunira,27,126,Club Fighting
614,Alebaba,Elite Knight,Lobera,462,126,Club Fighting
614,Aner Elot,Elite Knight,Talera,961,126,Club Fighting
614,Archemorus,Elite Knight,Lobera,1020,126,Club Fighting
614,Arto Tethar,Elite Knight,Premia,458,126,Club Fighting
614,Baruch Sagdijew,Elite Knight,Secura,558,126,Club Fighting
614,Berlin Soul,Elite Knight,Quintera,963,126,Club Fighting
614,Big Hussein,Elite Knight,Thyria,1215,126,Club Fighting
614,Bollzocko,Elite Knight,Firmera,938,126,Club Fighting
614,Bouncer,Elite Knight,Wintera,868,126,Club Fighting
614,Cajlaa,Elite Knight,Thyria,818,126,Club Fighting
614,Cerknight,Elite Knight,Menera,150,126,Club Fighting
614,Ciajes,Elite Knight,Nevia,903,126,Club Fighting
614,Club Boro,Elite Knight,Descubra,1137,126,Club Fighting
614,Club Fan Kina,Elite Knight,Talera,917,126,Club Fighting
614,Corrupted Aly,Elite Knight,Solidera,969,126,Club Fighting
614,Crawling,Elite Knight,Nefera,962,126,Club Fighting
614,Criford,Elite Knight,Celesta,81,126,Club Fighting
614,Crysita,Elite Knight,Antica,783,126,Club Fighting
614,Daregul,Elite Knight,Vunira,247,126,Club Fighting
614,Daring Rage,Elite Knight,Belobra,487,126,Club Fighting
614,Dark Sugueu,Knight,Bona,648,126,Club Fighting
614,Darth Dain,Elite Knight,Belobra,1152,126,Club Fighting
614,Dendoo Montana,Elite Knight,Ferobra,516,126,Club Fighting
614,Derie Gabrelsla,Elite Knight,Yonabra,518,126,Club Fighting
614,Devilziin,Elite Knight,Etebra,1141,126,Club Fighting
614,Dgod,Elite Knight,Harmonia,526,126,Club Fighting
614,Dixy Ded,Elite Knight,Yonabra,1112,126,Club Fighting
614,Do Hats,Elite Knight,Astera,643,126,Club Fighting
614,Don Boro,Elite Knight,Refugia,875,126,Club Fighting
614,Don Victtor Millonetta,Elite Knight,Xymera,1454,126,Club Fighting
614,Draugveil,Elite Knight,Issobra,761,126,Club Fighting
614,Ek Leyann,Elite Knight,Tornabra,1222,126,Club Fighting
614,Eldor Doria,Elite Knight,Honbra,738,126,Club Fighting
614,Elen Voon,Elite Knight,Inabra,808,126,Club Fighting
614,Eleoce Old Town,Elite Knight,Wintera,378,126,Club Fighting
614,Elithiels housekeeper,Knight,Secura,9,126,Club Fighting
614,Elmoyt,Elite Knight,Firmera,649,126,Club Fighting
614,Elvathon Sert,Elite Knight,Monza,50,126,Club Fighting
614,Eskab,Elite Knight,Ourobra,725,126,Club Fighting
614,Exchelsious,Elite Knight,Celesta,885,126,Club Fighting
614,Fiddy Nikez,Elite Knight,Vunira,737,126,Club Fighting
614,Filthy Bacon,Elite Knight,Quidera,1272,126,Club Fighting
614,Firemanz,Elite Knight,Kalibra,631,126,Club Fighting
614,Freezing Hammer,Elite Knight,Astera,1414,126,Club Fighting
614,Freja Ahs,Elite Knight,Karmeya,355,126,Club Fighting
614,Fyna Knight,Elite Knight,Ferobra,445,126,Club Fighting
614,Galyx Valuquoron,Elite Knight,Gentebra,456,126,Club Fighting
614,Great Club,Elite Knight,Pacera,420,126,Club Fighting
614,Griffindor Knight,Elite Knight,Oceanis,78,126,Club Fighting
614,Grizo,Elite Knight,Pacera,636,126,Club Fighting
614,Hofmann Triper,Elite Knight,Belobra,124,126,Club Fighting
614,Hunter the Calmeran,Knight,Calmera,13,126,Club Fighting
614,Husio,Elite Knight,Premia,1089,126,Club Fighting
614,Infernal Josias,Elite Knight,Pacera,478,126,Club Fighting
614,Infestissu Diaabo,Elite Knight,Descubra,1492,126,Club Fighting
614,Iscarllot,Elite Knight,Celesta,796,126,Club Fighting
614,Jdsnake Redeyes,Elite Knight,Talera,1049,126,Club Fighting
614,Johny Beliking,Elite Knight,Gladera,543,126,Club Fighting
614,Juggerzilla,Elite Knight,Menera,272,126,Club Fighting
614,Kaldox,Elite Knight,Nefera,982,126,Club Fighting
614,Kamolly,Elite Knight,Quelibra,1134,126,Club Fighting
614,Kasselstrand,Elite Knight,Celesta,691,126,Club Fighting
614,Katarion,Elite Knight,Luminera,1063,126,Club Fighting
614,Khaldrax,Elite Knight,Venebra,845,126,Club Fighting
614,King Gordin,Elite Knight,Nefera,1177,126,Club Fighting
614,King Marcus,Elite Knight,Monza,721,126,Club Fighting
614,Knighttripper,Elite Knight,Astera,189,126,Club Fighting
614,Krobato,Elite Knight,Menera,645,126,Club Fighting
614,Krwiopalczasty,Elite Knight,Quintera,616,126,Club Fighting
614,Krysio,Elite Knight,Thyria,806,126,Club Fighting
614,Ksu,Knight,Belobra,541,126,Club Fighting
614,Kuzon,Elite Knight,Vunira,480,126,Club Fighting
614,Kwiateek Dezerter,Elite Knight,Vunira,1056,126,Club Fighting
614,Lakomczuch,Elite Knight,Pacera,822,126,Club Fighting
614,Legendarny Borowik,Elite Knight,Secura,953,126,Club Fighting
614,Leona Kenia,Elite Knight,Celesta,197,126,Club Fighting
614,Leonidas Knight,Elite Knight,Luminera,174,126,Club Fighting
614,Levok The Awesome,Knight,Premia,9,126,Club Fighting
614,Linda'inluv,Elite Knight,Ferobra,854,126,Club Fighting
614,Lord Goodmen,Elite Knight,Peloria,292,126,Club Fighting
614,Lovens,Elite Knight,Secura,1079,126,Club Fighting
614,Lula Petit,Elite Knight,Solidera,733,126,Club Fighting
614,Luztan,Elite Knight,Calmera,1276,126,Club Fighting
614,Madam Huroncita,Elite Knight,Celesta,157,126,Club Fighting
614,Maenith,Knight,Zuna,13,126,Club Fighting
614,Maksyym,Knight,Secura,847,126,Club Fighting
614,Mallpa,Elite Knight,Celesta,767,126,Club Fighting
614,Marretada de Leve,Elite Knight,Yonabra,1135,126,Club Fighting
614,Matador Lda,Elite Knight,Quintera,803,126,Club Fighting
614,Matheus,Elite Knight,Gladera,47,126,Club Fighting
614,Mell Maya,Elite Knight,Ferobra,414,126,Club Fighting
614,Mentum,Elite Knight,Celebra,1029,126,Club Fighting
614,Miguep,Elite Knight,Yovera,820,126,Club Fighting
614,Mini Gladiator,Knight,Nevia,10,126,Club Fighting
614,Modiel Adia,Elite Knight,Lobera,195,126,Club Fighting
614,Monsterise,Elite Knight,Ombra,1315,126,Club Fighting
614,Moodzior,Elite Knight,Nevia,1086,126,Club Fighting
614,Moon Jern,Elite Knight,Harmonia,306,126,Club Fighting
614,Mroczny Zadek,Elite Knight,Antica,80,126,Club Fighting
614,Nathyn Nightshade,Elite Knight,Peloria,110,126,Club Fighting
614,Nickaplz,Knight,Solidera,36,126,Club Fighting
614,Niitts,Elite Knight,Nefera,722,126,Club Fighting
614,Nirott Prodigy,Elite Knight,Issobra,606,126,Club Fighting
614,Omjagvaren,Elite Knight,Monza,625,126,Club Fighting
614,Osadniczek,Elite Knight,Harmonia,774,126,Club Fighting
614,Paima,Elite Knight,Firmera,704,126,Club Fighting
614,Pan Kier,Knight,Antica,591,126,Club Fighting
614,Pantes,Elite Knight,Astera,677,126,Club Fighting
614,Paspan,Elite Knight,Premia,114,126,Club Fighting
614,Paty Terak,Elite Knight,Pacera,273,126,Club Fighting
614,Pawelkus Kornes,Knight,Harmonia,10,126,Club Fighting
614,Pomson,Elite Knight,Zuna,67,126,Club Fighting
614,Poseidon Beoni,Elite Knight,Belobra,186,126,Club Fighting
614,Rift Mercenary,Elite Knight,Nefera,966,126,Club Fighting
614,Roneysz,Elite Knight,Kalibra,1259,126,Club Fighting
614,Ronnie Tezcapliploca,Elite Knight,Thyria,422,126,Club Fighting
614,Roorschach,Elite Knight,Inabra,1012,126,Club Fighting
614,Ryu the figther,Elite Knight,Karmeya,857,126,Club Fighting
614,Rzabba Ojcze,Elite Knight,Bona,970,126,Club Fighting
614,Sapu'Veiu,Elite Knight,Nefera,808,126,Club Fighting
614,Sarlene,Elite Knight,Antica,455,126,Club Fighting
614,Saulix,Elite Knight,Yonabra,1088,126,Club Fighting
614,Saycheese,Elite Knight,Bona,729,126,Club Fighting
614,Sharkman lord,Elite Knight,Solidera,679,126,Club Fighting
614,Shun of cozumel,Elite Knight,Lobera,619,126,Club Fighting
614,Siberion,Elite Knight,Premia,1534,126,Club Fighting
614,Sir Bemloko,Elite Knight,Calmera,961,126,Club Fighting
614,Sir Knur,Knight,Zuna,46,126,Club Fighting
614,Sir Master Slayer,Knight,Lobera,11,126,Club Fighting
614,Sir Wesz,Elite Knight,Lutabra,481,126,Club Fighting
614,Skull Lyon,Elite Knight,Gentebra,797,126,Club Fighting
614,Small Inconvenience,Elite Knight,Nevia,1012,126,Club Fighting
614,Snitrana Mix,Knight,Gentebra,660,126,Club Fighting
614,Soul Volta,Elite Knight,Astera,130,126,Club Fighting
614,Sprytny Spryciarz,Knight,Vunira,8,126,Club Fighting
614,Stellaa,Elite Knight,Lobera,490,126,Club Fighting
614,Sterling-Knight,Elite Knight,Astera,667,126,Club Fighting
614,Stor Dyth,Elite Knight,Gladera,182,126,Club Fighting
614,Tavinho Tanker,Elite Knight,Ombra,940,126,Club Fighting
614,Tawyrl,Knight,Kalibra,15,126,Club Fighting
614,Teenage Clubber,Elite Knight,Belobra,525,126,Club Fighting
614,Tharsonius von Bethana,Elite Knight,Secura,166,126,Club Fighting
614,The Favaro,Elite Knight,Etebra,944,126,Club Fighting
614,The Jones,Elite Knight,Quelibra,877,126,Club Fighting
614,Thiaguinho Cesar,Knight,Etebra,16,126,Club Fighting
614,Thor Pogromca Chaosu,Elite Knight,Secura,672,126,Club Fighting
614,Tobii,Elite Knight,Thyria,1093,126,Club Fighting
614,Toxic Leo,Elite Knight,Nevia,655,126,Club Fighting
614,Trublewoman,Elite Knight,Gentebra,52,126,Club Fighting
614,Txuguito,Elite Knight,Descubra,328,126,Club Fighting
614,Tyo Dash,Elite Knight,Ferobra,997,126,Club Fighting
614,Vadal,Elite Knight,Premia,995,126,Club Fighting
614,Vaughn Benjamin,Elite Knight,Luminera,769,126,Club Fighting
614,Vlladimir,Elite Knight,Vunira,794,126,Club Fighting
614,Xavequeiro,Knight,Monza,72,126,Club Fighting
614,Xela Caderco,Knight,Celesta,338,126,Club Fighting
614,Xenos,Elite Knight,Antica,130,126,Club Fighting
614,Yokkozuna,Elite Knight,Astera,430,126,Club Fighting
614,Zabujca Uhuw,Knight,Harmonia,45,126,Club Fighting
614,Zaharsky,Knight,Harmonia,500,126,Club Fighting
614,Zandy with lasers,Elite Knight,Celebra,1077,126,Club Fighting
614,Zwex,Elite Knight,Celesta,100,126,Club Fighting
782,Akaziita,Elite Knight,Bona,845,125,Club Fighting
782,Aldesi,Elite Knight,Thyria,619,125,Club Fighting
782,Aledel,Elite Knight,Secura,871,125,Club Fighting
782,Allezinho Mau Carater,Elite Knight,Inabra,747,125,Club Fighting
782,Alow,Elite Knight,Luminera,651,125,Club Fighting
782,Amazing Tank,Knight,Monza,8,125,Club Fighting
782,Ancient The Warrior,Elite Knight,Refugia,240,125,Club Fighting
782,Andipandy,Elite Knight,Havera,621,125,Club Fighting
782,Angel Lokito,Elite Knight,Nefera,97,125,Club Fighting
782,Angel de Amorr,Elite Knight,Nefera,257,125,Club Fighting
782,Aram Ever,Elite Knight,Monza,981,125,Club Fighting
782,Arg Giinger,Elite Knight,Nevia,890,125,Club Fighting
782,Arthur Bonecrusher,Elite Knight,Descubra,51,125,Club Fighting
782,Ascanamo,Elite Knight,Bona,1030,125,Club Fighting
782,Avelio,Elite Knight,Belobra,371,125,Club Fighting
782,Azzerus Pogromca,Elite Knight,Secura,954,125,Club Fighting
782,Bazylionek,Elite Knight,Dia,1225,125,Club Fighting
782,Birhof,Elite Knight,Xyla,845,125,Club Fighting
782,Bjorn Leo,Elite Knight,Serdebra,515,125,Club Fighting
782,Blaze Prime,Elite Knight,Quidera,1338,125,Club Fighting
782,Bombom de Uva,Elite Knight,Belobra,84,125,Club Fighting
782,Bomin Kenil,Elite Knight,Thyria,605,125,Club Fighting
782,Booce,Elite Knight,Oceanis,886,125,Club Fighting
782,Braian,Knight,Quelibra,801,125,Club Fighting
782,Briseids,Elite Knight,Celebra,769,125,Club Fighting
782,Brovven,Elite Knight,Secura,931,125,Club Fighting
782,Bruno Batman,Elite Knight,Lobera,785,125,Club Fighting
782,Bushiii,Elite Knight,Belobra,952,125,Club Fighting
782,Buwr,Elite Knight,Menera,862,125,Club Fighting
782,Bwosamdi,Elite Knight,Peloria,799,125,Club Fighting
782,Capitain Davy Jones,Elite Knight,Bona,348,125,Club Fighting
782,Cerom,Elite Knight,Talera,653,125,Club Fighting
782,Chris Ekbombinha,Elite Knight,Ombra,1380,125,Club Fighting
782,Chris Subownerdo Gbe,Elite Knight,Ombra,1878,125,Club Fighting
782,Chuderlak,Elite Knight,Vunira,1152,125,Club Fighting
782,Clubens,Elite Knight,Luminera,426,125,Club Fighting
782,Comandante Mclovin,Elite Knight,Menera,754,125,Club Fighting
782,Cosmo Renegado,Elite Knight,Pacera,763,125,Club Fighting
782,Czupakabras,Elite Knight,Celesta,40,125,Club Fighting
782,Dahaka,Elite Knight,Etebra,606,125,Club Fighting
782,Daniel San,Elite Knight,Bona,720,125,Club Fighting
782,Darpus,Elite Knight,Monza,110,125,Club Fighting
782,Dede Magnata,Elite Knight,Ourobra,1524,125,Club Fighting
782,Dela Wino,Elite Knight,Talera,428,125,Club Fighting
782,Demon Eye,Elite Knight,Gladera,48,125,Club Fighting
782,Deviced,Elite Knight,Celesta,688,125,Club Fighting
782,Dhan Vanas,Elite Knight,Ustebra,1535,125,Club Fighting
782,Ditox,Elite Knight,Xyla,1093,125,Club Fighting
782,Dog in Pain,Elite Knight,Bona,110,125,Club Fighting
782,Dolna Szczena,Knight,Monza,8,125,Club Fighting
782,Don Aston,Elite Knight,Pacera,930,125,Club Fighting
782,Don Primalek,Elite Knight,Karmeya,878,125,Club Fighting
782,Don Zangarron,Elite Knight,Thyria,64,125,Club Fighting
782,Donkyh,Elite Knight,Quintera,950,125,Club Fighting
782,Doon Wizzo,Knight,Monza,12,125,Club Fighting
782,Dracken,Elite Knight,Yovera,790,125,Club Fighting
782,Dukinha,Elite Knight,Gladera,726,125,Club Fighting
782,Edival Kina,Elite Knight,Nefera,65,125,Club Fighting
782,Edson Junior,Elite Knight,Honbra,1115,125,Club Fighting
782,El Diez,Elite Knight,Solidera,902,125,Club Fighting
782,Elite Hiate,Knight,Quelibra,1005,125,Club Fighting
782,Eliza Skylight,Elite Knight,Quintera,267,125,Club Fighting
782,Engreido,Elite Knight,Nefera,1051,125,Club Fighting
782,Epikurr,Elite Knight,Bona,734,125,Club Fighting
782,Errahnte,Elite Knight,Jadebra,1210,125,Club Fighting
782,Estefan,Elite Knight,Peloria,707,125,Club Fighting
782,Etrom of Fortera,Elite Knight,Ferobra,1038,125,Club Fighting
782,Fell My Mace,Elite Knight,Belobra,911,125,Club Fighting
782,Fetts,Elite Knight,Havera,1075,125,Club Fighting
782,Freccariossa,Elite Knight,Vunira,254,125,Club Fighting
782,Fubiek,Elite Knight,Nefera,1105,125,Club Fighting
782,Fus Evil,Elite Knight,Kalibra,896,125,Club Fighting
782,Fuzzy Dogmal,Elite Knight,Honbra,1133,125,Club Fighting
782,Galego Tank,Elite Knight,Venebra,944,125,Club Fighting
782,Gdzie Lukasz,Elite Knight,Bona,960,125,Club Fighting
782,Ghosstman,Elite Knight,Pacera,1010,125,Club Fighting
782,Gijet,Elite Knight,Kalibra,108,125,Club Fighting
782,Goonch,Elite Knight,Lobera,597,125,Club Fighting
782,Goyosensei,Elite Knight,Solidera,439,125,Club Fighting
782,Grav Basher,Elite Knight,Solidera,650,125,Club Fighting
782,Hades Overdrive,Elite Knight,Wintera,722,125,Club Fighting
782,Hammers And Roses,Elite Knight,Thyria,805,125,Club Fighting
782,Hellwey,Elite Knight,Nefera,166,125,Club Fighting
782,Hexowaty Tyski,Elite Knight,Bona,699,125,Club Fighting
782,Holurek,Elite Knight,Vunira,60,125,Club Fighting
782,Hugez,Elite Knight,Celebra,782,125,Club Fighting
782,Itz Pepe,Elite Knight,Nefera,1358,125,Club Fighting
782,Jaja Kup,Elite Knight,Antica,665,125,Club Fighting
782,Jamonsz,Elite Knight,Solidera,1000,125,Club Fighting
782,Jan Student,Elite Knight,Wintera,91,125,Club Fighting
782,Jay Assassin,Elite Knight,Nevia,1365,125,Club Fighting
782,Jordan Style,Elite Knight,Solidera,834,125,Club Fighting
782,Jrlok Ek,Elite Knight,Antica,573,125,Club Fighting
782,Jury Boika,Knight,Zunera,61,125,Club Fighting
782,Kalifhamv,Elite Knight,Nefera,809,125,Club Fighting
782,Kanixian,Knight,Antica,868,125,Club Fighting
782,Kasuki,Elite Knight,Ombra,1184,125,Club Fighting
782,Kayozin Megazord,Elite Knight,Ourobra,964,125,Club Fighting
782,Kaziu Inter,Elite Knight,Antica,382,125,Club Fighting
782,Kedov,Elite Knight,Vunira,65,125,Club Fighting
782,King Ceola,Elite Knight,Monstera,935,125,Club Fighting
782,King Podolski,Elite Knight,Celebra,915,125,Club Fighting
782,King Volvolizard Lord,Elite Knight,Zuna,75,125,Club Fighting
782,Kluby,Elite Knight,Gladibra,347,125,Club Fighting
782,Knight Simbiotico,Elite Knight,Belobra,773,125,Club Fighting
782,Kord Slayer,Elite Knight,Calmera,1247,125,Club Fighting
782,Kozi Dreadful,Elite Knight,Astera,652,125,Club Fighting
782,Krishian,Elite Knight,Gentebra,811,125,Club Fighting
782,Kriten,Elite Knight,Lobera,746,125,Club Fighting
782,Lacxis,Elite Knight,Nefera,946,125,Club Fighting
782,Ladnar,Elite Knight,Menera,280,125,Club Fighting
782,Lady Entera Rika,Elite Knight,Nefera,168,125,Club Fighting
782,Lady Karrigan,Elite Knight,Gladera,186,125,Club Fighting
782,Lagertha Thorgard,Elite Knight,Astera,501,125,Club Fighting
782,Lanlan Daexplosao Tchakabum,Elite Knight,Inabra,1209,125,Club Fighting
782,Lassat,Elite Knight,Thyria,748,125,Club Fighting
782,Lebbluggen,Elite Knight,Peloria,528,125,Club Fighting
782,Lendario Banda Atlantiz,Elite Knight,Belobra,473,125,Club Fighting
782,Leorreia,Elite Knight,Gladera,744,125,Club Fighting
782,Leynamur Zlocisty,Knight,Secura,470,125,Club Fighting
782,Lil Veev,Elite Knight,Serdebra,763,125,Club Fighting
782,Limbo Hammer,Elite Knight,Luminera,619,125,Club Fighting
782,Lord Gifted,Elite Knight,Nefera,750,125,Club Fighting
782,Lord Koulth,Elite Knight,Gentebra,620,125,Club Fighting
782,Lord Marijntje,Elite Knight,Wintera,47,125,Club Fighting
782,Lord Sylca,Knight,Peloria,88,125,Club Fighting
782,Loveable Leader,Elite Knight,Nefera,1055,125,Club Fighting
782,Lucas Hills,Elite Knight,Calmera,100,125,Club Fighting
782,Luifer,Elite Knight,Quidera,1122,125,Club Fighting
782,Madjo,Elite Knight,Eclipta,1199,125,Club Fighting
782,Magariiaa,Elite Knight,Xyla,1168,125,Club Fighting
782,Marola brenfador,Elite Knight,Lobera,293,125,Club Fighting
782,Masterzin,Elite Knight,Calmera,1243,125,Club Fighting
782,Matzinio,Elite Knight,Secura,539,125,Club Fighting
782,Mecoo,Elite Knight,Harmonia,243,125,Club Fighting
782,Meendigao,Elite Knight,Venebra,1371,125,Club Fighting
782,Mell Beoni,Knight,Monza,63,125,Club Fighting
782,Micchi,Elite Knight,Bona,835,125,Club Fighting
782,Michi Behemoth,Elite Knight,Astera,654,125,Club Fighting
782,Mikotzu,Elite Knight,Secura,1139,125,Club Fighting
782,Millie the Cav,Elite Knight,Astera,560,125,Club Fighting
782,Mlody Bambik,Elite Knight,Kalanta,850,125,Club Fighting
782,Modoreczek Waleczny,Elite Knight,Karmeya,1294,125,Club Fighting
782,Mohamed-Medo,Elite Knight,Calmera,706,125,Club Fighting
782,Morfiious,Elite Knight,Epoca,646,125,Club Fighting
782,My Blessing,Elite Knight,Secura,1128,125,Club Fighting
782,Myamore,Elite Knight,Celebra,232,125,Club Fighting
782,Naruto Hogake,Elite Knight,Quintera,1015,125,Club Fighting
782,Necrux,Elite Knight,Astera,855,125,Club Fighting
782,Nieheeteero,Knight,Monza,21,125,Club Fighting
782,Ninja Chyy,Elite Knight,Quidera,755,125,Club Fighting
782,Niun Sio,Elite Knight,Nefera,1106,125,Club Fighting
782,Nydraina Pous,Elite Knight,Calmera,183,125,Club Fighting
782,Odisseu,Elite Knight,Pacera,150,125,Club Fighting
782,Olimpox Steelx,Elite Knight,Nefera,851,125,Club Fighting
782,Onix the spy,Elite Knight,Calmera,104,125,Club Fighting
782,Onssa,Elite Knight,Wintera,497,125,Club Fighting
782,Orelhudo Fowl,Elite Knight,Belobra,749,125,Club Fighting
782,Owlinage,Elite Knight,Secura,820,125,Club Fighting
782,Ozzy Potyz,Elite Knight,Inabra,1132,125,Club Fighting
782,Palka Typu Tonfa,Elite Knight,Celebra,1077,125,Club Fighting
782,Papertank,Elite Knight,Belobra,1088,125,Club Fighting
782,Papii Rakz,Knight,Firmera,693,125,Club Fighting
782,Pelinal Whitestrake,Elite Knight,Serdebra,666,125,Club Fighting
782,Potozino,Elite Knight,Luminera,758,125,Club Fighting
782,Princesa Samantha,Elite Knight,Pacera,389,125,Club Fighting
782,Professor Ragnar,Elite Knight,Antica,704,125,Club Fighting
782,Projektt,Elite Knight,Kalibra,1305,125,Club Fighting
782,Puran Zim,Elite Knight,Venebra,1153,125,Club Fighting
782,Qobu,Elite Knight,Wintera,746,125,Club Fighting
782,Reyyes,Elite Knight,Secura,812,125,Club Fighting
782,Reyzao,Knight,Harmonia,854,125,Club Fighting
782,Rodriguinsz,Elite Knight,Jadebra,1325,125,Club Fighting
782,Rolanupo,Elite Knight,Antica,166,125,Club Fighting
782,Roy On Purple,Elite Knight,Honbra,969,125,Club Fighting
782,Sakura Teste,Elite Knight,Monza,419,125,Club Fighting
782,Sarabam Biche,Elite Knight,Talera,847,125,Club Fighting
782,Sarana Doom,Knight,Peloria,864,125,Club Fighting
782,Shacas Luron,Elite Knight,Vunira,363,125,Club Fighting
782,Shoaxy,Elite Knight,Refugia,619,125,Club Fighting
782,Sir Fors,Elite Knight,Peloria,350,125,Club Fighting
782,Sir Swirusek,Elite Knight,Vunira,935,125,Club Fighting
782,Skarmeleon,Elite Knight,Quidera,1069,125,Club Fighting
782,Smajk Dla Jego,Elite Knight,Ustebra,1196,125,Club Fighting
782,Smakosz Ciasteczek,Elite Knight,Retalia,229,125,Club Fighting
782,Smokeyek,Elite Knight,Harmonia,891,125,Club Fighting
782,Solomon Grundy,Elite Knight,Antica,367,125,Club Fighting
782,Stratigy Master,Elite Knight,Wintera,440,125,Club Fighting
782,Super Hobomatic,Elite Knight,Vunira,322,125,Club Fighting
782,Super Warrior Bros,Elite Knight,Nefera,538,125,Club Fighting
782,Swaat Kamus,Elite Knight,Yovera,911,125,Club Fighting
782,Swiesh,Elite Knight,Gladera,331,125,Club Fighting
782,Sycs,Knight,Nefera,701,125,Club Fighting
782,Sylaa,Elite Knight,Harmonia,105,125,Club Fighting
782,Talito Knight,Knight,Quintera,25,125,Club Fighting
782,Tamtumtim,Elite Knight,Celesta,768,125,Club Fighting
782,Tankmaw,Elite Knight,Zunera,1500,125,Club Fighting
782,Tankov,Elite Knight,Quelibra,944,125,Club Fighting
782,Tataul,Elite Knight,Inabra,868,125,Club Fighting
782,Tatuzito Full Pve,Elite Knight,Collabra,978,125,Club Fighting
782,Ten Oto Pan,Elite Knight,Bona,69,125,Club Fighting
782,Teuxd,Elite Knight,Tornabra,1272,125,Club Fighting
782,The Nyghtmare,Elite Knight,Astera,1001,125,Club Fighting
782,Thubiz,Elite Knight,Yonabra,420,125,Club Fighting
782,Tikespit,Elite Knight,Gladera,868,125,Club Fighting
782,Tinkaton,Elite Knight,Nefera,583,125,Club Fighting
782,Titi Iriss,Elite Knight,Secura,461,125,Club Fighting
782,Tony Top,Elite Knight,Solidera,931,125,Club Fighting
782,Topclubb,Knight,Antica,528,125,Club Fighting
782,Tracigo Kuwa Bezapelacyjnie,Elite Knight,Antica,117,125,Club Fighting
782,Tred Wood,Elite Knight,Zunera,38,125,Club Fighting
782,Tucano Skylight,Elite Knight,Gladera,150,125,Club Fighting
782,Tutadorix,Elite Knight,Celesta,802,125,Club Fighting
782,Unbekannter Krieger,Elite Knight,Secura,274,125,Club Fighting
782,Vcte,Elite Knight,Yonabra,1163,125,Club Fighting
782,Vermeio do Dianho,Elite Knight,Lutabra,801,125,Club Fighting
782,Vicub,Elite Knight,Vunira,125,125,Club Fighting
782,Vifasa,Elite Knight,Oceanis,460,125,Club Fighting
782,Vitamean,Elite Knight,Xyla,221,125,Club Fighting
