Rank,Name,Vocation,World,Level,Score,Category
1,Goraca,Master Sorcerer,Bona,2925,"11,758",Drome Score
2,Hero Reis,Royal Paladin,Astera,2360,"11,728",Drome Score
3,Bobeek,Elder Druid,Bona,2928,"11,715",Drome Score
4,Ferangel,Royal Paladin,Bona,2553,"11,580",Drome Score
5,Smoothyz,Royal Paladin,Kalibra,2298,"11,455",Drome Score
6,Vitiinn,Royal Paladin,Belobra,2121,"11,342",Drome Score
7,Hiro Teensina,Elder Druid,Gentebra,2140,"11,265",Drome Score
8,Haarin,Elder Druid,Monza,1721,"11,264",Drome Score
9,Judge,Royal Paladin,Celebra,1908,"11,221",Drome Score
10,Xenge Teensina,Elite Knight,Gentebra,2102,"11,174",Drome Score
11,Likwidatorr,Elder Druid,Monza,1733,"11,163",Drome Score
12,Rayo,Royal Paladin,Gentebra,2399,"11,078",Drome Score
13,Szmuggy,Royal Paladin,Thyria,2097,"11,076",Drome Score
14,Syriz,Master Sorcerer,Thyria,2222,"11,040",Drome Score
15,Sage Baw,Elder Druid,Belobra,2168,"10,978",Drome Score
16,Warlord Leonny,Royal Paladin,Belobra,2747,"10,954",Drome Score
17,Marculino the Titan,Elite Knight,Kalibra,2389,"10,949",Drome Score
18,Darkz Leo,Master Sorcerer,Gentebra,1901,"10,896",Drome Score
19,Mirotth,Elite Knight,Belobra,2001,"10,869",Drome Score
20,Apex Pierre,Royal Paladin,Epoca,1883,"10,860",Drome Score
21,Rayzack,Master Sorcerer,Descubra,1790,"10,850",Drome Score
22,Ezudux,Royal Paladin,Gentebra,2050,"10,839",Drome Score
23,Ranny Zolnierz Elder,Master Sorcerer,Antica,2057,"10,819",Drome Score
24,Daso II,Royal Paladin,Antica,1624,"10,817",Drome Score
25,Teus,Master Sorcerer,Descubra,2583,"10,778",Drome Score
26,Al Meow,Royal Paladin,Thyria,1661,"10,720",Drome Score
27,Petalchaser,Royal Paladin,Nefera,1649,"10,710",Drome Score
28,Arinth,Elite Knight,Monza,2158,"10,667",Drome Score
29,Lecter,Elite Knight,Inabra,1930,"10,644",Drome Score
30,Fanas,Elder Druid,Lobera,1477,"10,627",Drome Score
31,Lady Tafuri,Elite Knight,Nefera,1854,"10,626",Drome Score
32,Exorinho,Elite Knight,Thyria,2016,"10,591",Drome Score
33,Eternal Ichigo Kurosaki,Elite Knight,Astera,1695,"10,570",Drome Score
34,Jaruga,Royal Paladin,Nevia,1552,"10,567",Drome Score
35,Almom,Elite Knight,Inabra,1907,"10,561",Drome Score
36,Velix,Elite Knight,Calmera,1662,"10,559",Drome Score
37,Octuous,Elder Druid,Lobera,1775,"10,555",Drome Score
38,Warlord Bread,Elder Druid,Belobra,2744,"10,539",Drome Score
39,Dillon Duenodefirmera,Elder Druid,Firmera,1956,"10,537",Drome Score
40,Uhaacz,Elder Druid,Karmeya,2381,"10,482",Drome Score
41,Ale Devasso,Royal Paladin,Collabra,1853,"10,474",Drome Score
42,Tomoho,Royal Paladin,Thyria,1724,"10,455",Drome Score
43,Piatka,Royal Paladin,Harmonia,1779,"10,442",Drome Score
44,Alphahorcrux,Elite Knight,Havera,1653,"10,412",Drome Score
45,Szimix,Elder Druid,Celesta,2601,"10,400",Drome Score
46,Angel Pro Damage,Elder Druid,Yonabra,2022,"10,390",Drome Score
47,Szechuan Sauce,Royal Paladin,Xyla,1381,"10,384",Drome Score
48,Kovacsz,Master Sorcerer,Belobra,1988,"10,371",Drome Score
49,Mo rgu,Elite Knight,Monza,2272,"10,369",Drome Score
50,Danan the shihan,Elite Knight,Quintera,1681,"10,367",Drome Score
51,Alpha Charly,Royal Paladin,Gentebra,2043,"10,366",Drome Score
51,Shounan,Master Sorcerer,Belobra,1977,"10,366",Drome Score
53,Baker Paladin,Royal Paladin,Pacera,1517,"10,346",Drome Score
54,Akkrilus,Royal Paladin,Celesta,963,"10,344",Drome Score
55,Special Frank,Elder Druid,Serdebra,1541,"10,334",Drome Score
56,Avarr,Royal Paladin,Premia,1478,"10,316",Drome Score
57,Rudi Paladean,Royal Paladin,Peloria,1641,"10,265",Drome Score
58,Judgementdays,Elder Druid,Calmera,2070,"10,255",Drome Score
59,Chinese Fighting,Elder Druid,Lobera,1266,"10,252",Drome Score
60,Vexcraw,Elite Knight,Jadebra,1754,"10,240",Drome Score
61,Caffeina Implacavel,Master Sorcerer,Kalibra,2381,"10,232",Drome Score
62,Padre Invierno,Elder Druid,Luminera,1826,"10,230",Drome Score
63,Aegoth Darko,Master Sorcerer,Havera,1388,"10,214",Drome Score
64,Nasty Kasper,Royal Paladin,Antica,1267,"10,212",Drome Score
64,Sabziro,Royal Paladin,Vunira,1609,"10,212",Drome Score
66,Kuubiq,Royal Paladin,Thyria,1996,"10,202",Drome Score
67,Sofi Nie,Elite Knight,Havera,1015,"10,200",Drome Score
68,Mokolokinho,Elder Druid,Belobra,1902,"10,168",Drome Score
69,Kharsek,Elite Knight,Gladera,1994,"10,134",Drome Score
70,Mendanha,Master Sorcerer,Belobra,1377,"10,130",Drome Score
71,Hermaan,Royal Paladin,Monza,1959,"10,117",Drome Score
72,Zezinho Eurofeer,Elite Knight,Ourobra,2044,"10,113",Drome Score
73,Licotur,Royal Paladin,Ombra,1463,"10,092",Drome Score
74,Skum Rayon,Royal Paladin,Luminera,1575,"10,084",Drome Score
75,Kronek,Royal Paladin,Firmera,1797,"10,067",Drome Score
76,Nozferato,Master Sorcerer,Quelibra,1550,"10,059",Drome Score
77,Lukas,Elder Druid,Inabra,1685,"10,018",Drome Score
78,Soiji,Elite Knight,Inabra,2080,"10,017",Drome Score
79,Caaok,Royal Paladin,Belobra,2126,"10,013",Drome Score
80,Nimue Lanuin,Elite Knight,Gentebra,1853,"9,994",Drome Score
81,Venoox,Royal Paladin,Celesta,2307,"9,981",Drome Score
82,Paperhouse,Elite Knight,Pacera,1584,"9,936",Drome Score
83,Guii,Elite Knight,Celebra,2431,"9,894",Drome Score
84,Radizao,Elite Knight,Collabra,2195,"9,878",Drome Score
85,Melxaar,Royal Paladin,Bona,1830,"9,854",Drome Score
86,Thor Fin Camisadez,Master Sorcerer,Honbra,1793,"9,840",Drome Score
87,Magiczny,Master Sorcerer,Refugia,2229,"9,836",Drome Score
88,Machado Purosangue,Elite Knight,Kalibra,1918,"9,834",Drome Score
89,Lady Venganza,Master Sorcerer,Calmera,1934,"9,822",Drome Score
90,Bullistic,Royal Paladin,Lobera,1404,"9,813",Drome Score
91,Fastshot,Royal Paladin,Refugia,2083,"9,810",Drome Score
92,Royal Kado,Royal Paladin,Secura,1264,"9,782",Drome Score
93,Altron Lijawyn,Elite Knight,Astera,1492,"9,748",Drome Score
94,Veyllor,Royal Paladin,Gentebra,2877,"9,742",Drome Score
95,Xivana,Elder Druid,Peloria,1575,"9,737",Drome Score
96,Kazikk,Elder Druid,Peloria,1654,"9,732",Drome Score
97,Stugaan,Elite Knight,Monstera,1389,"9,726",Drome Score
98,Dakota,Elite Knight,Blumera,1635,"9,698",Drome Score
99,Adomiro,Royal Paladin,Ferobra,1546,"9,688",Drome Score
100,Lemous Arargelf,Elder Druid,Quintera,1048,"9,648",Drome Score
101,Zwrot Podatku,Royal Paladin,Xyla,1136,"9,637",Drome Score
102,Theron guard,Royal Paladin,Astera,1319,"9,632",Drome Score
103,Gesiian,Elite Knight,Kalibra,1757,"9,625",Drome Score
104,Gugo Of Bolt,Royal Paladin,Astera,1513,"9,621",Drome Score
105,Myrkz,Royal Paladin,Lobera,1543,"9,616",Drome Score
106,Daniloz Corporation,Elder Druid,Issobra,2338,"9,610",Drome Score
107,Skunerx,Elite Knight,Belobra,1959,"9,605",Drome Score
108,Hulk Tacadordebolt,Royal Paladin,Venebra,2260,"9,602",Drome Score
109,Slayer Prowler,Royal Paladin,Menera,1188,"9,600",Drome Score
110,Antony Everdash,Royal Paladin,Quintera,1655,"9,599",Drome Score
111,Ja co,Elite Knight,Refugia,2108,"9,592",Drome Score
112,Sinsor,Royal Paladin,Vunira,1607,"9,576",Drome Score
113,Humble Victor,Elder Druid,Talera,1758,"9,561",Drome Score
114,King Infinytum,Elite Knight,Yonabra,2224,"9,560",Drome Score
115,Medicaux,Elder Druid,Celesta,2290,"9,538",Drome Score
116,Mirunga,Elder Druid,Antica,1704,"9,525",Drome Score
117,Arterossy,Royal Paladin,Thyria,1514,"9,518",Drome Score
118,Lord Marshals,Royal Paladin,Peloria,1639,"9,505",Drome Score
119,Admiiral Gwiezdnej Floty,Royal Paladin,Zuna,1177,"9,503",Drome Score
120,Druidek Mok,Elder Druid,Luminera,1509,"9,488",Drome Score
121,Josipano,Elite Knight,Inabra,1065,"9,482",Drome Score
122,Sir All Migth,Royal Paladin,Yovera,1838,"9,457",Drome Score
123,Lily Doll,Elite Knight,Quintera,1091,"9,452",Drome Score
124,Khilleron,Elite Knight,Refugia,1203,"9,447",Drome Score
125,Gakild,Royal Paladin,Yonabra,1630,"9,434",Drome Score
126,Flanbers Penn,Royal Paladin,Yonabra,1866,"9,433",Drome Score
127,Dis Seb,Master Sorcerer,Firmera,1380,"9,417",Drome Score
128,Magico Mago,Master Sorcerer,Nefera,1386,"9,391",Drome Score
129,Radraz,Royal Paladin,Vunira,1403,"9,367",Drome Score
130,Nawtscout,Royal Paladin,Lobera,1654,"9,366",Drome Score
131,Meexi,Royal Paladin,Dia,1795,"9,355",Drome Score
132,Ioo,Elder Druid,Astera,1239,"9,345",Drome Score
133,Kyru,Master Sorcerer,Venebra,1857,"9,340",Drome Score
134,Sir Yertxka,Elite Knight,Yovera,1138,"9,339",Drome Score
135,Bambaryla Witek,Elder Druid,Thyria,1943,"9,335",Drome Score
135,Zmuts,Master Sorcerer,Monza,1914,"9,335",Drome Score
137,Sillnyy,Elder Druid,Bona,1804,"9,284",Drome Score
138,Mazzeriin,Royal Paladin,Karmeya,2417,"9,276",Drome Score
139,Diabelski aniolek,Master Sorcerer,Harmonia,1373,"9,274",Drome Score
140,Alosirb Nosduh,Elder Druid,Yovera,973,"9,254",Drome Score
141,Alsa Himm,Elder Druid,Harmonia,1650,"9,252",Drome Score
142,Slechvalk,Royal Paladin,Menera,1301,"9,245",Drome Score
143,Sorin Inevitavel,Elder Druid,Jadebra,1572,"9,239",Drome Score
144,Kohaminha,Elder Druid,Nevia,1670,"9,238",Drome Score
145,Fireglass,Elite Knight,Menera,1254,"9,230",Drome Score
146,Cellus,Elite Knight,Menera,982,"9,208",Drome Score
147,Bobolica,Master Sorcerer,Harmonia,921,"9,202",Drome Score
147,Cabelo Bawall,Royal Paladin,Ferobra,1451,"9,202",Drome Score
149,Mah Theuzs,Elder Druid,Ombra,1185,"9,191",Drome Score
149,Orle Gniazdo,Elite Knight,Antica,1753,"9,191",Drome Score
151,Yamaanek,Elder Druid,Monza,2088,"9,187",Drome Score
152,Lady Caqui,Royal Paladin,Nefera,1006,"9,177",Drome Score
153,Aritmancia,Elder Druid,Wintera,1434,"9,173",Drome Score
154,Ragha Healer,Elder Druid,Kalibra,2010,"9,149",Drome Score
155,Verfix,Elder Druid,Ustebra,2057,"9,146",Drome Score
156,Norbuss,Elite Knight,Eclipta,1302,"9,141",Drome Score
157,Alex Froggy,Royal Paladin,Vunira,1520,"9,121",Drome Score
158,Destemido Corporation,Royal Paladin,Issobra,2084,"9,114",Drome Score
159,Raul Locomia,Elite Knight,Quelibra,1594,"9,090",Drome Score
160,Grzesio rasiak,Master Sorcerer,Vunira,917,"9,084",Drome Score
161,Ginowi,Royal Paladin,Monza,2038,"9,077",Drome Score
162,Jazhi,Royal Paladin,Venebra,1758,"9,064",Drome Score
163,Now,Royal Paladin,Epoca,2127,"9,063",Drome Score
164,Boba Addon,Elite Knight,Harmonia,1179,"9,060",Drome Score
165,Elvenor,Royal Paladin,Celesta,1358,"9,049",Drome Score
165,Jazh,Elder Druid,Venebra,2078,"9,049",Drome Score
167,Hikeppo,Royal Paladin,Calmera,1540,"9,040",Drome Score
168,Bu uzz,Elder Druid,Serdebra,1939,"9,039",Drome Score
169,Dragom Ball,Master Sorcerer,Talera,1788,"9,028",Drome Score
170,Poppel the knight,Elite Knight,Peloria,1428,"9,014",Drome Score
171,Zyro'flame,Master Sorcerer,Secura,1443,"9,003",Drome Score
172,Andy Mustang,Royal Paladin,Belobra,1908,"8,990",Drome Score
173,Maaziinha,Elder Druid,Pacera,1815,"8,988",Drome Score
174,Enduroman,Elite Knight,Harmonia,1245,"8,985",Drome Score
175,Dash Deluxe,Master Sorcerer,Secura,1660,"8,983",Drome Score
176,Kazuya Maszyna,Royal Paladin,Secura,1367,"8,970",Drome Score
177,Lancellotz,Elite Knight,Descubra,1725,"8,968",Drome Score
178,Sir Iguela,Elite Knight,Bona,1103,"8,957",Drome Score
179,Remek Ajan,Elite Knight,Peloria,1618,"8,953",Drome Score
180,Heller Strahl,Royal Paladin,Yovera,870,"8,943",Drome Score
181,Shidden,Royal Paladin,Rasteibra,1306,"8,934",Drome Score
182,Shay Jomyne,Elder Druid,Celebra,1398,"8,920",Drome Score
183,Estrelynha,Royal Paladin,Celebra,1405,"8,910",Drome Score
184,Rudi True Asura,Royal Paladin,Peloria,831,"8,908",Drome Score
185,Yunski,Royal Paladin,Secura,2144,"8,894",Drome Score
186,Catando Pata Urso,Elite Knight,Kalibra,1237,"8,877",Drome Score
187,Keruk,Elite Knight,Yonabra,1485,"8,874",Drome Score
188,Miki Greg,Royal Paladin,Descubra,1376,"8,871",Drome Score
189,Dukz Paladin,Royal Paladin,Kalibra,1515,"8,869",Drome Score
190,Patoled,Elder Druid,Bona,1333,"8,862",Drome Score
191,Izzy The Beast,Elder Druid,Celebra,2641,"8,851",Drome Score
192,Tommy'Bolter,Royal Paladin,Thyria,1119,"8,842",Drome Score
193,Kratoz Dragon,Elite Knight,Havera,1147,"8,839",Drome Score
194,Valiant Coseran,Royal Paladin,Yovera,1407,"8,831",Drome Score
195,Demn,Royal Paladin,Luminera,1924,"8,818",Drome Score
196,Belintina,Master Sorcerer,Refugia,1639,"8,813",Drome Score
197,Asmitank Friolla,Royal Paladin,Jadebra,1546,"8,805",Drome Score
198,Cruzader Of The Plains,Royal Paladin,Quintera,1245,"8,804",Drome Score
199,Pava,Elder Druid,Monza,867,"8,792",Drome Score
200,Alko Popiool,Elite Knight,Eclipta,1316,"8,790",Drome Score
201,Tiger Backwoods,Master Sorcerer,Quidera,1100,"8,788",Drome Score
202,Big Boss Revival,Elite Knight,Premia,1846,"8,785",Drome Score
203,Kaszinho,Royal Paladin,Tornabra,1180,"8,768",Drome Score
204,Errahnte,Elite Knight,Jadebra,1210,"8,767",Drome Score
205,Karrigaan,Elite Knight,Descubra,974,"8,753",Drome Score
206,Huxy,Elite Knight,Secura,1262,"8,735",Drome Score
207,Dreams Ki,Royal Paladin,Menera,1432,"8,731",Drome Score
208,Jan Zlote Serce,Royal Paladin,Refugia,1874,"8,730",Drome Score
209,Dudopix Worldwide,Elite Knight,Ferobra,2386,"8,722",Drome Score
209,Tiroz,Elite Knight,Gentebra,885,"8,722",Drome Score
211,Thol Feno,Elite Knight,Harmonia,891,"8,716",Drome Score
211,Zaku Palladyn,Royal Paladin,Monza,1209,"8,716",Drome Score
213,Na gash,Royal Paladin,Monza,1867,"8,699",Drome Score
214,Lunatic Princess,Elite Knight,Celesta,2225,"8,696",Drome Score
214,Rekor,Royal Paladin,Secura,1675,"8,696",Drome Score
216,Prepotente Vluntz,Elder Druid,Talera,1629,"8,693",Drome Score
217,Dudu,Elder Druid,Belobra,1935,"8,686",Drome Score
218,Markelito,Elite Knight,Celesta,1657,"8,675",Drome Score
219,Cloud Cronos,Elder Druid,Harmonia,2050,"8,674",Drome Score
219,Vepem,Master Sorcerer,Lobera,1208,"8,674",Drome Score
221,Ano Vix,Elder Druid,Monstera,1146,"8,671",Drome Score
222,Dudopix Enterprise,Elder Druid,Ferobra,1990,"8,666",Drome Score
222,Trullen,Elder Druid,Celesta,2053,"8,666",Drome Score
224,Lady Nathii,Elite Knight,Yonabra,1390,"8,662",Drome Score
225,Arknsz,Elite Knight,Venebra,2191,"8,660",Drome Score
226,Bilokasz,Elder Druid,Gladera,1771,"8,659",Drome Score
227,Larri,Royal Paladin,Gladera,1375,"8,656",Drome Score
228,Daverlito,Royal Paladin,Bona,1838,"8,640",Drome Score
229,Madjo,Elite Knight,Eclipta,1199,"8,624",Drome Score
230,Paramagnetyk,Elite Knight,Monza,1173,"8,622",Drome Score
231,Elv'en hunter,Royal Paladin,Menera,952,"8,621",Drome Score
232,Exidysz,Royal Paladin,Honbra,1977,"8,617",Drome Score
232,Shiddenzinho,Royal Paladin,Rasteibra,1233,"8,617",Drome Score
234,Atere Sillio,Royal Paladin,Secura,1052,"8,601",Drome Score
235,Dextro Kogz,Master Sorcerer,Monza,2162,"8,597",Drome Score
236,Elder Fiera,Elder Druid,Secura,1204,"8,593",Drome Score
237,Wells Dreyar,Master Sorcerer,Calmera,1118,"8,592",Drome Score
238,Nevropz Toxico,Elder Druid,Kalibra,2348,"8,583",Drome Score
239,Ares Coldhands,Royal Paladin,Inabra,1384,"8,576",Drome Score
240,Simus Siger,Elite Knight,Talera,1076,"8,575",Drome Score
241,Nyge,Elite Knight,Antica,1647,"8,572",Drome Score
242,Masterpali,Royal Paladin,Ferobra,1889,"8,570",Drome Score
243,Skye Rock,Master Sorcerer,Lobera,1049,"8,565",Drome Score
244,Jackh,Elder Druid,Serdebra,1589,"8,548",Drome Score
245,Dark Blood Of Honera,Master Sorcerer,Nefera,1417,"8,546",Drome Score
246,Mia Moonshine,Royal Paladin,Epoca,1361,"8,534",Drome Score
247,Mattwin Firma Forte,Elder Druid,Etebra,2066,"8,530",Drome Score
248,Giant the Ripper,Elder Druid,Secura,1311,"8,527",Drome Score
248,Zezinho Fallout,Royal Paladin,Ourobra,1983,"8,527",Drome Score
250,Tastdingo,Elder Druid,Solidera,1621,"8,526",Drome Score
251,Captain Gufi,Elder Druid,Refugia,2024,"8,518",Drome Score
252,Smooth Hardstyle,Master Sorcerer,Ferobra,1542,"8,515",Drome Score
253,Artur Ble,Royal Paladin,Eclipta,1257,"8,497",Drome Score
253,Reo Light,Royal Paladin,Vunira,1380,"8,497",Drome Score
255,Nemphi,Royal Paladin,Xyla,1394,"8,496",Drome Score
255,Vengelz,Elite Knight,Descubra,2349,"8,496",Drome Score
257,Baudao,Master Sorcerer,Serdebra,1765,"8,490",Drome Score
258,Yoasobi,Master Sorcerer,Yonabra,2013,"8,483",Drome Score
259,Baianera,Elite Knight,Solidera,681,"8,477",Drome Score
259,Cirus Toxico,Master Sorcerer,Kalibra,2310,"8,477",Drome Score
261,Cubbii,Royal Paladin,Celesta,1457,"8,474",Drome Score
262,Overaw,Master Sorcerer,Ferobra,1488,"8,469",Drome Score
263,Elder Pajji,Elder Druid,Thyria,1776,"8,467",Drome Score
264,Izene Asti,Elite Knight,Monza,1050,"8,458",Drome Score
265,Aervax,Elite Knight,Peloria,805,"8,456",Drome Score
265,Nicki Nightflower,Elite Knight,Epoca,1159,"8,456",Drome Score
267,Turion Templar,Elite Knight,Vunira,624,"8,452",Drome Score
268,Sir Zasolix,Elite Knight,Firmera,721,"8,445",Drome Score
269,Murilon Hardtimes,Elder Druid,Collabra,2151,"8,443",Drome Score
270,Gear Five Whisp,Royal Paladin,Collabra,1729,"8,439",Drome Score
271,Joelcio,Royal Paladin,Terribra,1549,"8,432",Drome Score
272,Fernizx,Master Sorcerer,Luminera,2161,"8,425",Drome Score
272,Krazy Rootz,Royal Paladin,Celebra,1634,"8,425",Drome Score
274,Creitiin,Elder Druid,Belobra,1772,"8,407",Drome Score
275,Kafkacoli,Elite Knight,Nevia,1073,"8,405",Drome Score
276,Lulatz,Elite Knight,Pacera,1075,"8,400",Drome Score
277,Johny Abruzzi,Royal Paladin,Peloria,1043,"8,398",Drome Score
278,Mad Tobbe,Elder Druid,Quelibra,1098,"8,397",Drome Score
279,Vepeh,Royal Paladin,Celebra,2836,"8,390",Drome Score
280,Elgam'tcha,Elite Knight,Inabra,1234,"8,389",Drome Score
281,Aurora Lily,Elite Knight,Wintera,1178,"8,383",Drome Score
282,Mi Sioo,Royal Paladin,Harmonia,1906,"8,365",Drome Score
283,Askrates,Elite Knight,Secura,1134,"8,362",Drome Score
284,Maximus the King,Royal Paladin,Celebra,1608,"8,358",Drome Score
285,Mnihux,Royal Paladin,Premia,1376,"8,355",Drome Score
286,Dowinixa,Elite Knight,Nefera,1058,"8,346",Drome Score
287,Caiio Acalix,Elder Druid,Gentebra,1741,"8,342",Drome Score
288,Biel Schneider,Elder Druid,Inabra,2001,"8,341",Drome Score
289,Mocarz Kamsy,Elite Knight,Antica,1051,"8,340",Drome Score
290,Janni,Royal Paladin,Secura,1202,"8,332",Drome Score
291,Lady Bonia,Elder Druid,Bona,1203,"8,326",Drome Score
292,Lekkee,Royal Paladin,Yonabra,1052,"8,325",Drome Score
293,Shiax Alan,Elite Knight,Harmonia,1673,"8,320",Drome Score
294,Palaz,Royal Paladin,Ourobra,1369,"8,313",Drome Score
295,Jaokeb Demente,Master Sorcerer,Karmeya,646,"8,300",Drome Score
296,Dofazi,Royal Paladin,Premia,1077,"8,293",Drome Score
296,Guttanas,Royal Paladin,Quidera,1429,"8,293",Drome Score
298,Rullaren,Elite Knight,Bona,1238,"8,287",Drome Score
299,Laura Hellstorm,Elite Knight,Vunira,1341,"8,277",Drome Score
300,Craig the knight,Elite Knight,Lobera,938,"8,271",Drome Score
300,Gwyn,Royal Paladin,Lobera,1516,"8,271",Drome Score
302,Brauba,Royal Paladin,Ustebra,2232,"8,265",Drome Score
303,Ritax,Royal Paladin,Bona,1107,"8,255",Drome Score
304,Bobolocik,Master Sorcerer,Celesta,2194,"8,253",Drome Score
305,Leferty,Elite Knight,Calmera,776,"8,224",Drome Score
306,Dolerozs,Elder Druid,Collabra,2202,"8,215",Drome Score
306,Mena The Knight,Elite Knight,Harmonia,1876,"8,215",Drome Score
308,Uchiha Chris,Elder Druid,Monza,1787,"8,214",Drome Score
309,Nasty Kidifang,Elite Knight,Antica,720,"8,211",Drome Score
310,Mazza Nohands,Royal Paladin,Thyria,1695,"8,198",Drome Score
311,Battledroid,Elder Druid,Lobera,1643,"8,195",Drome Score
312,Drackule,Elder Druid,Refugia,2406,"8,191",Drome Score
313,Tankes,Elite Knight,Premia,1409,"8,187",Drome Score
314,Zocsik,Elder Druid,Wintera,1135,"8,183",Drome Score
315,Boleight,Royal Paladin,Descubra,2473,"8,181",Drome Score
316,Laniboi,Royal Paladin,Nevia,1293,"8,176",Drome Score
317,Vardagszor,Elite Knight,Astera,1448,"8,174",Drome Score
318,Shermaneitor,Royal Paladin,Luminera,1818,"8,168",Drome Score
319,Vallkadium,Elite Knight,Premia,1228,"8,164",Drome Score
320,Omel Randevous,Royal Paladin,Xymera,1935,"8,163",Drome Score
321,Toxino,Elite Knight,Talera,1070,"8,158",Drome Score
322,Be xu,Elder Druid,Monza,2085,"8,155",Drome Score
323,Yogihyst Obidoren,Elite Knight,Solidera,664,"8,151",Drome Score
324,Mfap,Elite Knight,Pacera,1074,"8,149",Drome Score
325,Surskallen,Elite Knight,Secura,1192,"8,148",Drome Score
326,Dabam,Master Sorcerer,Refugia,1569,"8,146",Drome Score
326,Robaz,Elder Druid,Secura,1381,"8,146",Drome Score
328,Vine Corporation,Elder Druid,Issobra,2046,"8,143",Drome Score
329,Lampiao Maotank,Royal Paladin,Tornabra,1503,"8,135",Drome Score
330,Hitman Zor,Master Sorcerer,Celebra,1947,"8,133",Drome Score
331,Senior Amera,Elder Druid,Quidera,943,"8,131",Drome Score
332,Cybres Jack,Master Sorcerer,Celebra,1671,"8,122",Drome Score
333,Tatariw,Elite Knight,Yovera,1265,"8,115",Drome Score
334,Forseek,Elite Knight,Kalibra,1185,"8,109",Drome Score
335,Kimbow Thor,Elite Knight,Ombra,1834,"8,097",Drome Score
336,Naillowzin,Elite Knight,Inabra,1731,"8,078",Drome Score
337,Hroki,Royal Paladin,Antica,983,"8,077",Drome Score
337,Kagommia,Elder Druid,Celebra,1218,"8,077",Drome Score
339,Mighty Peral,Elder Druid,Solidera,2042,"8,071",Drome Score
340,Jonas Bandidoo,Master Sorcerer,Inabra,1324,"8,066",Drome Score
341,Lynuux,Elder Druid,Celebra,2263,"8,060",Drome Score
341,Sioyou Later,Elder Druid,Blumera,1737,"8,060",Drome Score
343,Knazed,Elder Druid,Secura,1138,"8,057",Drome Score
344,Bigodao Xulapa,Royal Paladin,Dia,1193,"8,055",Drome Score
345,King Roszi,Elder Druid,Harmonia,1531,"8,052",Drome Score
346,Guztoso,Elder Druid,Ustebra,1229,"8,050",Drome Score
347,Edi Paladino,Royal Paladin,Honbra,2176,"8,047",Drome Score
348,Kittyqueen,Elite Knight,Celesta,1133,"8,046",Drome Score
349,Ndetarovasz,Elder Druid,Honbra,2186,"8,044",Drome Score
350,Gezafoko Geza,Royal Paladin,Terribra,1298,"8,034",Drome Score
351,Pomer,Elite Knight,Secura,1005,"8,030",Drome Score
352,Lawdz,Master Sorcerer,Antica,1542,"8,017",Drome Score
353,Azyzz Trip,Elder Druid,Wintera,1285,"8,013",Drome Score
354,Libarkwin,Elder Druid,Belobra,1153,"8,010",Drome Score
355,Maskwuv Dragonwalt,Elite Knight,Inabra,1159,"8,008",Drome Score
356,Zous Oreal,Royal Paladin,Ferobra,1483,"8,005",Drome Score
357,Small Sol,Royal Paladin,Monza,1396,"8,001",Drome Score
358,Synyster Gaates,Master Sorcerer,Talera,1423,"7,990",Drome Score
359,Magier kalinowa,Elder Druid,Bona,841,"7,989",Drome Score
360,Ra yo Legacy,Royal Paladin,Gentebra,596,"7,982",Drome Score
361,Dzwoni Daro,Elder Druid,Monza,2061,"7,980",Drome Score
362,Modelo De Pasarela,Royal Paladin,Quintera,1295,"7,971",Drome Score
363,Xedotto,Elder Druid,Karmeya,1434,"7,968",Drome Score
364,Pechowy Rafcio,Royal Paladin,Xyla,1269,"7,963",Drome Score
365,Pan Pietrucha,Elite Knight,Nevia,675,"7,951",Drome Score
366,Fanfii,Elder Druid,Astera,1770,"7,948",Drome Score
367,Rawiin Kipson,Elite Knight,Astera,675,"7,936",Drome Score
368,Uriel Simacek,Elite Knight,Kalibra,933,"7,930",Drome Score
369,Dolaa,Elite Knight,Bona,841,"7,928",Drome Score
370,Lyane,Elder Druid,Belobra,596,"7,922",Drome Score
371,Marechal Yuri,Royal Paladin,Ferobra,972,"7,917",Drome Score
372,Wojt Wilkowyje,Elite Knight,Vunira,797,"7,910",Drome Score
373,Darkside the ghost,Elite Knight,Bona,1524,"7,902",Drome Score
374,Sorcerer Dark,Master Sorcerer,Belobra,1309,"7,901",Drome Score
375,Pikkoro Junia,Elder Druid,Harmonia,715,"7,896",Drome Score
376,Adam Malysh,Elder Druid,Celesta,1825,"7,893",Drome Score
377,Roller Coastter,Elder Druid,Talera,1634,"7,891",Drome Score
377,Typha,Elite Knight,Astera,655,"7,891",Drome Score
379,Reticuli,Royal Paladin,Pacera,697,"7,884",Drome Score
380,Vann Zett,Elder Druid,Calmera,1960,"7,867",Drome Score
381,Sameuly,Elite Knight,Antica,811,"7,866",Drome Score
382,Ghost of Chimera,Royal Paladin,Solidera,1741,"7,860",Drome Score
383,Enraged Adventurer,Elder Druid,Honbra,673,"7,854",Drome Score
383,Zen Ki Insane,Master Sorcerer,Menera,1564,"7,854",Drome Score
385,Brenin Golpista,Royal Paladin,Etebra,1628,"7,849",Drome Score
386,Junzaao,Master Sorcerer,Belobra,2097,"7,844",Drome Score
387,Arroz Con Queso,Elite Knight,Havera,1068,"7,837",Drome Score
387,Golden Face,Master Sorcerer,Quidera,1140,"7,837",Drome Score
387,Screeno,Royal Paladin,Bona,1625,"7,837",Drome Score
390,Darkness Miss Lalatina,Elite Knight,Secura,1586,"7,835",Drome Score
391,Battmann,Royal Paladin,Harmonia,624,"7,833",Drome Score
392,Majorowa,Elite Knight,Karmeya,2279,"7,830",Drome Score
393,Zeeh Chinelo,Master Sorcerer,Celebra,2044,"7,829",Drome Score
394,Nightmage,Master Sorcerer,Yonabra,1080,"7,817",Drome Score
395,Aquro Cacox,Royal Paladin,Descubra,1016,"7,814",Drome Score
395,Maurolkit,Elite Knight,Secura,1942,"7,814",Drome Score
395,Tezi Pro,Royal Paladin,Pacera,1414,"7,814",Drome Score
398,Epus,Master Sorcerer,Vunira,1837,"7,813",Drome Score
399,Skushy,Master Sorcerer,Inabra,1046,"7,805",Drome Score
400,Abbysz,Elder Druid,Solidera,945,"7,804",Drome Score
401,Seymour Blood,Master Sorcerer,Nevia,1407,"7,800",Drome Score
402,Kenshiro Guts,Elite Knight,Inabra,1198,"7,785",Drome Score
403,Naruciaczek,Royal Paladin,Celesta,1988,"7,783",Drome Score
404,Natalka Zakochana,Elder Druid,Harmonia,1320,"7,779",Drome Score
405,Fllawlless Victory,Royal Paladin,Pacera,1196,"7,768",Drome Score
406,Async,Elder Druid,Harmonia,1444,"7,766",Drome Score
407,Soulfrail,Elder Druid,Celesta,1191,"7,762",Drome Score
408,Kamastinx,Elite Knight,Antica,948,"7,759",Drome Score
409,Rudi Healer,Elder Druid,Peloria,665,"7,754",Drome Score
410,Ciclone Thunder,Royal Paladin,Honbra,1003,"7,747",Drome Score
411,Teev,Royal Paladin,Monza,1388,"7,736",Drome Score
412,Lord Zilez,Master Sorcerer,Vunira,1086,"7,732",Drome Score
413,Hardflipsz,Elite Knight,Pacera,782,"7,731",Drome Score
414,Wrath Saga,Elite Knight,Gladera,2094,"7,730",Drome Score
415,Sir Knoxville Slayer,Elite Knight,Celesta,772,"7,729",Drome Score
416,Sheng,Elder Druid,Yonabra,2167,"7,725",Drome Score
417,Darkeduar,Elite Knight,Pacera,1297,"7,722",Drome Score
417,Max Fleury,Elite Knight,Celebra,2116,"7,722",Drome Score
419,Dragonidas,Master Sorcerer,Monza,1512,"7,721",Drome Score
420,Bon de,Elder Druid,Ferobra,1529,"7,715",Drome Score
421,Ray Pakamil,Royal Paladin,Retalia,594,"7,704",Drome Score
422,White hair,Master Sorcerer,Refugia,800,"7,695",Drome Score
423,Rafittzz,Master Sorcerer,Belobra,2078,"7,683",Drome Score
424,Ivene,Royal Paladin,Celesta,2077,"7,682",Drome Score
425,Natarius Scotfield,Elite Knight,Astera,614,"7,681",Drome Score
426,Posseidon the Celestic,Elder Druid,Celebra,1126,"7,677",Drome Score
427,Fernandinho from Fortera,Elder Druid,Gladibra,1119,"7,672",Drome Score
428,Loky Storm,Elder Druid,Havera,1207,"7,667",Drome Score
429,Turco Loko,Royal Paladin,Inabra,2117,"7,665",Drome Score
430,Pangping,Royal Paladin,Karmeya,1419,"7,653",Drome Score
431,Pavaks,Elder Druid,Monza,1989,"7,645",Drome Score
432,Knight Davin,Elite Knight,Quelibra,1435,"7,643",Drome Score
433,Patip,Elder Druid,Peloria,996,"7,640",Drome Score
434,Kultury,Royal Paladin,Refugia,1554,"7,631",Drome Score
435,Kalumi,Elder Druid,Solidera,674,"7,629",Drome Score
436,Luiix,Royal Paladin,Ustebra,1651,"7,623",Drome Score
436,Rowen,Elite Knight,Solidera,1750,"7,623",Drome Score
438,Gapiru,Elite Knight,Secura,1068,"7,605",Drome Score
439,Avkell,Royal Paladin,Gentebra,1099,"7,599",Drome Score
440,Cellio,Master Sorcerer,Rasteibra,1649,"7,598",Drome Score
441,Apok Kryz,Elite Knight,Talera,1487,"7,597",Drome Score
442,Bellshezzar King,Royal Paladin,Belobra,1174,"7,596",Drome Score
443,Ven Vi,Royal Paladin,Refugia,2271,"7,595",Drome Score
444,Kasik Magnat,Royal Paladin,Eclipta,1458,"7,583",Drome Score
445,Cavots,Elite Knight,Ustebra,1033,"7,579",Drome Score
446,Sio Rumak,Elder Druid,Xyla,1356,"7,575",Drome Score
447,Chef Of Ending,Elder Druid,Secura,1593,"7,572",Drome Score
448,Nott Primetime,Royal Paladin,Descubra,2171,"7,570",Drome Score
449,Knight Emmanuel,Elite Knight,Gentebra,1527,"7,568",Drome Score
450,Antonylima,Elite Knight,Ferobra,792,"7,561",Drome Score
450,Supridokk,Master Sorcerer,Monstera,710,"7,561",Drome Score
452,Szwagier Gregor,Master Sorcerer,Xyla,1412,"7,549",Drome Score
453,Salsa Agridoce,Royal Paladin,Oceanis,1406,"7,545",Drome Score
454,Vicyous,Elite Knight,Calmera,1624,"7,527",Drome Score
455,Lau-Nel,Elder Druid,Refugia,1438,"7,525",Drome Score
456,Leah Leaf,Elite Knight,Solidera,503,"7,523",Drome Score
457,Sawano Hiroyuki,Royal Paladin,Yonabra,2188,"7,522",Drome Score
458,Goofy Goofus,Elite Knight,Jadebra,1086,"7,513",Drome Score
459,Ares Royale,Royal Paladin,Thyria,1207,"7,512",Drome Score
459,Bruzanas,Elite Knight,Quidera,1451,"7,512",Drome Score
459,Eksman,Master Sorcerer,Monza,2166,"7,512",Drome Score
459,Geek Sonyc kent,Elite Knight,Calmera,1011,"7,512",Drome Score
463,Pal Capone,Royal Paladin,Secura,1953,"7,508",Drome Score
464,Relaxado Do Corre,Royal Paladin,Rasteibra,1878,"7,500",Drome Score
465,Bratku Boy,Royal Paladin,Secura,2157,"7,487",Drome Score
466,Pai do Bandidoo,Elder Druid,Inabra,1431,"7,481",Drome Score
466,Vand Woodstock,Elder Druid,Inabra,1034,"7,481",Drome Score
468,Barri Insane,Elite Knight,Calmera,1658,"7,479",Drome Score
469,Heinzinki,Master Sorcerer,Vunira,1918,"7,477",Drome Score
470,Master Wildedge,Master Sorcerer,Serdebra,697,"7,476",Drome Score
471,Mandatory Namecheiingi,Royal Paladin,Monstera,1456,"7,475",Drome Score
472,Poke Corporation,Royal Paladin,Issobra,2429,"7,474",Drome Score
473,Pamellax,Elder Druid,Kalibra,1342,"7,470",Drome Score
474,Ronexy,Royal Paladin,Celebra,1672,"7,469",Drome Score
475,Dark Leoz,Master Sorcerer,Gentebra,751,"7,468",Drome Score
476,Dellani,Elder Druid,Celebra,1814,"7,467",Drome Score
477,Hatie,Elite Knight,Monza,1794,"7,466",Drome Score
478,Flopt,Master Sorcerer,Belobra,878,"7,463",Drome Score
479,Zainzao,Elder Druid,Descubra,2225,"7,461",Drome Score
480,Nanekzin,Royal Paladin,Jadebra,1020,"7,454",Drome Score
481,Serea Daen,Royal Paladin,Solidera,642,"7,449",Drome Score
482,Fire Draggon,Elite Knight,Quintera,1329,"7,445",Drome Score
483,Shaxa Shan,Elite Knight,Astera,654,"7,444",Drome Score
484,Itoow,Royal Paladin,Belobra,571,"7,442",Drome Score
485,Ceso,Elite Knight,Monza,1079,"7,438",Drome Score
486,Czikita,Elder Druid,Secura,2069,"7,435",Drome Score
486,Venoxd,Royal Paladin,Monza,1739,"7,435",Drome Score
488,Miojo Doido,Master Sorcerer,Gentebra,1678,"7,432",Drome Score
489,Juh Barbous,Elder Druid,Descubra,1635,"7,429",Drome Score
490,Nikovka,Elder Druid,Secura,965,"7,427",Drome Score
491,After sun lotion,Elder Druid,Vunira,1039,"7,426",Drome Score
492,Mit Iron,Elite Knight,Gentebra,2227,"7,422",Drome Score
493,Hashpreps,Royal Paladin,Celebra,1105,"7,421",Drome Score
494,Magnifik Danyveiosair,Royal Paladin,Quelibra,1845,"7,418",Drome Score
495,Nershil,Elite Knight,Secura,1004,"7,410",Drome Score
496,Meatbow,Royal Paladin,Epoca,1750,"7,406",Drome Score
497,Dudopix Corp,Royal Paladin,Ferobra,1940,"7,401",Drome Score
498,Jand Supremoo,Elite Knight,Unebra,1991,"7,398",Drome Score
499,Sofyzikat,Master Sorcerer,Premia,1290,"7,397",Drome Score
500,Baronkz,Royal Paladin,Bona,1085,"7,388",Drome Score
500,Zeze Careca,Elite Knight,Xyla,876,"7,388",Drome Score
502,Woman Spia,Royal Paladin,Quintera,1195,"7,385",Drome Score
503,Bald Bolter,Royal Paladin,Peloria,502,"7,378",Drome Score
504,Doug Devasso,Elite Knight,Collabra,1859,"7,374",Drome Score
505,Antigeno,Elite Knight,Pacera,1045,"7,373",Drome Score
506,Pearl Stark,Royal Paladin,Gladera,675,"7,371",Drome Score
507,Headshotter,Royal Paladin,Kalibra,594,"7,359",Drome Score
508,Fenomenalny Tonnek,Master Sorcerer,Harmonia,936,"7,353",Drome Score
508,Gogrex,Royal Paladin,Xyla,1264,"7,353",Drome Score
510,Fleth Tyron,Elite Knight,Peloria,629,"7,337",Drome Score
511,Nimuezinha,Elite Knight,Gentebra,723,"7,331",Drome Score
512,Elder Takt,Elder Druid,Astera,1464,"7,327",Drome Score
513,Saydaan,Elder Druid,Kalibra,1238,"7,324",Drome Score
514,Clay Bloodsoul,Elite Knight,Astera,1519,"7,322",Drome Score
514,Closedfriends Cebola,Royal Paladin,Jadebra,1597,"7,322",Drome Score
514,Stredimus,Master Sorcerer,Gladera,1018,"7,322",Drome Score
517,Raijiin,Master Sorcerer,Lobera,600,"7,314",Drome Score
518,Hessik,Elite Knight,Thyria,755,"7,313",Drome Score
518,Vith Tyrathores,Elite Knight,Solidera,433,"7,313",Drome Score
520,Mathewziin,Elite Knight,Quelibra,1419,"7,312",Drome Score
521,Kruuks,Royal Paladin,Refugia,1579,"7,309",Drome Score
522,Camann Casad,Elite Knight,Harmonia,754,"7,308",Drome Score
523,Exilum,Elite Knight,Menera,825,"7,304",Drome Score
524,Gutierrezs,Elder Druid,Gentebra,2411,"7,301",Drome Score
524,Mannimarc,Elite Knight,Kalibra,1432,"7,301",Drome Score
526,Leimar,Royal Paladin,Secura,1016,"7,295",Drome Score
527,Terra Pitbulldo Manguin,Royal Paladin,Ombra,1649,"7,293",Drome Score
528,Alexh con Hat,Royal Paladin,Talera,1712,"7,292",Drome Score
529,Dovath,Royal Paladin,Premia,1037,"7,291",Drome Score
530,Ogum Warrior,Elite Knight,Astera,1113,"7,290",Drome Score
531,Soul jail,Elite Knight,Vunira,615,"7,287",Drome Score
532,The Lek,Royal Paladin,Astera,1498,"7,285",Drome Score
533,Bellizze The Tyrant,Master Sorcerer,Gentebra,1820,"7,283",Drome Score
534,Kee mo,Master Sorcerer,Retalia,1111,"7,280",Drome Score
535,Banshee Slayer,Elite Knight,Calmera,614,"7,279",Drome Score
536,Hexed,Royal Paladin,Kalibra,1316,"7,278",Drome Score
537,Rzeznik Wedliniarz,Elite Knight,Secura,1430,"7,268",Drome Score
538,Marin Downgraded,Elite Knight,Ustebra,1654,"7,262",Drome Score
539,Amjz,Royal Paladin,Quidera,934,"7,260",Drome Score
540,Theron Darax,Elite Knight,Yonabra,1502,"7,257",Drome Score
541,Nakkamas,Elite Knight,Talera,1040,"7,256",Drome Score
542,Ashalor Razno,Elite Knight,Nefera,907,"7,255",Drome Score
543,Kairuz,Elite Knight,Lutabra,1637,"7,251",Drome Score
544,Gonyxz,Master Sorcerer,Inabra,1210,"7,249",Drome Score
545,Awdy,Elite Knight,Firmera,1267,"7,247",Drome Score
546,Shisui Attack,Royal Paladin,Ourobra,1090,"7,246",Drome Score
547,Hyooga,Master Sorcerer,Nevia,1603,"7,241",Drome Score
548,Zythnoc,Elder Druid,Quidera,945,"7,232",Drome Score
549,Arbo Donaga,Elder Druid,Celesta,873,"7,229",Drome Score
550,Czterolistny Pajak,Elite Knight,Refugia,1166,"7,224",Drome Score
551,Ahoky,Master Sorcerer,Solidera,1721,"7,222",Drome Score
551,Shepherd of Wolves,Royal Paladin,Refugia,503,"7,222",Drome Score
553,Dreams,Elder Druid,Yonabra,1363,"7,221",Drome Score
554,Bruwkz Mercenary,Elite Knight,Quelibra,1377,"7,215",Drome Score
555,Nightmare Delas,Elite Knight,Gentebra,1228,"7,212",Drome Score
556,Aserys,Elite Knight,Rasteibra,1394,"7,209",Drome Score
556,The Grimfire,Royal Paladin,Nefera,1455,"7,209",Drome Score
558,Aeranthir,Royal Paladin,Lobera,880,"7,207",Drome Score
559,Nitroks,Elite Knight,Astera,1018,"7,199",Drome Score
560,Kiingdom,Master Sorcerer,Yovera,1816,"7,195",Drome Score
561,Knight do Guga,Elite Knight,Nefera,776,"7,189",Drome Score
561,Roffa The King,Elite Knight,Vunira,1601,"7,189",Drome Score
563,Dear Daisy,Elite Knight,Quidera,630,"7,174",Drome Score
563,Kingzoorr,Elder Druid,Issobra,1781,"7,174",Drome Score
565,Luziadas,Elite Knight,Calmera,1288,"7,173",Drome Score
566,Hipiduli,Elder Druid,Astera,1091,"7,171",Drome Score
567,Mighty Rune,Elite Knight,Celesta,1977,"7,168",Drome Score
568,Lucaasz In,Master Sorcerer,Serdebra,1527,"7,165",Drome Score
569,Evkall,Master Sorcerer,Gentebra,894,"7,163",Drome Score
570,Cronyco,Elite Knight,Refugia,1417,"7,160",Drome Score
571,Walt Warz,Elder Druid,Vunira,1380,"7,157",Drome Score
572,Diex Cocoquillo,Master Sorcerer,Talera,751,"7,156",Drome Score
573,Seguroth,Elite Knight,Harmonia,540,"7,155",Drome Score
574,Highflxyerk,Elite Knight,Quidera,1785,"7,153",Drome Score
575,Alioco,Elite Knight,Descubra,651,"7,152",Drome Score
575,Poczesany,Royal Paladin,Thyria,1116,"7,152",Drome Score
577,Almighty Nova,Royal Paladin,Wintera,2197,"7,150",Drome Score
578,Gabb Riel,Master Sorcerer,Belobra,1811,"7,148",Drome Score
579,Ezommmmmm Maammmmmm Kuammmmmm,Royal Paladin,Nevia,1847,"7,139",Drome Score
580,Volta Mcfish,Elder Druid,Calmera,1497,"7,138",Drome Score
581,Elite Maister,Elite Knight,Premia,1043,"7,137",Drome Score
581,Ostabil,Royal Paladin,Epoca,1327,"7,137",Drome Score
581,Valiiant krzychu,Royal Paladin,Secura,1262,"7,137",Drome Score
584,Miini Adus,Elder Druid,Eclipta,1344,"7,130",Drome Score
585,Darkside Rafa,Elite Knight,Gladera,1043,"7,126",Drome Score
586,Scorpionnegro,Royal Paladin,Menera,1709,"7,125",Drome Score
586,Zerdux,Elder Druid,Refugia,1243,"7,125",Drome Score
588,Lady Czekalski,Royal Paladin,Ombra,832,"7,124",Drome Score
588,Tiao Pancada,Elite Knight,Celebra,1680,"7,124",Drome Score
590,Dardar Zamoldimor,Royal Paladin,Celesta,985,"7,123",Drome Score
591,Lord Mutsley,Elite Knight,Serdebra,1036,"7,119",Drome Score
592,Zoxxe,Elder Druid,Peloria,601,"7,109",Drome Score
593,Shiro Yaksha,Elite Knight,Vunira,777,"7,105",Drome Score
594,Aner Elot,Elite Knight,Talera,961,"7,104",Drome Score
594,Matson First,Royal Paladin,Xyla,947,"7,104",Drome Score
596,Tejows Corporation,Elite Knight,Issobra,1889,"7,102",Drome Score
597,Czarujacyy,Master Sorcerer,Karmeya,1455,"7,094",Drome Score
597,Guilebass,Paladin,Menera,1043,"7,094",Drome Score
597,Yinlay,Elite Knight,Nevia,991,"7,094",Drome Score
600,Ninja Zayat,Royal Paladin,Honbra,717,"7,089",Drome Score
601,Nefii,Royal Paladin,Nefera,926,"7,085",Drome Score
602,Tyo Rogi,Master Sorcerer,Quelibra,1445,"7,073",Drome Score
603,Polly Rockt Knight,Elite Knight,Calmera,759,"7,072",Drome Score
604,Primo Fibrado,Elite Knight,Serdebra,1265,"7,071",Drome Score
604,Rysiu Najszybszy Bolt,Royal Paladin,Nevia,1252,"7,071",Drome Score
606,Krisu,Royal Paladin,Xyla,1701,"7,067",Drome Score
606,Urek San,Royal Paladin,Venebra,879,"7,067",Drome Score
608,Kilseno,Royal Paladin,Secura,1280,"7,065",Drome Score
609,Argamiim,Elite Knight,Yonabra,1315,"7,062",Drome Score
609,Lady Clique,Elder Druid,Secura,871,"7,062",Drome Score
609,Roadster Kitad,Elite Knight,Talera,1504,"7,062",Drome Score
612,Rawiro,Master Sorcerer,Havera,886,"7,061",Drome Score
613,Ciemnyez,Elite Knight,Venebra,1831,"7,058",Drome Score
614,Sami Xolico,Master Sorcerer,Antica,423,"7,054",Drome Score
615,Lady Yiinaa,Royal Paladin,Nefera,1672,"7,053",Drome Score
616,Mustzinho,Elder Druid,Venebra,1798,"7,051",Drome Score
617,Mi Shadday,Royal Paladin,Quidera,883,"7,049",Drome Score
618,Tex Pancadao,Royal Paladin,Yonabra,1289,"7,040",Drome Score
619,Doughsz,Royal Paladin,Ferobra,1589,"7,035",Drome Score
620,Magic Egoist,Royal Paladin,Astera,1346,"7,030",Drome Score
621,King Peruviann,Elite Knight,Antica,705,"7,025",Drome Score
622,Galll,Elite Knight,Gentebra,2676,"7,013",Drome Score
623,Lady Iselii,Master Sorcerer,Harmonia,942,"7,008",Drome Score
624,Anonxe,Royal Paladin,Nevia,1650,"7,006",Drome Score
624,Drunk Jim Lahey,Elite Knight,Bona,1150,"7,006",Drome Score
624,Smoker,Royal Paladin,Serdebra,1730,"7,006",Drome Score
627,Tchaaa,Elder Druid,Gentebra,1948,"7,005",Drome Score
628,Keenghi,Elder Druid,Karmeya,1919,"6,998",Drome Score
629,Nevasio,Elder Druid,Refugia,902,"6,996",Drome Score
630,Aeriz,Elite Knight,Antica,616,"6,995",Drome Score
631,Virtush Awesome,Elite Knight,Zunera,1439,"6,993",Drome Score
632,Chimolina,Elder Druid,Harmonia,1156,"6,991",Drome Score
633,Greamir,Master Sorcerer,Celesta,2190,"6,980",Drome Score
634,Scorpion Insane,Royal Paladin,Wintera,924,"6,977",Drome Score
635,Moldoz,Elder Druid,Antica,718,"6,973",Drome Score
636,Jefe Implash,Royal Paladin,Wintera,1374,"6,971",Drome Score
637,Shining Horseman,Elite Knight,Talera,688,"6,968",Drome Score
638,Davidzinhow,Elder Druid,Jadebra,1937,"6,966",Drome Score
639,Temari Archer,Royal Paladin,Refugia,1488,"6,962",Drome Score
640,Sagan Carl,Master Sorcerer,Menera,699,"6,958",Drome Score
641,Xigix,Master Sorcerer,Luminera,1796,"6,953",Drome Score
642,Iron Paladyn,Royal Paladin,Lobera,1292,"6,952",Drome Score
643,Zordko,Royal Paladin,Gentebra,1223,"6,950",Drome Score
644,Baztet,Elder Druid,Luminera,1192,"6,946",Drome Score
645,Que Jin,Elder Druid,Serdebra,1587,"6,936",Drome Score
646,Gueroba Goiano,Elite Knight,Inabra,1056,"6,935",Drome Score
646,Lutador de Mace,Elite Knight,Gentebra,1998,"6,935",Drome Score
646,Wa'las,Elite Knight,Monza,1093,"6,935",Drome Score
649,Ominae Yu,Elite Knight,Yonabra,1745,"6,934",Drome Score
650,Triu Verix,Royal Paladin,Premia,942,"6,933",Drome Score
651,Edbu,Royal Paladin,Quintera,1442,"6,928",Drome Score
652,Jonzor Fumega Fumega,Elder Druid,Celebra,1745,"6,924",Drome Score
653,Hecks Leads,Elder Druid,Luminera,2102,"6,921",Drome Score
654,Kael do Wex,Master Sorcerer,Belobra,1567,"6,920",Drome Score
655,Domenichellii,Master Sorcerer,Kalibra,1788,"6,919",Drome Score
656,Anilde,Royal Paladin,Antica,1390,"6,918",Drome Score
657,Durandal of Valor,Elder Druid,Secura,968,"6,916",Drome Score
657,Shidden Imbativel,Elder Druid,Gladibra,604,"6,916",Drome Score
657,Younis,Elite Knight,Premia,1153,"6,916",Drome Score
660,Eleox sky,Royal Paladin,Solidera,406,"6,915",Drome Score
660,Highmage Hidden,Master Sorcerer,Yonabra,1865,"6,915",Drome Score
662,Trevligtbradag,Royal Paladin,Eclipta,951,"6,914",Drome Score
663,Barelor,Elder Druid,Collabra,1841,"6,913",Drome Score
663,Duguinha,Elder Druid,Issobra,1131,"6,913",Drome Score
665,Nalsi Tawyn,Elite Knight,Harmonia,1156,"6,912",Drome Score
666,Magico Druida,Elder Druid,Zunera,598,"6,906",Drome Score
667,Junior Inda House,Elite Knight,Xyla,512,"6,903",Drome Score
668,Solitario of road,Elite Knight,Solidera,553,"6,890",Drome Score
669,Amzte,Royal Paladin,Kalibra,1462,"6,883",Drome Score
670,Yalthus,Elder Druid,Yonabra,1381,"6,878",Drome Score
671,Old Noe,Royal Paladin,Secura,1964,"6,877",Drome Score
672,Zohry,Elite Knight,Celebra,855,"6,876",Drome Score
673,Pzadilla the shihan,Royal Paladin,Quintera,1586,"6,874",Drome Score
674,Lazy Tytanka,Elite Knight,Secura,1069,"6,872",Drome Score
674,Remarkable Deco,Master Sorcerer,Inabra,1770,"6,872",Drome Score
676,Kinobal,Elite Knight,Oceanis,1722,"6,869",Drome Score
677,Demon Joselita,Royal Paladin,Quelibra,1152,"6,867",Drome Score
677,Ke vinho,Elder Druid,Gentebra,2747,"6,867",Drome Score
679,Joyx,Elder Druid,Celebra,1253,"6,866",Drome Score
680,Janeer,Elite Knight,Quintera,1553,"6,860",Drome Score
681,Miss Petetoo,Elite Knight,Nevia,1179,"6,852",Drome Score
682,Felipinho Shocknelas,Elite Knight,Unebra,1396,"6,851",Drome Score
683,Chris Dictador,Royal Paladin,Ombra,2306,"6,847",Drome Score
684,Viny Xintrex,Royal Paladin,Havera,1280,"6,839",Drome Score
685,Tha,Master Sorcerer,Yonabra,750,"6,835",Drome Score
686,Sweaty Kamish,Elite Knight,Secura,976,"6,832",Drome Score
687,Grigao Alppcinio,Royal Paladin,Ombra,1347,"6,828",Drome Score
688,Niku Nesi,Elite Knight,Pacera,1795,"6,822",Drome Score
689,Teco Exausto,Elite Knight,Luminera,1473,"6,820",Drome Score
690,Bambo Bambo,Elder Druid,Thyria,1888,"6,819",Drome Score
690,Koztos,Elite Knight,Monza,901,"6,819",Drome Score
690,Lefay,Master Sorcerer,Honbra,1970,"6,819",Drome Score
693,Aruarian Druid,Elder Druid,Menera,1468,"6,802",Drome Score
694,Gabrielito,Elite Knight,Nefera,1606,"6,797",Drome Score
694,Selibess,Elite Knight,Dia,1934,"6,797",Drome Score
696,Pedrin Feliznatal,Royal Paladin,Ourobra,2082,"6,794",Drome Score
697,Cardinale Habby,Royal Paladin,Peloria,957,"6,793",Drome Score
697,Izumo Striker,Royal Paladin,Ourobra,1276,"6,793",Drome Score
699,Tarmon Gai Don,Elder Druid,Peloria,1310,"6,792",Drome Score
699,Zarem Wick,Elite Knight,Havera,1148,"6,792",Drome Score
701,Rubbet Xbow,Royal Paladin,Retalia,479,"6,791",Drome Score
702,Duzy Brzuszek,Master Sorcerer,Nevia,2050,"6,788",Drome Score
703,Carlao Zedrin,Royal Paladin,Ourobra,1232,"6,784",Drome Score
704,Lovens,Elite Knight,Secura,1079,"6,783",Drome Score
705,Toxic Noise,Elite Knight,Secura,1515,"6,780",Drome Score
706,Waguinho The Legend,Elder Druid,Quelibra,2115,"6,771",Drome Score
707,Headshot Qazq,Elite Knight,Monstera,1259,"6,767",Drome Score
708,Kikaro,Elite Knight,Nefera,887,"6,765",Drome Score
709,Ficoq Limitado,Royal Paladin,Quintera,1289,"6,751",Drome Score
710,Marcus Eon,Elite Knight,Thyria,924,"6,735",Drome Score
711,Don Kamizi,Elite Knight,Dia,1701,"6,733",Drome Score
712,Giant Bobo,Royal Paladin,Monza,446,"6,732",Drome Score
713,Marugo,Master Sorcerer,Collabra,1853,"6,730",Drome Score
714,Ali the shihan,Elder Druid,Quintera,1581,"6,724",Drome Score
715,Pupuliukas,Royal Paladin,Antica,1337,"6,722",Drome Score
716,Crypth,Elite Knight,Antica,510,"6,721",Drome Score
716,Samhain Dreyar,Elite Knight,Calmera,783,"6,721",Drome Score
718,Katzwinckel,Elder Druid,Yonabra,1640,"6,719",Drome Score
718,Sir Dzidek,Royal Paladin,Calmera,643,"6,719",Drome Score
720,Gutzim,Knight,Inabra,804,"6,712",Drome Score
721,Mandatory Namechangeeieg,Master Sorcerer,Monstera,915,"6,708",Drome Score
721,Wikadny,Master Sorcerer,Secura,1005,"6,708",Drome Score
723,Paranoikii,Royal Paladin,Astera,1336,"6,700",Drome Score
724,Jotazovisk,Royal Paladin,Collabra,1922,"6,698",Drome Score
725,Fean Delusak,Elite Knight,Bona,720,"6,696",Drome Score
726,Efra,Royal Paladin,Solidera,846,"6,694",Drome Score
726,Fer Di,Elder Druid,Inabra,976,"6,694",Drome Score
728,Lady Chylka,Elite Knight,Harmonia,929,"6,686",Drome Score
728,Najsumare,Knight,Nevia,821,"6,686",Drome Score
730,Wilfer,Royal Paladin,Collabra,1474,"6,680",Drome Score
731,Brossaud,Elder Druid,Venebra,1566,"6,679",Drome Score
732,Yankoz Maestro,Master Sorcerer,Antica,1576,"6,678",Drome Score
733,Anhis Knight,Elite Knight,Secura,689,"6,676",Drome Score
733,Txokolate,Royal Paladin,Rasteibra,1314,"6,676",Drome Score
735,Khaosz Cliick Claack,Elder Druid,Xymera,1757,"6,674",Drome Score
736,Crii Tic,Master Sorcerer,Monza,1904,"6,669",Drome Score
737,Dragonidez,Elite Knight,Monza,973,"6,668",Drome Score
738,Bruno is Back,Elite Knight,Ferobra,1382,"6,667",Drome Score
738,Cavaleira Shaw,Elite Knight,Collabra,1462,"6,667",Drome Score
738,Icarus Cltcansado,Master Sorcerer,Ourobra,2059,"6,667",Drome Score
741,Tom Ylw,Royal Paladin,Harmonia,1724,"6,664",Drome Score
742,Gullszeye,Royal Paladin,Gentebra,1629,"6,659",Drome Score
743,Priam De'Rise,Royal Paladin,Peloria,1159,"6,657",Drome Score
744,Mage Sunmi,Master Sorcerer,Venebra,1529,"6,652",Drome Score
745,Nene Star,Elder Druid,Gladera,1200,"6,648",Drome Score
746,Thalento,Royal Paladin,Ombra,1398,"6,645",Drome Score
747,Yumee,Master Sorcerer,Descubra,488,"6,644",Drome Score
748,Furious Pobre,Elite Knight,Oceanis,1135,"6,643",Drome Score
749,Degohug,Elite Knight,Vunira,679,"6,641",Drome Score
749,Duff Bandidoo,Elite Knight,Inabra,1103,"6,641",Drome Score
749,Gabe Um,Master Sorcerer,Yonabra,1870,"6,641",Drome Score
752,Og Kiedos,Master Sorcerer,Vunira,1435,"6,640",Drome Score
753,Rabada com Agriao,Elite Knight,Celebra,787,"6,638",Drome Score
754,Yena Rudais,Elite Knight,Lobera,272,"6,635",Drome Score
755,Moemaar,Elite Knight,Astera,470,"6,633",Drome Score
756,Oty Sunset,Royal Paladin,Astera,541,"6,630",Drome Score
757,Kenovich,Royal Paladin,Yovera,1291,"6,629",Drome Score
758,Alfadur Druid,Elder Druid,Yonabra,872,"6,627",Drome Score
759,Another Other,Elite Knight,Thyria,1349,"6,626",Drome Score
760,Mateusz Wesoly Muchomorek,Elite Knight,Eclipta,910,"6,623",Drome Score
761,Dyrisk Hubie,Royal Paladin,Calmera,902,"6,621",Drome Score
762,Fake Charlie,Elite Knight,Luminera,1236,"6,619",Drome Score
763,Matzinio,Elite Knight,Secura,539,"6,611",Drome Score
763,Pinorii,Elite Knight,Wintera,1079,"6,611",Drome Score
765,Luzao Comeback,Master Sorcerer,Unebra,1468,"6,610",Drome Score
766,Jed Bartlet,Royal Paladin,Antica,1305,"6,604",Drome Score
767,Sorin Emperor,Elder Druid,Ourobra,2193,"6,601",Drome Score
768,Sushinee,Elite Knight,Rasteibra,1011,"6,597",Drome Score
769,Hybris Dionisiaco,Elite Knight,Descubra,862,"6,595",Drome Score
770,Dragon Higa,Royal Paladin,Issobra,1065,"6,594",Drome Score
770,Tefroq,Elite Knight,Quintera,1019,"6,594",Drome Score
772,King Danter,Elite Knight,Celesta,2425,"6,591",Drome Score
773,Fala Wela,Elite Knight,Karmeya,1220,"6,590",Drome Score
773,Mandatory Nameshange,Royal Paladin,Monstera,586,"6,590",Drome Score
775,Feh Tryhard,Elite Knight,Serdebra,1679,"6,586",Drome Score
776,Huitzi Optimus,Elder Druid,Calmera,943,"6,581",Drome Score
777,Lucia Nidderiea,Elder Druid,Thyria,1187,"6,576",Drome Score
778,Lord Tenchi,Elite Knight,Kalibra,1166,"6,575",Drome Score
779,Eca Maga,Elder Druid,Belobra,612,"6,567",Drome Score
780,Jahadsito,Elite Knight,Quintera,1549,"6,561",Drome Score
781,Juan Es Mipapi,Elite Knight,Quintera,1538,"6,559",Drome Score
782,Uzi Bakiena,Royal Paladin,Solidera,1074,"6,557",Drome Score
783,Zezinho Enterprise,Elite Knight,Ourobra,1818,"6,555",Drome Score
784,Jabzhie Jamirovski,Royal Paladin,Descubra,286,"6,554",Drome Score
785,Bem Supremo,Elder Druid,Luminera,1520,"6,552",Drome Score
785,Fillevandrell,Royal Paladin,Celesta,1067,"6,552",Drome Score
787,Burrito Banton,Royal Paladin,Bona,641,"6,551",Drome Score
788,Poderoso Dobrao,Royal Paladin,Calmera,1203,"6,541",Drome Score
788,Thanatos Celestial,Elder Druid,Collabra,1797,"6,541",Drome Score
790,Ikki'on Fenix,Elite Knight,Refugia,922,"6,539",Drome Score
790,Lightbinder,Royal Paladin,Secura,2040,"6,539",Drome Score
792,Rockstacker Cleve,Elder Druid,Nevia,1215,"6,538",Drome Score
793,Krwiopalczasty,Elite Knight,Quintera,616,"6,535",Drome Score
794,Gherg,Royal Paladin,Retalia,608,"6,534",Drome Score
795,Angel Azteca,Elite Knight,Nefera,1046,"6,527",Drome Score
796,Tactical Sekt,Royal Paladin,Talera,1430,"6,526",Drome Score
797,Newton of Fortera,Elder Druid,Ferobra,1022,"6,524",Drome Score
798,Dante full demon,Elite Knight,Pacera,930,"6,523",Drome Score
799,Arctures,Elite Knight,Kalibra,552,"6,518",Drome Score
799,John Sentinels,Master Sorcerer,Gentebra,1711,"6,518",Drome Score
801,Zaharus Shine,Master Sorcerer,Celesta,421,"6,517",Drome Score
802,Clubmiiral,Elite Knight,Zuna,367,"6,515",Drome Score
803,Ariio,Elite Knight,Monza,677,"6,514",Drome Score
804,Nightt Gaze,Master Sorcerer,Karmeya,2187,"6,512",Drome Score
805,Dennis Raa,Elite Knight,Peloria,831,"6,508",Drome Score
806,Boom Dois Lutabra,Elder Druid,Lutabra,401,"6,504",Drome Score
807,Magical'Mephistus,Royal Paladin,Yonabra,1429,"6,502",Drome Score
808,Moonryell,Master Sorcerer,Kalibra,1921,"6,501",Drome Score
809,Furious Squire,Royal Paladin,Honbra,374,"6,498",Drome Score
810,Balas King,Royal Paladin,Nevia,1516,"6,495",Drome Score
810,Manti Siki,Elder Druid,Wintera,851,"6,495",Drome Score
812,Godslayers,Master Sorcerer,Talera,1480,"6,493",Drome Score
813,Keplerz,Royal Paladin,Celebra,1508,"6,491",Drome Score
814,Smartguy,Royal Paladin,Secura,1194,"6,490",Drome Score
815,Wielki Halley,Elite Knight,Celesta,408,"6,482",Drome Score
816,Leozinho Godd,Elite Knight,Inabra,1001,"6,481",Drome Score
817,Luan Edzinho,Elder Druid,Belobra,1777,"6,480",Drome Score
818,Izexy,Elder Druid,Secura,661,"6,479",Drome Score
819,Chicatek,Elite Knight,Nefera,817,"6,476",Drome Score
820,Mekambe,Master Sorcerer,Thyria,861,"6,475",Drome Score
821,Babis,Master Sorcerer,Epoca,1422,"6,474",Drome Score
822,Teryk Paladinu,Royal Paladin,Terribra,1196,"6,471",Drome Score
823,Mroczny Rabarbar,Elite Knight,Belobra,1779,"6,470",Drome Score
823,Trixzinos,Elite Knight,Honbra,1169,"6,470",Drome Score
825,Avacy,Elder Druid,Quintera,792,"6,468",Drome Score
825,Hunterzerah Bosses,Royal Paladin,Ustebra,565,"6,468",Drome Score
827,Highwin Egoista,Royal Paladin,Collabra,1882,"6,467",Drome Score
828,Eduzerah Knight,Elite Knight,Terribra,1127,"6,465",Drome Score
829,Anndo,Royal Paladin,Harmonia,1075,"6,461",Drome Score
829,Drizzt Darkcrown,Elder Druid,Quidera,857,"6,461",Drome Score
831,Cosmiic Death,Master Sorcerer,Yonabra,1857,"6,460",Drome Score
831,Eduk Etemox,Elite Knight,Menera,1696,"6,460",Drome Score
833,Legorn Sunrise,Elite Knight,Antica,633,"6,457",Drome Score
833,Ulvis,Elder Druid,Collabra,1463,"6,457",Drome Score
835,Slug Princess Tsunade,Elder Druid,Monza,1740,"6,453",Drome Score
836,Kawamate San,Elite Knight,Pacera,695,"6,452",Drome Score
836,Oy Xokx,Elite Knight,Eclipta,321,"6,452",Drome Score
838,Elder Baya,Elder Druid,Astera,1208,"6,451",Drome Score
839,Artem Elven,Elder Druid,Celebra,983,"6,448",Drome Score
840,Khaos Poderoso,Master Sorcerer,Rasteibra,2552,"6,447",Drome Score
841,Smuckerin,Elite Knight,Astera,654,"6,445",Drome Score
842,Palyziin Thurkson,Royal Paladin,Serdebra,772,"6,443",Drome Score
843,Toksyczny Arielek,Royal Paladin,Monza,1517,"6,442",Drome Score
844,Estelar,Royal Paladin,Astera,625,"6,441",Drome Score
845,Kobra Lance,Royal Paladin,Wintera,968,"6,440",Drome Score
846,Ree Nan,Elder Druid,Inabra,1005,"6,438",Drome Score
846,Shadow of the Candia,Master Sorcerer,Monza,1076,"6,438",Drome Score
848,Maria Maya,Elite Knight,Celebra,1105,"6,435",Drome Score
849,Hatlaz,Elite Knight,Gentebra,896,"6,432",Drome Score
849,Rekovni,Elder Druid,Secura,1282,"6,432",Drome Score
851,Speedda,Elder Druid,Thyria,1729,"6,426",Drome Score
852,Statue,Royal Paladin,Antica,391,"6,425",Drome Score
853,Vimpra Teatormentar,Elder Druid,Karmeya,1807,"6,423",Drome Score
854,Lesarian,Master Sorcerer,Celesta,1668,"6,422",Drome Score
854,Old Thyron,Elder Druid,Peloria,413,"6,422",Drome Score
856,Echoes of Memoria,Royal Paladin,Secura,1589,"6,421",Drome Score
857,Warmort,Elite Knight,Nefera,828,"6,420",Drome Score
858,Zamazzu,Royal Paladin,Ferobra,1353,"6,415",Drome Score
859,Picture,Elite Knight,Antica,977,"6,410",Drome Score
860,Xafira,Elder Druid,Secura,1094,"6,408",Drome Score
861,Dudodix,Master Sorcerer,Ferobra,1738,"6,407",Drome Score
862,Abs Lilozin,Elite Knight,Rasteibra,1766,"6,406",Drome Score
862,Michael Calmera Second,Royal Paladin,Calmera,499,"6,406",Drome Score
862,Tankitos,Royal Paladin,Peloria,385,"6,406",Drome Score
865,Bohen,Master Sorcerer,Antica,383,"6,405",Drome Score
866,Skymarz,Elite Knight,Gentebra,1141,"6,401",Drome Score
867,Nieustraszony Kamil,Elite Knight,Karmeya,1030,"6,400",Drome Score
868,Mineirim Foradalei,Elder Druid,Etebra,1301,"6,394",Drome Score
869,Goutheer,Royal Paladin,Celebra,1840,"6,392",Drome Score
870,Adoxi,Elite Knight,Peloria,315,"6,391",Drome Score
871,Beatrix Kiddo,Elder Druid,Serdebra,876,"6,388",Drome Score
872,Abraca dabra,Master Sorcerer,Peloria,365,"6,387",Drome Score
872,Veigh,Elder Druid,Nefera,1385,"6,387",Drome Score
874,Toxic Ghost Esecee,Master Sorcerer,Havera,2065,"6,384",Drome Score
875,Lilybone,Royal Paladin,Harmonia,1161,"6,383",Drome Score
876,Orzack,Elite Knight,Quelibra,1803,"6,381",Drome Score
877,Shainy Marilover,Royal Paladin,Solidera,1308,"6,379",Drome Score
878,Magiczny Zing,Elite Knight,Refugia,839,"6,378",Drome Score
879,Danibolt,Royal Paladin,Antica,1395,"6,377",Drome Score
880,Cris Gus,Royal Paladin,Terribra,719,"6,372",Drome Score
881,Zazulejo,Elder Druid,Collabra,1774,"6,368",Drome Score
882,Drako Pro,Elder Druid,Pacera,1997,"6,367",Drome Score
882,Sechetto,Elite Knight,Harmonia,1219,"6,367",Drome Score
884,Kate Walker,Elite Knight,Nevia,1305,"6,365",Drome Score
885,Mbeer,Master Sorcerer,Ustebra,1604,"6,364",Drome Score
885,Sir Dryn,Royal Paladin,Bona,1006,"6,364",Drome Score
887,Aitch Tee Knight,Elite Knight,Luminera,807,"6,363",Drome Score
888,Romper ek,Elite Knight,Harmonia,896,"6,361",Drome Score
889,Ston Evil,Elite Knight,Serdebra,1141,"6,360",Drome Score
890,Slime Slayer,Master Sorcerer,Refugia,457,"6,355",Drome Score
891,Xivi Pall,Royal Paladin,Secura,1263,"6,354",Drome Score
892,Fernando Warloyalty,Royal Paladin,Rasteibra,1430,"6,352",Drome Score
892,Skyllaw,Elite Knight,Honbra,1073,"6,352",Drome Score
894,Kimpsuu,Royal Paladin,Vunira,1263,"6,345",Drome Score
895,Matek Pogromca Huraganu,Royal Paladin,Secura,332,"6,342",Drome Score
895,Xuliao Overlure,Royal Paladin,Belobra,1583,"6,342",Drome Score
897,Paladin Tavok,Royal Paladin,Nefera,1292,"6,341",Drome Score
898,Only Hans,Elder Druid,Nevia,1376,"6,340",Drome Score
899,Kokobolo,Elite Knight,Harmonia,932,"6,337",Drome Score
900,John Mcgyver,Elite Knight,Yonabra,990,"6,334",Drome Score
900,Ney Lucifer,Elder Druid,Pacera,832,"6,334",Drome Score
902,Ed Maravilha,Elder Druid,Ustebra,1529,"6,333",Drome Score
903,Rii car do,Elder Druid,Luminera,1730,"6,332",Drome Score
904,Rsa,Royal Paladin,Peloria,856,"6,327",Drome Score
905,Curse Psion,Master Sorcerer,Secura,880,"6,323",Drome Score
906,Abel Shaene,Elder Druid,Ustebra,1811,"6,322",Drome Score
906,Lestax,Elite Knight,Quintera,558,"6,322",Drome Score
908,Vataryel Godlike,Elite Knight,Issobra,1479,"6,320",Drome Score
909,Dorivall,Elder Druid,Ombra,1887,"6,319",Drome Score
910,Maxigashi,Elite Knight,Secura,1136,"6,318",Drome Score
910,Rubbet,Master Sorcerer,Terribra,329,"6,318",Drome Score
912,Miituzs,Master Sorcerer,Thyria,437,"6,316",Drome Score
912,Thiago Toaled,Master Sorcerer,Kalibra,970,"6,316",Drome Score
914,Kisiel Grillowany,Elite Knight,Premia,1278,"6,314",Drome Score
914,Lacerator,Elite Knight,Inabra,1359,"6,314",Drome Score
916,Sorin Vilao,Master Sorcerer,Ourobra,1694,"6,311",Drome Score
917,Don Ginepo,Master Sorcerer,Talera,1021,"6,310",Drome Score
918,Ayeevi,Master Sorcerer,Refugia,866,"6,304",Drome Score
919,Diones Machine,Elite Knight,Descubra,2155,"6,302",Drome Score
919,Imooxi,Royal Paladin,Karmeya,331,"6,302",Drome Score
921,Sweetie Leti,Elder Druid,Inabra,1023,"6,301",Drome Score
922,Lethal Mole,Master Sorcerer,Monza,680,"6,300",Drome Score
923,Aran Gala,Elder Druid,Karmeya,932,"6,297",Drome Score
924,Wojjtekk,Royal Paladin,Vunira,1294,"6,296",Drome Score
925,Qelly,Master Sorcerer,Antica,703,"6,292",Drome Score
926,Brownxzs,Royal Paladin,Yonabra,1888,"6,291",Drome Score
926,Nyxtrik Makai,Elder Druid,Ustebra,1596,"6,291",Drome Score
928,Amzt,Royal Paladin,Kalibra,1410,"6,289",Drome Score
929,Er Wings,Elite Knight,Solidera,1423,"6,287",Drome Score
930,Gazu Ki Dreams,Master Sorcerer,Menera,1053,"6,281",Drome Score
931,Ellmagnifinho Danynho,Royal Paladin,Inabra,2180,"6,278",Drome Score
932,Kerothy,Elite Knight,Inabra,714,"6,271",Drome Score
933,Jeaan Kee,Elite Knight,Luminera,1819,"6,269",Drome Score
934,Holy Mouse,Elite Knight,Refugia,1165,"6,268",Drome Score
934,Myth Herus,Elder Druid,Ombra,1737,"6,268",Drome Score
936,Just keep going,Royal Paladin,Rasteibra,1537,"6,264",Drome Score
937,Carlin Tadafilado,Master Sorcerer,Inabra,1363,"6,261",Drome Score
937,Princess Ann,Elder Druid,Calmera,763,"6,261",Drome Score
939,Many Mern,Elder Druid,Secura,990,"6,258",Drome Score
940,Ewaldo lee,Elite Knight,Ferobra,1261,"6,254",Drome Score
940,Ghazann,Elite Knight,Luminera,1099,"6,254",Drome Score
942,Bella-Swan,Royal Paladin,Lobera,1177,"6,251",Drome Score
943,Owbapzera,Royal Paladin,Descubra,2053,"6,250",Drome Score
944,Victor Kriminal,Elder Druid,Talera,916,"6,248",Drome Score
945,Rolan Aneon,Royal Paladin,Peloria,880,"6,244",Drome Score
946,Rubenos,Elite Knight,Nevia,1022,"6,243",Drome Score
947,Avasalador,Elder Druid,Kalibra,1637,"6,241",Drome Score
947,Warenxxlegend,Elder Druid,Ferobra,1309,"6,241",Drome Score
949,Kanzerbero,Elite Knight,Quintera,1165,"6,239",Drome Score
950,Der Eda,Royal Paladin,Belobra,1864,"6,236",Drome Score
951,Madara Darkness,Elder Druid,Quelibra,827,"6,232",Drome Score
952,Frizs,Master Sorcerer,Celebra,1514,"6,231",Drome Score
953,Gumis,Elite Knight,Solidera,1005,"6,230",Drome Score
954,Lidanyl,Elite Knight,Astera,1517,"6,227",Drome Score
955,Naom,Elder Druid,Secura,853,"6,225",Drome Score
956,Memento Mori Marius,Master Sorcerer,Blumera,787,"6,222",Drome Score
956,Yutaa,Elite Knight,Wintera,1141,"6,222",Drome Score
958,Tejow Corporation,Elite Knight,Issobra,2582,"6,217",Drome Score
959,Izaur,Royal Paladin,Bona,898,"6,216",Drome Score
959,Sky Megazzord,Elite Knight,Kalibra,1657,"6,216",Drome Score
961,Krysson,Royal Paladin,Vunira,1008,"6,212",Drome Score
962,Maatka,Master Sorcerer,Secura,1711,"6,210",Drome Score
963,Xenek Demon Slayer,Royal Paladin,Refugia,767,"6,208",Drome Score
964,Brilha Brilha Sdzinha,Master Sorcerer,Rasteibra,1339,"6,207",Drome Score
964,Fok,Royal Paladin,Secura,1544,"6,207",Drome Score
964,Koolhaus,Elite Knight,Monza,891,"6,207",Drome Score
967,Tyrann Undead,Elite Knight,Nevia,1253,"6,206",Drome Score
968,Gabz Implacavel,Royal Paladin,Collabra,1980,"6,199",Drome Score
968,Robin Schud,Royal Paladin,Nevia,683,"6,199",Drome Score
970,Lime Layer,Elite Knight,Refugia,411,"6,197",Drome Score
971,Durak Bloodblade,Elite Knight,Ourobra,1379,"6,194",Drome Score
972,Kamoa,Elite Knight,Gladera,828,"6,192",Drome Score
973,Burk,Elder Druid,Celebra,1944,"6,191",Drome Score
974,Mandatory Dinnerz,Royal Paladin,Epoca,753,"6,189",Drome Score
975,Mell,Elite Knight,Astera,1337,"6,188",Drome Score
975,Prizs,Royal Paladin,Kalibra,1318,"6,188",Drome Score
977,Jarpi,Elder Druid,Zuna,933,"6,183",Drome Score
978,Ma rianne,Elder Druid,Yonabra,1147,"6,182",Drome Score
979,Halinux,Royal Paladin,Peloria,410,"6,181",Drome Score
980,Porcino,Royal Paladin,Talera,1024,"6,180",Drome Score
981,Eltakokrazy,Royal Paladin,Havera,1066,"6,179",Drome Score
982,Jaime Armeiro,Elite Knight,Celesta,635,"6,176",Drome Score
983,Aluxi,Master Sorcerer,Kalibra,1782,"6,175",Drome Score
983,Sorceror King,Master Sorcerer,Antica,556,"6,175",Drome Score
985,Chucky Love,Royal Paladin,Ferobra,1604,"6,171",Drome Score
986,Kilogramik Elite,Elite Knight,Nevia,1467,"6,169",Drome Score
986,Zecrocz Knight,Elite Knight,Yonabra,2254,"6,169",Drome Score
988,Light Wave,Royal Paladin,Menera,1225,"6,168",Drome Score
989,Mausz,Elite Knight,Tornabra,1015,"6,167",Drome Score
989,Sir Lokus,Elite Knight,Quelibra,1440,"6,167",Drome Score
989,Womolu,Elite Knight,Celebra,1798,"6,167",Drome Score
992,Mystic Glance,Elder Druid,Vunira,1217,"6,166",Drome Score
993,Duans,Elder Druid,Gladibra,509,"6,165",Drome Score
994,Ciupoga,Master Sorcerer,Monza,385,"6,163",Drome Score
994,Freziiu,Elder Druid,Xyla,1422,"6,163",Drome Score
994,Toto Lover,Master Sorcerer,Xyla,1238,"6,163",Drome Score
997,Nightmare Leonhart,Master Sorcerer,Descubra,516,"6,162",Drome Score
998,Diego Supremo,Elder Druid,Luminera,1267,"6,158",Drome Score
999,Xenex,Elder Druid,Celesta,1007,"6,157",Drome Score
1000,Silence Slye,Elite Knight,Pacera,971,"6,151",Drome Score
