Rank,Name,Vocation,World,Level,Points,Category
1,Alpha Charly,Royal Paladin,Gentebra,2043,"26,085",Boss Points
2,Rockstacker Cleve,Elder Druid,Nevia,1215,"26,015",Boss Points
3,Celso,Elder Druid,Nevia,1667,"25,985",Boss Points
4,Kilseno,Royal Paladin,Secura,1280,"25,730",Boss Points
5,Shay Jomyne,Elder Druid,Celebra,1398,"25,660",Boss Points
6,Mathias Bynens,Royal Paladin,Vunira,1444,"25,515",Boss Points
7,Jack Sensacional,Elite Knight,Belobra,1635,"25,500",Boss Points
8,Incredible Toby,Elder Druid,Secura,893,"25,400",Boss Points
9,Sweaty Kamish,Elite Knight,Secura,976,"25,290",Boss Points
10,Werewolf Shorti,Elite Knight,Secura,1328,"25,230",Boss Points
11,Thraphik,Elder Druid,Kalibra,1052,"25,225",Boss Points
12,Fully,Royal Paladin,Secura,1132,"25,205",Boss Points
13,Alpha Charlyne,Exalted Monk,Gentebra,713,"25,145",Boss Points
14,Corni Sukurs,Elder Druid,Secura,1053,"25,090",Boss Points
15,Fi na,Elite Knight,Gentebra,1679,"25,080",Boss Points
16,David in Panic,Elder Druid,Inabra,1257,"24,995",Boss Points
17,Myrkz,Royal Paladin,Lobera,1543,"24,840",Boss Points
18,Adriano Dourden,Royal Paladin,Secura,929,"24,820",Boss Points
19,Torimex,Elite Knight,Harmonia,1357,"24,810",Boss Points
20,Little Walking Teddy,Royal Paladin,Yonabra,1353,"24,785",Boss Points
21,Szympkovsky,Elite Knight,Antica,1087,"24,715",Boss Points
22,Benedicto De Amorim,Royal Paladin,Inabra,855,"24,695",Boss Points
22,John the Developer,Elite Knight,Kalibra,1252,"24,695",Boss Points
24,Picture,Elite Knight,Antica,977,"24,605",Boss Points
24,Tschas,Elder Druid,Secura,1026,"24,605",Boss Points
26,Fizoleczek,Elite Knight,Antica,877,"24,595",Boss Points
27,Broccolini,Elite Knight,Monstera,1196,"24,590",Boss Points
28,Quro,Elder Druid,Belobra,908,"24,580",Boss Points
29,Valiiant krzychu,Royal Paladin,Secura,1262,"24,575",Boss Points
30,Ares Coldhands,Royal Paladin,Inabra,1384,"24,520",Boss Points
30,Ravenovsky,Royal Paladin,Secura,882,"24,520",Boss Points
32,Itzz Anastasia,Elder Druid,Monza,933,"24,505",Boss Points
33,Palaz,Royal Paladin,Ourobra,1369,"24,440",Boss Points
34,Ma ri,Elder Druid,Gentebra,1446,"24,420",Boss Points
35,Rayn Shus,Elite Knight,Celebra,1025,"24,365",Boss Points
36,Pangping,Royal Paladin,Karmeya,1419,"24,360",Boss Points
37,Wuwu Eter,Elder Druid,Ustebra,1003,"24,340",Boss Points
38,Stugaan,Elite Knight,Monstera,1389,"24,325",Boss Points
39,Kamastinx,Elite Knight,Antica,948,"24,320",Boss Points
40,Cavaleiro Zyn,Royal Paladin,Gentebra,1230,"24,305",Boss Points
41,Acidd,Master Sorcerer,Descubra,1102,"24,300",Boss Points
42,Flowing Rain,Elite Knight,Yonabra,1256,"24,285",Boss Points
43,Uriel Simacek,Elite Knight,Kalibra,933,"24,270",Boss Points
43,Veld,Master Sorcerer,Kalibra,731,"24,270",Boss Points
45,Polarek,Elder Druid,Secura,864,"24,265",Boss Points
46,Nerala,Elite Knight,Secura,882,"24,235",Boss Points
47,Seip Oner,Royal Paladin,Secura,526,"24,195",Boss Points
48,Cinek Lubon,Royal Paladin,Harmonia,859,"24,180",Boss Points
49,Blaina Siwynia,Master Sorcerer,Antica,983,"24,165",Boss Points
49,Lord Strikee,Elder Druid,Harmonia,1380,"24,165",Boss Points
51,Bullistic,Royal Paladin,Lobera,1404,"24,115",Boss Points
52,Serby,Royal Paladin,Nevia,1165,"24,055",Boss Points
53,Brave,Elder Druid,Lobera,1135,"24,045",Boss Points
54,Nefii,Royal Paladin,Nefera,926,"24,020",Boss Points
55,Koztos,Elite Knight,Monza,901,"23,945",Boss Points
56,Sibon Faur,Elite Knight,Vunira,1192,"23,935",Boss Points
57,Gutzim,Knight,Inabra,804,"23,890",Boss Points
58,Special Frank,Elder Druid,Serdebra,1541,"23,880",Boss Points
59,Korixos,Master Sorcerer,Refugia,1268,"23,870",Boss Points
60,Ioo,Elder Druid,Astera,1239,"23,810",Boss Points
61,Ezudux,Royal Paladin,Gentebra,2050,"23,730",Boss Points
62,Popolos Paladino,Paladin,Secura,899,"23,610",Boss Points
63,Cornus Mass,Royal Paladin,Monza,770,"23,605",Boss Points
64,Spirall fall,Elite Knight,Quelibra,1210,"23,590",Boss Points
65,Kaos Boss,Elite Knight,Nefera,804,"23,570",Boss Points
66,Konii Tuptii,Elder Druid,Secura,881,"23,555",Boss Points
67,Sora,Elder Druid,Astera,1449,"23,525",Boss Points
68,Guii,Elite Knight,Celebra,2431,"23,515",Boss Points
69,Amazing Raffu,Royal Paladin,Monstera,1251,"23,510",Boss Points
69,Slodka Ulcia,Royal Paladin,Secura,847,"23,510",Boss Points
71,Shidden,Royal Paladin,Rasteibra,1306,"23,480",Boss Points
72,Elvenor,Royal Paladin,Celesta,1358,"23,470",Boss Points
73,Cavots,Elite Knight,Ustebra,1033,"23,455",Boss Points
74,Dolaa,Elite Knight,Bona,841,"23,450",Boss Points
74,Magier kalinowa,Elder Druid,Bona,841,"23,450",Boss Points
76,Machado Purosangue,Elite Knight,Kalibra,1918,"23,445",Boss Points
76,Offf Liiineee,Elite Knight,Wintera,767,"23,445",Boss Points
78,Suguimoto,Elder Druid,Descubra,1556,"23,440",Boss Points
79,Gogrex,Royal Paladin,Xyla,1264,"23,365",Boss Points
79,Lady Tafuri,Elite Knight,Nefera,1854,"23,365",Boss Points
81,Ichigo Dimmadome,Royal Paladin,Antica,1129,"23,345",Boss Points
82,Boba Addon,Elite Knight,Harmonia,1179,"23,315",Boss Points
83,Painus,Elder Druid,Terribra,728,"23,305",Boss Points
84,Thee Hugod,Elite Knight,Honbra,1187,"23,300",Boss Points
85,Lady Bengals,Royal Paladin,Kalibra,854,"23,295",Boss Points
85,Miyu Amaya,Elder Druid,Karmeya,1763,"23,295",Boss Points
87,Downdolino,Royal Paladin,Nefera,1297,"23,200",Boss Points
88,Kado Leads,Master Sorcerer,Celebra,859,"23,180",Boss Points
89,Zarakson,Royal Paladin,Secura,1317,"23,170",Boss Points
90,Sokon Eltanke,Master Sorcerer,Ustebra,1306,"23,145",Boss Points
91,Pauleta de Xantera,Royal Paladin,Inabra,1002,"23,110",Boss Points
92,Paladino Monte,Royal Paladin,Gentebra,1622,"23,070",Boss Points
92,Wingboy,Master Sorcerer,Rasteibra,1371,"23,070",Boss Points
94,Johny Abruzzi,Royal Paladin,Peloria,1043,"23,045",Boss Points
95,Rayo,Royal Paladin,Gentebra,2399,"23,035",Boss Points
96,Mi Vingarei,Elite Knight,Inabra,696,"23,030",Boss Points
97,Huxy,Elite Knight,Secura,1262,"23,005",Boss Points
98,Ominae Yu,Elite Knight,Yonabra,1745,"22,985",Boss Points
99,Zdenerwowana Lokomotywa,Royal Paladin,Dia,1049,"22,980",Boss Points
100,Neverlucky Wills,Royal Paladin,Venebra,989,"22,960",Boss Points
101,Dcko,Master Sorcerer,Secura,942,"22,940",Boss Points
101,Little Flor,Elder Druid,Inabra,655,"22,940",Boss Points
103,Defense Intelligence Agency,Master Sorcerer,Dia,1017,"22,935",Boss Points
104,Nymerja,Royal Paladin,Vunira,751,"22,925",Boss Points
105,Asphaltus,Elite Knight,Bona,865,"22,915",Boss Points
106,Lady Meredith,Royal Paladin,Bona,758,"22,890",Boss Points
107,Aretax Naza,Elite Knight,Belobra,1052,"22,885",Boss Points
108,Mozenako,Elite Knight,Kalibra,638,"22,870",Boss Points
109,Lord Marshals,Royal Paladin,Peloria,1639,"22,865",Boss Points
110,Fanas,Elder Druid,Lobera,1477,"22,860",Boss Points
111,Krysson,Royal Paladin,Vunira,1008,"22,820",Boss Points
112,Ano Vix,Elder Druid,Monstera,1146,"22,755",Boss Points
113,Halloiv,Elite Knight,Gentebra,1495,"22,750",Boss Points
114,Kubul,Royal Paladin,Peloria,796,"22,735",Boss Points
115,Krwawy Larck,Royal Paladin,Thyria,760,"22,720",Boss Points
116,Curandeiro Loyal,Elder Druid,Celebra,991,"22,695",Boss Points
117,Natth Morza,Elite Knight,Secura,888,"22,690",Boss Points
118,Sujazip,Elder Druid,Rasteibra,1174,"22,685",Boss Points
119,Losing Sleep,Master Sorcerer,Yonabra,1110,"22,675",Boss Points
119,Petersburski Elektryk,Elder Druid,Antica,567,"22,675",Boss Points
121,Kohaminha,Elder Druid,Nevia,1670,"22,640",Boss Points
121,Marcus Eon,Elite Knight,Thyria,924,"22,640",Boss Points
123,Lito Maldito,Elite Knight,Antica,1059,"22,635",Boss Points
124,Arinth,Elite Knight,Monza,2158,"22,625",Boss Points
125,Joker Hazard,Elite Knight,Belobra,1115,"22,560",Boss Points
126,Kekw Kure,Elder Druid,Inabra,546,"22,540",Boss Points
127,Semeghi,Elite Knight,Kalibra,774,"22,515",Boss Points
128,Energy Puff,Master Sorcerer,Premia,1169,"22,470",Boss Points
128,Skyllaw,Elite Knight,Honbra,1073,"22,470",Boss Points
130,Demon Joselita,Royal Paladin,Quelibra,1152,"22,450",Boss Points
131,Alyn Tauradmoon,Elder Druid,Serdebra,1154,"22,445",Boss Points
132,Guardian'Henry,Elite Knight,Kalibra,1163,"22,440",Boss Points
133,Ironhide,Master Sorcerer,Quintera,1208,"22,420",Boss Points
133,Jon Ragnarson,Elite Knight,Secura,1290,"22,420",Boss Points
135,Blackfang,Royal Paladin,Jadebra,814,"22,405",Boss Points
136,Firmoz,Royal Paladin,Ustebra,1186,"22,400",Boss Points
136,Ronda Rush,Royal Paladin,Nefera,1491,"22,400",Boss Points
138,Mendanha,Master Sorcerer,Belobra,1377,"22,390",Boss Points
139,Lady van Mave,Elder Druid,Antica,882,"22,365",Boss Points
140,Vampiro Marc,Elder Druid,Yonabra,1224,"22,355",Boss Points
141,Nikovka,Elder Druid,Secura,965,"22,330",Boss Points
142,Niquit,Master Sorcerer,Antica,1739,"22,320",Boss Points
143,Lakohutt,Master Sorcerer,Calmera,922,"22,290",Boss Points
143,Sir Dryn,Royal Paladin,Bona,1006,"22,290",Boss Points
145,Sijundis Maliamwen,Master Sorcerer,Thyria,1213,"22,275",Boss Points
145,Strong Dimox,Elder Druid,Secura,864,"22,275",Boss Points
147,Cybres Jack,Master Sorcerer,Celebra,1671,"22,270",Boss Points
147,Max Fleury,Elite Knight,Celebra,2116,"22,270",Boss Points
149,Cropper Phale,Royal Paladin,Nevia,1656,"22,265",Boss Points
150,Kiwikator,Master Sorcerer,Monza,1489,"22,180",Boss Points
151,Bambaryla Witek,Elder Druid,Thyria,1943,"22,165",Boss Points
151,Marizinhahh'Dragon,Master Sorcerer,Celebra,1161,"22,165",Boss Points
153,No Deal,Elder Druid,Ombra,490,"22,115",Boss Points
154,El Iguana,Elder Druid,Menera,1092,"22,105",Boss Points
155,Xuexi,Royal Paladin,Nevia,910,"22,100",Boss Points
156,Bloodrunk Leech,Exalted Monk,Lobera,984,"22,090",Boss Points
156,Romper ek,Elite Knight,Harmonia,896,"22,090",Boss Points
158,Utsuro,Master Sorcerer,Secura,1475,"22,085",Boss Points
159,Gilby,Elder Druid,Gentebra,1439,"22,080",Boss Points
160,Mrufff,Royal Paladin,Karmeya,923,"22,065",Boss Points
161,Nozferato,Master Sorcerer,Quelibra,1550,"22,060",Boss Points
162,Alba Troz,Royal Paladin,Celebra,925,"22,055",Boss Points
163,Lady Nefy,Elite Knight,Nefera,1186,"22,050",Boss Points
164,Atia Viejo,Master Sorcerer,Menera,1394,"22,040",Boss Points
165,Laniboi,Royal Paladin,Nevia,1293,"22,000",Boss Points
165,Varoos,Royal Paladin,Antica,998,"22,000",Boss Points
167,Maashii,Elder Druid,Secura,1042,"21,995",Boss Points
168,Galloperaa,Elite Knight,Issobra,1210,"21,990",Boss Points
168,Konyzz,Royal Paladin,Vunira,687,"21,990",Boss Points
170,Kyos Mosus,Royal Paladin,Collabra,1016,"21,980",Boss Points
171,Nocny Kruk,Royal Paladin,Secura,1110,"21,955",Boss Points
172,Darkz Leo,Master Sorcerer,Gentebra,1901,"21,945",Boss Points
173,Elder Reno,Elder Druid,Celesta,2490,"21,930",Boss Points
173,Mush Kito,Royal Paladin,Kalibra,941,"21,930",Boss Points
175,Distancehunter,Royal Paladin,Antica,638,"21,920",Boss Points
176,Alfadur Druid,Elder Druid,Yonabra,872,"21,900",Boss Points
177,Ploft Pluft,Elder Druid,Celebra,1436,"21,890",Boss Points
177,Sevok Thaord,Royal Paladin,Bona,742,"21,890",Boss Points
179,Aluxi,Master Sorcerer,Kalibra,1782,"21,880",Boss Points
179,Kafkacoli,Elite Knight,Nevia,1073,"21,880",Boss Points
181,Acabyh,Elder Druid,Celebra,1101,"21,875",Boss Points
182,Mallowana Ksiezniczka,Elite Knight,Celesta,1297,"21,855",Boss Points
183,Hell Shakao,Elite Knight,Yonabra,732,"21,845",Boss Points
183,Sassa de Belobra,Elite Knight,Belobra,773,"21,845",Boss Points
185,Bekx Dragonborn,Elite Knight,Jadebra,614,"21,835",Boss Points
186,Durahhh,Royal Paladin,Kalibra,1041,"21,825",Boss Points
186,Zalina Myth,Elite Knight,Vunira,1223,"21,825",Boss Points
188,Nimue Lanuin,Elite Knight,Gentebra,1853,"21,820",Boss Points
189,Surskallen,Elite Knight,Secura,1192,"21,805",Boss Points
189,Thoris Seph,Royal Paladin,Bona,646,"21,805",Boss Points
191,Dash Deluxe,Master Sorcerer,Secura,1660,"21,795",Boss Points
192,Kainne,Elite Knight,Gentebra,989,"21,780",Boss Points
192,Turyan,Royal Paladin,Descubra,1017,"21,780",Boss Points
194,Zaku Palladyn,Royal Paladin,Monza,1209,"21,765",Boss Points
195,Tsu Tsu,Elite Knight,Secura,442,"21,750",Boss Points
195,Vicaor,Elder Druid,Honbra,617,"21,750",Boss Points
197,Hans Klok,Elder Druid,Bona,840,"21,745",Boss Points
198,Itz Skols,Royal Paladin,Thyria,616,"21,730",Boss Points
199,Bruno Abrasax,Elder Druid,Collabra,1412,"21,710",Boss Points
199,Qoda,Elite Knight,Secura,1033,"21,710",Boss Points
201,Walder Martz,Royal Paladin,Nefera,1215,"21,705",Boss Points
202,Diinoco,Elder Druid,Gentebra,1194,"21,700",Boss Points
202,Skumbel Thorous,Royal Paladin,Honbra,925,"21,700",Boss Points
204,Brighid Grand Explorateur,Elite Knight,Yonabra,891,"21,675",Boss Points
205,Fael Godlike,Elder Druid,Ourobra,1207,"21,665",Boss Points
206,Aeranthir,Royal Paladin,Lobera,880,"21,650",Boss Points
206,Armin the Turtle,Elite Knight,Karmeya,935,"21,650",Boss Points
208,Oswaldo Toxico,Royal Paladin,Kalibra,2079,"21,640",Boss Points
209,Ramona Toledo,Royal Paladin,Quelibra,1025,"21,635",Boss Points
210,Kik Firmot,Master Sorcerer,Menera,1317,"21,610",Boss Points
210,Ney Lucifer,Elder Druid,Pacera,832,"21,610",Boss Points
210,Theron guard,Royal Paladin,Astera,1319,"21,610",Boss Points
213,Fester Adams,Elite Knight,Belobra,819,"21,605",Boss Points
214,Voolgam,Elite Knight,Serdebra,1081,"21,585",Boss Points
215,Kipersz,Elite Knight,Collabra,1806,"21,575",Boss Points
215,Suuper-Till,Elder Druid,Yonabra,958,"21,575",Boss Points
217,Aran Gala,Elder Druid,Karmeya,932,"21,570",Boss Points
217,Borracho Bailarin,Master Sorcerer,Havera,804,"21,570",Boss Points
219,Eriick Impossible,Elite Knight,Gentebra,1531,"21,560",Boss Points
220,Javac,Royal Paladin,Nefera,881,"21,555",Boss Points
221,Kalejann,Royal Paladin,Bona,1002,"21,550",Boss Points
222,Driftmoon,Royal Paladin,Secura,633,"21,545",Boss Points
223,Starsza Siostra Pietruchy,Royal Paladin,Nevia,491,"21,515",Boss Points
224,Giant the Ripper,Elder Druid,Secura,1311,"21,500",Boss Points
225,Mareecki,Master Sorcerer,Harmonia,1325,"21,465",Boss Points
226,Maxigashi,Elite Knight,Secura,1136,"21,445",Boss Points
227,Mitsuhashi Takashi,Elite Knight,Issobra,802,"21,440",Boss Points
228,Aszur Askara,Royal Paladin,Antica,736,"21,425",Boss Points
228,Szymcajs,Royal Paladin,Bona,998,"21,425",Boss Points
230,Bane Brate,Elite Knight,Karmeya,879,"21,420",Boss Points
231,Pan Pietrucha,Elite Knight,Nevia,675,"21,410",Boss Points
231,Tiroz,Elite Knight,Gentebra,885,"21,410",Boss Points
233,Pan Wujek Dziadek,Elder Druid,Dia,1170,"21,405",Boss Points
234,Archangel Elementalis,Master Sorcerer,Venebra,716,"21,375",Boss Points
235,Garlek,Elite Knight,Calmera,800,"21,355",Boss Points
236,Silent Sentinel,Royal Paladin,Kalibra,734,"21,340",Boss Points
237,Meliodasama,Elite Knight,Descubra,1115,"21,330",Boss Points
237,Sir Pagnussatt,Royal Paladin,Issobra,892,"21,330",Boss Points
239,Tchaaa,Elder Druid,Gentebra,1948,"21,325",Boss Points
240,Toon Arma,Elder Druid,Secura,1183,"21,320",Boss Points
241,Berfor,Elder Druid,Celesta,1402,"21,315",Boss Points
242,Darkside the ghost,Elite Knight,Bona,1524,"21,310",Boss Points
243,Felipe Montez,Royal Paladin,Secura,1175,"21,305",Boss Points
244,Veldue,Royal Paladin,Monza,732,"21,280",Boss Points
245,Ka Rio Ka,Elite Knight,Descubra,586,"21,265",Boss Points
246,King Danter,Elite Knight,Celesta,2425,"21,225",Boss Points
246,Prizs,Royal Paladin,Kalibra,1318,"21,225",Boss Points
248,Czarujacyy,Master Sorcerer,Karmeya,1455,"21,215",Boss Points
249,Ivans Meraki,Master Sorcerer,Ourobra,1212,"21,210",Boss Points
249,Zipper Soul Shade,Master Sorcerer,Karmeya,757,"21,210",Boss Points
251,Dagor Zomi,Royal Paladin,Premia,869,"21,205",Boss Points
252,Estireno,Royal Paladin,Solidera,743,"21,200",Boss Points
253,Lethalzinho Frost,Elder Druid,Etebra,1069,"21,190",Boss Points
254,Knightis,Elite Knight,Karmeya,1210,"21,185",Boss Points
255,Igok Sorceck,Master Sorcerer,Quelibra,1081,"21,175",Boss Points
256,Queen Liss,Elder Druid,Lutabra,1465,"21,160",Boss Points
256,Trapalhon,Master Sorcerer,Descubra,1171,"21,160",Boss Points
258,Padre Invierno,Elder Druid,Luminera,1826,"21,155",Boss Points
259,Infernity Des Gunman,Elite Knight,Peloria,877,"21,135",Boss Points
260,Leoxy Ousado,Elder Druid,Terribra,1563,"21,110",Boss Points
260,Xind Wizak,Royal Paladin,Karmeya,931,"21,110",Boss Points
262,Pai Do Meufilhu,Royal Paladin,Honbra,1328,"21,080",Boss Points
263,Ar Rogante,Royal Paladin,Collabra,1299,"21,055",Boss Points
264,Gabos,Elite Knight,Thyria,917,"21,045",Boss Points
265,Haarin,Elder Druid,Monza,1721,"21,030",Boss Points
266,Aritmancia,Elder Druid,Wintera,1434,"21,025",Boss Points
267,Tarmon Gai Don,Elder Druid,Peloria,1310,"21,015",Boss Points
268,Averlo,Elder Druid,Bona,1265,"20,995",Boss Points
268,Eddison,Royal Paladin,Vunira,766,"20,995",Boss Points
270,Ricardao Prime,Royal Paladin,Monstera,1200,"20,990",Boss Points
271,Mithrandil,Royal Paladin,Antica,734,"20,985",Boss Points
272,Defekt Muzgo,Elite Knight,Epoca,933,"20,980",Boss Points
273,Luke Lockdown,Master Sorcerer,Collabra,1277,"20,975",Boss Points
274,Mente Brilhante,Royal Paladin,Gentebra,889,"20,970",Boss Points
275,Chinese Fighting,Elder Druid,Lobera,1266,"20,965",Boss Points
276,Paladiin Exodia,Royal Paladin,Celesta,1143,"20,960",Boss Points
277,Axnavar,Royal Paladin,Secura,619,"20,940",Boss Points
278,Lombrado Rush,Royal Paladin,Ferobra,1044,"20,935",Boss Points
279,Seth Gleim,Elite Knight,Ustebra,1225,"20,920",Boss Points
280,Avarr,Royal Paladin,Premia,1478,"20,915",Boss Points
281,Phoenix Kato,Royal Paladin,Yonabra,1228,"20,910",Boss Points
282,Tengil,Master Sorcerer,Secura,1317,"20,905",Boss Points
282,Victao Sereninho,Elder Druid,Etebra,1103,"20,905",Boss Points
284,Yalder,Royal Paladin,Bona,1086,"20,885",Boss Points
285,Axtkopf,Elite Knight,Antica,742,"20,875",Boss Points
285,Delirium Tremen,Royal Paladin,Astera,648,"20,875",Boss Points
287,Dani van Kessel,Royal Paladin,Antica,681,"20,870",Boss Points
287,Lermadc,Royal Paladin,Lobera,819,"20,870",Boss Points
289,Druid Anders,Elder Druid,Inabra,1292,"20,865",Boss Points
290,Kuubiq,Royal Paladin,Thyria,1996,"20,850",Boss Points
290,Royal Gotico,Royal Paladin,Monza,1742,"20,850",Boss Points
292,Libi,Elite Knight,Lobera,1319,"20,845",Boss Points
293,Arwel Taura,Royal Paladin,Bona,1094,"20,840",Boss Points
294,Exona Elexa,Elite Knight,Kalibra,615,"20,835",Boss Points
295,Dragon Higa,Royal Paladin,Issobra,1065,"20,830",Boss Points
295,Lalo heavy carrasco,Master Sorcerer,Pacera,737,"20,830",Boss Points
295,Royal Raczkoo,Royal Paladin,Thyria,1076,"20,830",Boss Points
298,Albino the Insane,Elite Knight,Ustebra,797,"20,825",Boss Points
299,Enduroman,Elite Knight,Harmonia,1245,"20,815",Boss Points
299,Lord Lanister,Royal Paladin,Celebra,1043,"20,815",Boss Points
301,Tintin Hulk,Elite Knight,Rasteibra,1826,"20,810",Boss Points
302,Thas Agria,Elite Knight,Rasteibra,1002,"20,785",Boss Points
303,Paul Ed,Elder Druid,Secura,1390,"20,780",Boss Points
304,Shinai,Elite Knight,Refugia,845,"20,775",Boss Points
305,Fa vey,Elder Druid,Gentebra,1693,"20,760",Boss Points
306,Juar konfident,Elder Druid,Refugia,1005,"20,750",Boss Points
307,Torkel Ironman,Elite Knight,Issobra,756,"20,745",Boss Points
308,Lizard Racoon,Master Sorcerer,Quintera,814,"20,735",Boss Points
309,Hardcorowy Lares,Elite Knight,Celesta,819,"20,725",Boss Points
310,Corsus Brate,Royal Paladin,Karmeya,733,"20,705",Boss Points
310,Klopsztanga,Elite Knight,Secura,1137,"20,705",Boss Points
312,Danfuz,Royal Paladin,Celebra,917,"20,700",Boss Points
313,Amy Winehousse,Elite Knight,Celebra,887,"20,675",Boss Points
313,Krueger,Elite Knight,Kalibra,1453,"20,675",Boss Points
315,Megell,Royal Paladin,Nefera,998,"20,660",Boss Points
316,Jay Assassin,Elite Knight,Nevia,1365,"20,655",Boss Points
317,Drunkzzera,Elite Knight,Yonabra,1075,"20,645",Boss Points
318,Atmosphera,Royal Paladin,Menera,1156,"20,630",Boss Points
318,Mage Sunmi,Master Sorcerer,Venebra,1529,"20,630",Boss Points
320,Zohry,Elite Knight,Celebra,855,"20,620",Boss Points
321,Sio Rumak,Elder Druid,Xyla,1356,"20,615",Boss Points
322,Colombo,Elite Knight,Secura,1528,"20,610",Boss Points
323,Trazker,Elite Knight,Celebra,1066,"20,605",Boss Points
324,Neggich,Master Sorcerer,Havera,1496,"20,600",Boss Points
325,Hans Klops Schiller,Elite Knight,Xyla,1135,"20,595",Boss Points
325,Siamix,Elite Knight,Quelibra,901,"20,595",Boss Points
327,Askandar,Royal Paladin,Belobra,740,"20,590",Boss Points
327,Keirissa,Elite Knight,Secura,1213,"20,590",Boss Points
329,Hat Tori,Master Sorcerer,Antica,907,"20,585",Boss Points
330,Puner,Master Sorcerer,Ustebra,930,"20,580",Boss Points
331,Nevasio,Elder Druid,Refugia,902,"20,570",Boss Points
332,Darelo Palestrino,Royal Paladin,Gentebra,1224,"20,555",Boss Points
333,Pu,Elder Druid,Lobera,1703,"20,550",Boss Points
334,Kisiel Grillowany,Elite Knight,Premia,1278,"20,540",Boss Points
335,Alfonses,Royal Paladin,Vunira,785,"20,530",Boss Points
335,Knight Emmanuel,Elite Knight,Gentebra,1527,"20,530",Boss Points
335,Lucas Divine,Elder Druid,Nefera,1029,"20,530",Boss Points
338,Ek leo,Elite Knight,Serdebra,1153,"20,520",Boss Points
339,Czterolistny Pajak,Elite Knight,Refugia,1166,"20,510",Boss Points
339,Khilleron,Elite Knight,Refugia,1203,"20,510",Boss Points
341,Xedotto,Elder Druid,Karmeya,1434,"20,490",Boss Points
342,Bu uzz,Elder Druid,Serdebra,1939,"20,460",Boss Points
342,Marecz Ek,Elite Knight,Vunira,912,"20,460",Boss Points
344,Kiikesz,Elite Knight,Wintera,1098,"20,450",Boss Points
344,Lady Himiko,Royal Paladin,Karmeya,952,"20,450",Boss Points
346,Eiitah,Elder Druid,Yonabra,1397,"20,445",Boss Points
347,Dad Glon,Royal Paladin,Karmeya,1522,"20,440",Boss Points
347,Onfayar,Elite Knight,Refugia,918,"20,440",Boss Points
347,Swiftcast Boy,Elder Druid,Quelibra,1078,"20,440",Boss Points
350,Sborr,Royal Paladin,Tempestera,708,"20,410",Boss Points
351,Charlover Monty,Royal Paladin,Antica,969,"20,375",Boss Points
351,Seymour Blood,Master Sorcerer,Nevia,1407,"20,375",Boss Points
353,Mirotth,Elite Knight,Belobra,2001,"20,365",Boss Points
354,Jeda,Elite Knight,Celebra,1123,"20,360",Boss Points
354,Pecador do Sioo,Elder Druid,Jadebra,524,"20,360",Boss Points
356,Ziib,Elder Druid,Vunira,732,"20,355",Boss Points
357,Arligh,Elder Druid,Yonabra,1065,"20,350",Boss Points
357,Baronkz,Royal Paladin,Bona,1085,"20,350",Boss Points
357,Kua Drado,Royal Paladin,Ferobra,1038,"20,350",Boss Points
360,Wubuuffet,Royal Paladin,Dia,1004,"20,340",Boss Points
361,Luconn,Elite Knight,Secura,1181,"20,325",Boss Points
362,Pexiz,Elite Knight,Ferobra,920,"20,320",Boss Points
362,Ree Nan,Elder Druid,Inabra,1005,"20,320",Boss Points
362,Shiddenzinho,Royal Paladin,Rasteibra,1233,"20,320",Boss Points
365,Bad Angle,Elite Knight,Celebra,656,"20,310",Boss Points
365,Quiet,Royal Paladin,Epoca,1137,"20,310",Boss Points
367,Ginowi,Royal Paladin,Monza,2038,"20,295",Boss Points
368,John Mcgyver,Elite Knight,Yonabra,990,"20,290",Boss Points
368,Niallycl,Master Sorcerer,Belobra,476,"20,290",Boss Points
370,Atryan,Royal Paladin,Gentebra,1113,"20,270",Boss Points
370,Theron Darax,Elite Knight,Yonabra,1502,"20,270",Boss Points
372,Mouhh,Elite Knight,Vunira,1359,"20,265",Boss Points
372,Princeps in Gladio,Elite Knight,Nevia,1117,"20,265",Boss Points
374,Maalyka,Royal Paladin,Quelibra,694,"20,240",Boss Points
374,Tomaz,Elite Knight,Thyria,1078,"20,240",Boss Points
376,Sky Jet,Elite Knight,Lobera,1550,"20,235",Boss Points
377,Aurora Lily,Elite Knight,Wintera,1178,"20,230",Boss Points
378,Hexed,Royal Paladin,Kalibra,1316,"20,205",Boss Points
379,Trotuska,Elite Knight,Gladera,1009,"20,195",Boss Points
380,Dhokz,Elder Druid,Belobra,1333,"20,190",Boss Points
381,Kaszinho,Royal Paladin,Tornabra,1180,"20,180",Boss Points
381,Kentz Lee,Elite Knight,Ustebra,1091,"20,180",Boss Points
383,Tuxe Old,Elite Knight,Quidera,949,"20,175",Boss Points
384,Atsuhike,Elder Druid,Belobra,991,"20,155",Boss Points
385,Cubbii,Royal Paladin,Celesta,1457,"20,150",Boss Points
385,Njorn,Master Sorcerer,Yonabra,1789,"20,150",Boss Points
385,Xag The Archer,Royal Paladin,Calmera,971,"20,150",Boss Points
388,Dark Lord Morpheu,Elite Knight,Yonabra,1046,"20,125",Boss Points
388,Enjoy,Elder Druid,Monstera,1160,"20,125",Boss Points
390,Fenia Tegisa,Elder Druid,Celesta,1959,"20,115",Boss Points
390,Taleat Datsondo,Master Sorcerer,Gentebra,797,"20,115",Boss Points
392,Quakkap,Master Sorcerer,Vunira,1293,"20,110",Boss Points
393,Aarais,Elder Druid,Refugia,1159,"20,105",Boss Points
393,Husio,Elite Knight,Premia,1089,"20,105",Boss Points
393,Mircomania,Elder Druid,Havera,944,"20,105",Boss Points
393,Vendo Pot Vazio,Elite Knight,Belobra,628,"20,105",Boss Points
397,Leonel Royalheart,Royal Paladin,Yonabra,987,"20,100",Boss Points
397,Vermeio do Dianho,Elite Knight,Lutabra,801,"20,100",Boss Points
399,Maly'Dystansowiec,Royal Paladin,Bona,1206,"20,095",Boss Points
399,Mor teiro,Royal Paladin,Terribra,989,"20,095",Boss Points
401,Chuy Osuna,Elite Knight,Quintera,846,"20,090",Boss Points
401,Tsunami Apopo,Elite Knight,Pacera,628,"20,090",Boss Points
403,Slug Princess Tsunade,Elder Druid,Monza,1740,"20,085",Boss Points
404,Raider Mag,Master Sorcerer,Celesta,1211,"20,080",Boss Points
405,Elbulkoo,Elite Knight,Antica,848,"20,070",Boss Points
406,Strong Nervous,Elder Druid,Karmeya,1283,"20,055",Boss Points
407,Elite Diabeu,Elite Knight,Secura,715,"20,050",Boss Points
408,Miss Petetoo,Elite Knight,Nevia,1179,"20,045",Boss Points
409,Soulfrail,Elder Druid,Celesta,1191,"20,040",Boss Points
409,Supreme Xbacon,Elite Knight,Jadebra,692,"20,040",Boss Points
411,Nemra the Foe,Master Sorcerer,Nevia,687,"20,025",Boss Points
411,Skorka Kiwi,Elder Druid,Harmonia,1093,"20,025",Boss Points
413,Szymonicx,Elite Knight,Refugia,1403,"20,020",Boss Points
414,Anatomia Strachu,Royal Paladin,Collabra,823,"20,015",Boss Points
414,Brobanana,Elite Knight,Peloria,811,"20,015",Boss Points
416,Wall Zmialo,Elder Druid,Thyria,1027,"20,005",Boss Points
417,Spideres,Elder Druid,Nefera,808,"20,000",Boss Points
418,Hypnozapo,Master Sorcerer,Quintera,789,"19,995",Boss Points
418,Tasso Aligenigina Alussinado,Elder Druid,Belobra,670,"19,995",Boss Points
420,Nakayo,Royal Paladin,Monza,1599,"19,975",Boss Points
421,Itz Kadricz,Royal Paladin,Celesta,1323,"19,970",Boss Points
422,Cris Damora,Royal Paladin,Karmeya,617,"19,965",Boss Points
422,Raaro,Master Sorcerer,Ustebra,1695,"19,965",Boss Points
422,Rui Chapeu Archer,Royal Paladin,Serdebra,769,"19,965",Boss Points
422,Take the Juicer,Elite Knight,Kalanta,1136,"19,965",Boss Points
426,Azganon,Royal Paladin,Secura,1214,"19,950",Boss Points
426,Guizzz,Elite Knight,Yonabra,617,"19,950",Boss Points
426,Lairuf,Elder Druid,Refugia,1572,"19,950",Boss Points
429,Leotusaf Calick,Elite Knight,Refugia,717,"19,945",Boss Points
430,Bandzior Ek,Elite Knight,Celesta,905,"19,940",Boss Points
430,Uman The Legend Shanigami,Elite Knight,Yonabra,687,"19,940",Boss Points
432,Avacy,Elder Druid,Quintera,792,"19,935",Boss Points
432,Rift Mercenary,Elite Knight,Nefera,966,"19,935",Boss Points
432,Rod mago,Elder Druid,Monstera,1155,"19,935",Boss Points
435,Alexx Bonecrusher,Elite Knight,Xyla,1270,"19,930",Boss Points
435,Luanpt,Royal Paladin,Karmeya,722,"19,930",Boss Points
437,Sabor Venezolano,Elite Knight,Nefera,965,"19,910",Boss Points
438,Sinsor,Royal Paladin,Vunira,1607,"19,905",Boss Points
438,Yerwim,Royal Paladin,Yovera,803,"19,905",Boss Points
440,Pew Pew beroek,Elder Druid,Antica,958,"19,900",Boss Points
441,Brown Wood,Elite Knight,Nefera,1373,"19,890",Boss Points
442,Amai Hope,Elder Druid,Harmonia,1188,"19,885",Boss Points
442,Opanowany Paladynek,Royal Paladin,Nevia,864,"19,885",Boss Points
444,Romopollis,Elite Knight,Quelibra,763,"19,880",Boss Points
445,Apthia,Royal Paladin,Descubra,1087,"19,870",Boss Points
446,Mordokrowka,Elite Knight,Antica,489,"19,865",Boss Points
447,Grisam,Elite Knight,Monstera,1404,"19,850",Boss Points
447,Melissa Wicked,Elite Knight,Jadebra,572,"19,850",Boss Points
449,Kachopa Knight,Elite Knight,Kalibra,719,"19,845",Boss Points
449,Kee mo,Master Sorcerer,Retalia,1111,"19,845",Boss Points
451,Mya Kayy,Royal Paladin,Astera,722,"19,840",Boss Points
452,Caio Sama,Elite Knight,Nefera,1197,"19,835",Boss Points
453,Atomoowy Dzik,Elite Knight,Antica,729,"19,830",Boss Points
453,Spenceron,Master Sorcerer,Vunira,815,"19,830",Boss Points
455,Tharum,Elite Knight,Celesta,1015,"19,820",Boss Points
456,Natalka Zakochana,Elder Druid,Harmonia,1320,"19,815",Boss Points
456,Szubik,Elite Knight,Karmeya,586,"19,815",Boss Points
458,Sedrahil,Royal Paladin,Oceanis,2010,"19,810",Boss Points
458,Xivi Pall,Royal Paladin,Secura,1263,"19,810",Boss Points
460,Paladino Randel,Royal Paladin,Belobra,866,"19,805",Boss Points
461,Lazy Tytanka,Elite Knight,Secura,1069,"19,790",Boss Points
461,Ruthless Mateo,Elite Knight,Karmeya,1666,"19,790",Boss Points
461,Siness,Elite Knight,Secura,1135,"19,790",Boss Points
464,Hogano,Elder Druid,Belobra,915,"19,780",Boss Points
464,Royal of Darknes,Royal Paladin,Jadebra,791,"19,780",Boss Points
466,Zambonato,Elder Druid,Gentebra,940,"19,770",Boss Points
467,Chaviitoh,Royal Paladin,Talera,1095,"19,765",Boss Points
468,Daddy Archer,Royal Paladin,Kalibra,715,"19,755",Boss Points
469,Pesadelus,Royal Paladin,Descubra,819,"19,750",Boss Points
470,An Druid Apparition,Elder Druid,Issobra,974,"19,745",Boss Points
470,Genezzis,Royal Paladin,Gladera,1028,"19,745",Boss Points
470,Kian no Rivers,Elite Knight,Unebra,1131,"19,745",Boss Points
473,Icuu,Elder Druid,Ombra,1009,"19,740",Boss Points
474,Charlover Amby Jaguar,Elder Druid,Issobra,887,"19,715",Boss Points
474,Deadly Madara,Elder Druid,Bona,909,"19,715",Boss Points
476,Lady Koning,Elite Knight,Quelibra,906,"19,710",Boss Points
476,Sir Iguela,Elite Knight,Bona,1103,"19,710",Boss Points
476,Teev,Royal Paladin,Monza,1388,"19,710",Boss Points
479,Pai Boss Hunter,Elder Druid,Quelibra,807,"19,705",Boss Points
480,Duec,Elite Knight,Pacera,1024,"19,700",Boss Points
480,Holy Cappuccino,Royal Paladin,Solidera,688,"19,700",Boss Points
480,Sarys Sire,Elder Druid,Secura,823,"19,700",Boss Points
483,Thor etinho,Elite Knight,Solidera,1007,"19,695",Boss Points
484,Miizinha,Elite Knight,Belobra,963,"19,690",Boss Points
484,Saick,Master Sorcerer,Serdebra,925,"19,690",Boss Points
484,Twisted Arpi,Royal Paladin,Antica,846,"19,690",Boss Points
487,Silverx,Elite Knight,Gentebra,635,"19,685",Boss Points
488,Azuritee,Elder Druid,Ferobra,652,"19,680",Boss Points
488,Suonzera,Elite Knight,Yonabra,1249,"19,680",Boss Points
490,Darkness Miss Lalatina,Elite Knight,Secura,1586,"19,675",Boss Points
490,True Papure Defender,Elder Druid,Rasteibra,1140,"19,675",Boss Points
492,Hymura,Elder Druid,Lobera,1104,"19,660",Boss Points
493,Rogii Suvan,Elite Knight,Venebra,797,"19,655",Boss Points
494,Anti Druid,Elder Druid,Nevia,1148,"19,650",Boss Points
494,Lo ka,Royal Paladin,Celesta,1275,"19,650",Boss Points
496,Davyd Yatusaaabes,Elite Knight,Quintera,1051,"19,645",Boss Points
496,Ricardin,Royal Paladin,Solidera,755,"19,645",Boss Points
498,Paramagnetyk,Elite Knight,Monza,1173,"19,640",Boss Points
499,Eusebio Picafumo,Royal Paladin,Descubra,580,"19,635",Boss Points
500,Don Bobo,Royal Paladin,Nevia,1049,"19,630",Boss Points
501,Czikita,Elder Druid,Secura,2069,"19,625",Boss Points
501,Tejows Corporation,Elite Knight,Issobra,1889,"19,625",Boss Points
501,Vorrak Paladino Hostil,Royal Paladin,Rasteibra,912,"19,625",Boss Points
504,Gezafoko Geza,Royal Paladin,Terribra,1298,"19,610",Boss Points
504,Royal Kado,Royal Paladin,Secura,1264,"19,610",Boss Points
504,Sleshi,Elite Knight,Serdebra,743,"19,610",Boss Points
507,Ale Erpe,Royal Paladin,Antica,820,"19,600",Boss Points
507,Jo Fillink,Royal Paladin,Nefera,523,"19,600",Boss Points
507,Yorate,Elite Knight,Bona,725,"19,600",Boss Points
510,Il Padrino,Royal Paladin,Secura,876,"19,580",Boss Points
511,Tonio,Royal Paladin,Belobra,1053,"19,575",Boss Points
512,Bedow Fofinho,Elite Knight,Inabra,614,"19,565",Boss Points
512,Krwiopalczasty,Elite Knight,Quintera,616,"19,565",Boss Points
512,Speed emen,Royal Paladin,Secura,556,"19,565",Boss Points
515,Caiio Acalix,Elder Druid,Gentebra,1741,"19,555",Boss Points
516,Szechuan Sauce,Royal Paladin,Xyla,1381,"19,550",Boss Points
517,Operador da Betoneira,Royal Paladin,Ferobra,609,"19,545",Boss Points
517,Podobno wariat,Elite Knight,Antica,664,"19,545",Boss Points
517,Xan Farmer,Master Sorcerer,Refugia,1610,"19,545",Boss Points
520,Magic Charllie,Master Sorcerer,Luminera,893,"19,540",Boss Points
521,Sillnyy,Elder Druid,Bona,1804,"19,535",Boss Points
522,Tharivol,Royal Paladin,Peloria,1166,"19,525",Boss Points
523,Bestia Losu,Royal Paladin,Monza,1138,"19,515",Boss Points
523,Byte Ones,Elder Druid,Yovera,649,"19,515",Boss Points
525,Magic Deve,Master Sorcerer,Monza,754,"19,495",Boss Points
526,Arqueiro Arrogante,Royal Paladin,Quelibra,603,"19,490",Boss Points
527,Kaioo Shin,Royal Paladin,Monza,816,"19,485",Boss Points
527,Luna Mounstro,Elite Knight,Serdebra,1260,"19,485",Boss Points
527,Szyszek Milord Black,Elder Druid,Antica,1242,"19,485",Boss Points
530,Alhejandra,Elite Knight,Talera,1045,"19,480",Boss Points
530,Kittyqueen,Elite Knight,Celesta,1133,"19,480",Boss Points
532,Licotur,Royal Paladin,Ombra,1463,"19,475",Boss Points
532,Tazari Windu,Master Sorcerer,Rasteibra,1560,"19,475",Boss Points
534,Chodzacy zduchami tanno,Elder Druid,Karmeya,829,"19,470",Boss Points
534,Nutri Jogandosolo,Elite Knight,Ourobra,820,"19,470",Boss Points
534,Yunski,Royal Paladin,Secura,2144,"19,470",Boss Points
537,Aka Spectral Bolt,Royal Paladin,Rasteibra,1033,"19,465",Boss Points
538,Bo ladino,Royal Paladin,Issobra,1324,"19,460",Boss Points
539,Karnemelsky,Royal Paladin,Secura,1189,"19,455",Boss Points
539,Kayylicious,Elder Druid,Astera,1046,"19,455",Boss Points
541,Gaby Astim,Elder Druid,Yonabra,1319,"19,450",Boss Points
541,Zambiran,Elite Knight,Karmeya,1080,"19,450",Boss Points
543,Shining Horseman,Elite Knight,Talera,688,"19,445",Boss Points
544,Ashia Igna,Royal Paladin,Karmeya,1232,"19,430",Boss Points
545,Mitis Dictator,Elite Knight,Nefera,694,"19,415",Boss Points
546,Altonivel de Periculosidade,Elder Druid,Ourobra,1016,"19,410",Boss Points
547,Feru Maryn,Elder Druid,Menera,1273,"19,405",Boss Points
547,Zain Malek,Druid,Monstera,893,"19,405",Boss Points
549,Arscon,Royal Paladin,Monza,1014,"19,400",Boss Points
549,Milei,Elder Druid,Astera,1118,"19,400",Boss Points
551,Sara Cross,Elite Knight,Bona,716,"19,390",Boss Points
552,Lunatic Princess,Elite Knight,Celesta,2225,"19,385",Boss Points
553,Netow Stark,Royal Paladin,Monstera,1017,"19,380",Boss Points
553,Revira,Elite Knight,Monza,1206,"19,380",Boss Points
553,Tulai,Royal Paladin,Antica,1194,"19,380",Boss Points
556,Tamarizz,Elite Knight,Solidera,669,"19,375",Boss Points
557,Lu do,Master Sorcerer,Issobra,1253,"19,370",Boss Points
557,Vepesadelo,Elite Knight,Yonabra,871,"19,370",Boss Points
559,Hevend,Royal Paladin,Secura,603,"19,360",Boss Points
560,Alsa Himm,Elder Druid,Harmonia,1650,"19,345",Boss Points
560,Dark Blood Of Honera,Master Sorcerer,Nefera,1417,"19,345",Boss Points
560,Vannak Wrath,Elder Druid,Gentebra,1305,"19,345",Boss Points
563,Dark Black Magician,Elder Druid,Celebra,752,"19,340",Boss Points
564,Doctor Dzojnt,Master Sorcerer,Nevia,1048,"19,330",Boss Points
564,Haishen,Master Sorcerer,Secura,729,"19,330",Boss Points
564,Kadarn,Elite Knight,Collabra,1036,"19,330",Boss Points
564,Please fre items,Royal Paladin,Refugia,828,"19,330",Boss Points
568,Cliniak,Royal Paladin,Secura,972,"19,325",Boss Points
569,Kate Walker,Elite Knight,Nevia,1305,"19,320",Boss Points
570,Piratov,Elite Knight,Antica,1074,"19,315",Boss Points
570,Stiingu,Elite Knight,Harmonia,1197,"19,315",Boss Points
572,Lord Mutsley,Elite Knight,Serdebra,1036,"19,290",Boss Points
573,Marjan Pazdzioch,Elder Druid,Dia,749,"19,285",Boss Points
574,Ayeevi,Master Sorcerer,Refugia,866,"19,280",Boss Points
574,Nydo Vampire,Master Sorcerer,Secura,1037,"19,280",Boss Points
576,Koverox,Elite Knight,Inabra,1225,"19,275",Boss Points
577,Belgoto,Elite Knight,Ourobra,853,"19,270",Boss Points
577,Semps,Elite Knight,Celebra,1013,"19,270",Boss Points
579,Elderr Snarglis,Elder Druid,Secura,964,"19,260",Boss Points
580,Fort Oak,Elite Knight,Ustebra,1420,"19,245",Boss Points
580,Timii Neutron,Master Sorcerer,Refugia,1432,"19,245",Boss Points
582,Knight Lordz,Elite Knight,Refugia,1097,"19,235",Boss Points
582,Shidosz,Elder Druid,Yonabra,1454,"19,235",Boss Points
584,Dani Thegreatest,Elite Knight,Kalibra,1216,"19,225",Boss Points
585,Camann Casad,Elite Knight,Harmonia,754,"19,200",Boss Points
585,Speedbolt,Royal Paladin,Yonabra,1071,"19,200",Boss Points
587,Dark Vaug,Elder Druid,Monza,938,"19,190",Boss Points
587,Jeszsy,Elite Knight,Belobra,828,"19,190",Boss Points
589,Adrianeeq,Elder Druid,Secura,664,"19,185",Boss Points
589,Knight'Militar,Elite Knight,Belobra,1079,"19,185",Boss Points
591,Zezinho Enterprise,Elite Knight,Ourobra,1818,"19,170",Boss Points
592,Blyndadinho,Royal Paladin,Serdebra,1117,"19,165",Boss Points
593,Judge,Royal Paladin,Celebra,1908,"19,160",Boss Points
594,Bolo Palladyn,Royal Paladin,Refugia,886,"19,155",Boss Points
595,Cenihefert,Knight,Astera,735,"19,150",Boss Points
595,Small Inconvenience,Elite Knight,Nevia,1012,"19,150",Boss Points
597,Awen,Elder Druid,Gentebra,1061,"19,145",Boss Points
598,Demom Angelical,Royal Paladin,Terribra,1142,"19,130",Boss Points
598,Sir Aeronys,Elite Knight,Calmera,641,"19,130",Boss Points
600,Hardcor,Sorcerer,Vunira,1193,"19,125",Boss Points
600,Mi Sioo,Royal Paladin,Harmonia,1906,"19,125",Boss Points
602,Mareckinho,Elite Knight,Karmeya,876,"19,120",Boss Points
603,Gajan,Royal Paladin,Karmeya,768,"19,115",Boss Points
603,Luriam,Royal Paladin,Descubra,1185,"19,115",Boss Points
605,Darken wolf,Royal Paladin,Luminera,1290,"19,110",Boss Points
606,Carrasku,Royal Paladin,Serdebra,673,"19,105",Boss Points
606,Giggax,Elite Knight,Secura,866,"19,105",Boss Points
608,Tio Cidinho,Royal Paladin,Venebra,876,"19,100",Boss Points
609,Dardar Zamoldimor,Royal Paladin,Celesta,985,"19,095",Boss Points
609,Lololordini,Elder Druid,Xyla,680,"19,095",Boss Points
611,Arcai,Master Sorcerer,Quidera,893,"19,085",Boss Points
611,Kokobolo,Elite Knight,Harmonia,932,"19,085",Boss Points
613,Felek Ed,Elder Druid,Celesta,875,"19,080",Boss Points
614,Axefight Oz,Elite Knight,Quelibra,766,"19,075",Boss Points
614,Kruceush,Royal Paladin,Bona,989,"19,075",Boss Points
616,Maluczki,Elder Druid,Dia,832,"19,070",Boss Points
616,Romy Thor,Elder Druid,Belobra,1276,"19,070",Boss Points
618,Soxiikggwp,Royal Paladin,Monza,981,"19,060",Boss Points
618,Tewan Tyring,Royal Paladin,Yovera,828,"19,060",Boss Points
620,Yuuki no Ou,Elite Knight,Dia,838,"19,055",Boss Points
621,Abyss Of Death,Master Sorcerer,Thyria,702,"19,050",Boss Points
622,Bacrolol,Royal Paladin,Secura,1032,"19,045",Boss Points
623,Malvyr,Elite Knight,Celesta,917,"19,025",Boss Points
623,Sayhttam,Master Sorcerer,Calmera,815,"19,025",Boss Points
625,Terra Pitbulldo Manguin,Royal Paladin,Ombra,1649,"19,020",Boss Points
626,Muhannad,Royal Paladin,Celesta,1271,"19,015",Boss Points
626,Parker Pen,Elite Knight,Peloria,617,"19,015",Boss Points
626,Skullita,Master Sorcerer,Peloria,765,"19,015",Boss Points
626,Stop Yapp,Elite Knight,Secura,979,"19,015",Boss Points
630,Gordoscout,Royal Paladin,Belobra,962,"19,010",Boss Points
631,Genezyzz,Elder Druid,Gentebra,1261,"19,005",Boss Points
631,Madai,Elder Druid,Vunira,1080,"19,005",Boss Points
631,Soijiroo,Elite Knight,Inabra,1039,"19,005",Boss Points
634,Champion Souls,Royal Paladin,Refugia,1092,"18,990",Boss Points
635,Pikorucho,Royal Paladin,Tornabra,1240,"18,980",Boss Points
636,Bigg Melon,Elite Knight,Bona,1331,"18,970",Boss Points
637,Drizzz,Royal Paladin,Quintera,874,"18,965",Boss Points
638,Wii Wii,Royal Paladin,Ombra,767,"18,960",Boss Points
639,Lu kexx,Elder Druid,Honbra,1008,"18,945",Boss Points
639,Mala Miszi,Elder Druid,Celesta,1244,"18,945",Boss Points
641,Kaxarax,Royal Paladin,Antica,1049,"18,935",Boss Points
642,King Coraja,Royal Paladin,Yonabra,1537,"18,925",Boss Points
642,Praksy,Royal Paladin,Nevia,457,"18,925",Boss Points
644,Arizon,Elite Knight,Kalibra,771,"18,920",Boss Points
644,Liindsay,Elder Druid,Celebra,1011,"18,920",Boss Points
646,Squibbets,Elder Druid,Blumera,811,"18,915",Boss Points
647,Pumbx,Royal Paladin,Premia,922,"18,905",Boss Points
647,Sorceror King,Master Sorcerer,Antica,556,"18,905",Boss Points
647,Villusiek,Elder Druid,Yovera,1146,"18,905",Boss Points
650,Kaspu,Royal Paladin,Xyla,811,"18,900",Boss Points
650,Lorcasarch,Royal Paladin,Vunira,956,"18,900",Boss Points
652,Lo go Land,Royal Paladin,Thyria,902,"18,895",Boss Points
653,Juankz,Elite Knight,Lobera,1310,"18,880",Boss Points
653,The Loko,Elder Druid,Blumera,1458,"18,880",Boss Points
655,Trolloc,Elite Knight,Astera,918,"18,875",Boss Points
656,Elkerann Phison,Elite Knight,Ourobra,819,"18,870",Boss Points
656,Vic In Debit,Elite Knight,Kalibra,1209,"18,870",Boss Points
658,Geront,Royal Paladin,Refugia,771,"18,865",Boss Points
659,Akuma Nikaido,Elite Knight,Collabra,503,"18,860",Boss Points
659,Shootie Mcarrow,Royal Paladin,Secura,1044,"18,860",Boss Points
661,Coeen,Royal Paladin,Secura,744,"18,835",Boss Points
661,Koyomi Oni Chan,Elite Knight,Secura,832,"18,835",Boss Points
663,Kareka on quelibra,Royal Paladin,Quelibra,859,"18,830",Boss Points
664,Ro driguez,Elder Druid,Ourobra,1639,"18,825",Boss Points
665,Lagartixa frita,Master Sorcerer,Collabra,576,"18,820",Boss Points
665,Tha,Master Sorcerer,Yonabra,750,"18,820",Boss Points
667,Aeohn,Elder Druid,Ferobra,969,"18,815",Boss Points
668,Eraqus,Elite Knight,Astera,1318,"18,810",Boss Points
668,Nohni Ryan,Elder Druid,Astera,906,"18,810",Boss Points
670,Dash Zoomyy,Royal Paladin,Bona,1207,"18,805",Boss Points
670,Prometeu,Elite Knight,Bona,1066,"18,805",Boss Points
672,Alatsuvia Haeravaga,Elite Knight,Ustebra,1050,"18,775",Boss Points
672,Sweetie Leti,Elder Druid,Inabra,1023,"18,775",Boss Points
674,Kairos Knight,Elite Knight,Kalibra,459,"18,765",Boss Points
675,Shadow of the Candia,Master Sorcerer,Monza,1076,"18,760",Boss Points
676,Bella Ragazza,Elder Druid,Secura,1275,"18,750",Boss Points
676,Extdream,Royal Paladin,Refugia,1254,"18,750",Boss Points
676,Nasty Querdin,Elder Druid,Celesta,1014,"18,750",Boss Points
676,Pogromca Zubraa,Master Sorcerer,Monza,843,"18,750",Boss Points
680,Zathroths,Elite Knight,Ombra,1307,"18,735",Boss Points
681,King Koppas,Elite Knight,Nefera,931,"18,720",Boss Points
682,Black Haunter,Elite Knight,Celesta,1050,"18,715",Boss Points
682,The Sauron,Elite Knight,Serdebra,1265,"18,715",Boss Points
684,Czerwony Fox,Elite Knight,Bona,570,"18,705",Boss Points
685,Alacadin Boltada,Royal Paladin,Ustebra,996,"18,700",Boss Points
685,Insanity Bolt Isback,Royal Paladin,Quintera,798,"18,700",Boss Points
687,Epps Paladin,Paladin,Secura,463,"18,690",Boss Points
688,Ursinho Paeveio,Elite Knight,Unebra,1402,"18,685",Boss Points
689,Dirrego,Elite Knight,Celebra,1182,"18,680",Boss Points
690,Shukran Ya,Royal Paladin,Ferobra,1169,"18,675",Boss Points
691,Risercan Codelluna,Royal Paladin,Retalia,1174,"18,670",Boss Points
691,Werefoxy,Elder Druid,Nevia,557,"18,670",Boss Points
693,Bartlomieej,Elite Knight,Antica,673,"18,660",Boss Points
693,Clericaly,Royal Paladin,Karmeya,978,"18,660",Boss Points
695,Zaade,Royal Paladin,Peloria,1091,"18,645",Boss Points
696,Cardinale Habby,Royal Paladin,Peloria,957,"18,640",Boss Points
696,Imitex,Master Sorcerer,Vunira,546,"18,640",Boss Points
696,Jee Bunny Shop,Royal Paladin,Thyria,1565,"18,640",Boss Points
699,Efra,Royal Paladin,Solidera,846,"18,635",Boss Points
700,Elite Kasa,Elite Knight,Yonabra,939,"18,615",Boss Points
700,Koperkowy Louis,Royal Paladin,Nevia,716,"18,615",Boss Points
700,Lai ruf,Elder Druid,Refugia,1497,"18,615",Boss Points
703,Bauriev Wilox,Royal Paladin,Issobra,807,"18,610",Boss Points
703,Futakuchi onna,Elder Druid,Talera,947,"18,610",Boss Points
703,Paajak,Elder Druid,Dia,1002,"18,610",Boss Points
706,Pejotinha,Elder Druid,Solidera,1127,"18,605",Boss Points
707,Ciclone Thunder,Royal Paladin,Honbra,1003,"18,600",Boss Points
707,Garfield Cat,Elite Knight,Kalanta,1257,"18,600",Boss Points
709,Sariinhasz,Royal Paladin,Ferobra,1549,"18,595",Boss Points
710,Golon Kimmir,Elite Knight,Thyria,624,"18,590",Boss Points
710,Lord Ovthe Depths,Elder Druid,Serdebra,837,"18,590",Boss Points
712,Bhelklakolova,Elite Knight,Yonabra,1660,"18,580",Boss Points
713,Ya su,Elite Knight,Ferobra,1353,"18,575",Boss Points
714,Makadamia,Elder Druid,Bona,1031,"18,570",Boss Points
714,Samurai Amon,Elite Knight,Lobera,677,"18,570",Boss Points
714,Spectral Sio,Elder Druid,Nefera,1038,"18,570",Boss Points
717,Lethark,Royal Paladin,Blumera,1183,"18,565",Boss Points
717,Ribamar Eterno,Master Sorcerer,Ombra,1261,"18,565",Boss Points
717,Shukendo,Royal Paladin,Secura,798,"18,565",Boss Points
717,Zeka Edius,Royal Paladin,Quelibra,802,"18,565",Boss Points
721,Baasinova,Elite Knight,Astera,1082,"18,560",Boss Points
721,Eixon,Master Sorcerer,Antica,888,"18,560",Boss Points
721,Nisom,Royal Paladin,Premia,924,"18,560",Boss Points
724,Proudmane,Druid,Peloria,987,"18,550",Boss Points
724,Tankov,Elite Knight,Quelibra,944,"18,550",Boss Points
726,Schwe Healer,Elder Druid,Kalibra,1425,"18,545",Boss Points
727,Jurasek,Royal Paladin,Refugia,814,"18,535",Boss Points
727,Tivaa,Royal Paladin,Honbra,1123,"18,535",Boss Points
729,Grove Max,Knight,Celesta,810,"18,525",Boss Points
729,Holy Bull,Exalted Monk,Secura,783,"18,525",Boss Points
729,Knilk,Elder Druid,Harmonia,671,"18,525",Boss Points
729,Sciu Lany,Royal Paladin,Bona,718,"18,525",Boss Points
733,Reque Ztek,Master Sorcerer,Xyla,1251,"18,510",Boss Points
734,Beretta Rex,Royal Paladin,Pacera,736,"18,505",Boss Points
734,Bravo Adventurer,Elder Druid,Descubra,738,"18,505",Boss Points
734,Minipadzior,Elder Druid,Celesta,824,"18,505",Boss Points
734,Wlodarzka,Elite Knight,Xyla,1363,"18,505",Boss Points
738,Pizzabuddy,Elite Knight,Nevia,837,"18,500",Boss Points
739,Kolcho,Knight,Secura,906,"18,495",Boss Points
740,Meepoww,Elite Knight,Serdebra,262,"18,485",Boss Points
740,Nrwing,Elite Knight,Antica,866,"18,485",Boss Points
742,Dark Ruizu,Royal Paladin,Solidera,541,"18,480",Boss Points
743,Szym zlo,Royal Paladin,Monza,883,"18,475",Boss Points
744,Daragan Ukor,Master Sorcerer,Yonabra,717,"18,470",Boss Points
745,Bo cian,Elite Knight,Harmonia,1283,"18,465",Boss Points
745,Trixzinos,Elite Knight,Honbra,1169,"18,465",Boss Points
747,Marivie,Royal Paladin,Premia,935,"18,455",Boss Points
748,Bocian Damora,Master Sorcerer,Karmeya,1560,"18,450",Boss Points
748,Sangralzim,Master Sorcerer,Astera,1301,"18,450",Boss Points
750,Norkulik,Royal Paladin,Celesta,963,"18,445",Boss Points
751,Busy Hands,Royal Paladin,Dia,739,"18,440",Boss Points
751,Diohon,Royal Paladin,Descubra,1469,"18,440",Boss Points
751,Menozin Rush,Master Sorcerer,Quelibra,1244,"18,440",Boss Points
751,Solstix Rider,Royal Paladin,Celesta,650,"18,440",Boss Points
755,Riivv,Master Sorcerer,Antica,1596,"18,435",Boss Points
756,Markelito,Elite Knight,Celesta,1657,"18,430",Boss Points
757,Charlover Zokh,Elder Druid,Monza,895,"18,425",Boss Points
758,Mal'Darko,Elite Knight,Peloria,645,"18,420",Boss Points
758,Sage of Ice,Elder Druid,Belobra,1017,"18,420",Boss Points
760,Aram Ever,Elite Knight,Monza,981,"18,415",Boss Points
760,Josisbela,Elite Knight,Ourobra,680,"18,415",Boss Points
762,Danaszk,Elder Druid,Jadebra,882,"18,410",Boss Points
762,Macieyo,Elder Druid,Thyria,1101,"18,410",Boss Points
764,Wojjtekk,Royal Paladin,Vunira,1294,"18,405",Boss Points
765,Anaforiant,Master Sorcerer,Secura,917,"18,390",Boss Points
766,Jobaz,Elite Knight,Ourobra,842,"18,385",Boss Points
766,Korni Muniz,Elite Knight,Monza,900,"18,385",Boss Points
766,Lana Snow,Elder Druid,Lobera,1177,"18,385",Boss Points
766,Raizor Hell,Elite Knight,Ferobra,795,"18,385",Boss Points
770,Wojtas Ede,Elder Druid,Secura,1523,"18,380",Boss Points
771,Cruzader Of The Plains,Royal Paladin,Quintera,1245,"18,370",Boss Points
771,Kazarka,Elder Druid,Celesta,1064,"18,370",Boss Points
771,Turion Templar,Elite Knight,Vunira,624,"18,370",Boss Points
774,Agent Korpulent,Master Sorcerer,Xyla,987,"18,365",Boss Points
774,Volcanic Doomfire,Elite Knight,Nefera,1001,"18,365",Boss Points
776,Archer Khusta,Royal Paladin,Belobra,814,"18,360",Boss Points
776,Synzento,Elite Knight,Descubra,1197,"18,360",Boss Points
776,Topteam Relaxado,Royal Paladin,Ustebra,1527,"18,360",Boss Points
779,Woman Spia,Royal Paladin,Quintera,1195,"18,355",Boss Points
780,Siup Bazar,Royal Paladin,Kalanta,861,"18,350",Boss Points
781,Belu,Master Sorcerer,Yonabra,1019,"18,345",Boss Points
781,Rydannn,Royal Paladin,Yovera,1087,"18,345",Boss Points
783,Azakim,Royal Paladin,Serdebra,1038,"18,340",Boss Points
784,Baztet,Elder Druid,Luminera,1192,"18,330",Boss Points
784,Big Chan,Royal Paladin,Gentebra,1189,"18,330",Boss Points
784,Ell Em,Elite Knight,Vunira,518,"18,330",Boss Points
784,Neyzao,Elder Druid,Yonabra,1191,"18,330",Boss Points
788,Fargate,Royal Paladin,Ustebra,1409,"18,325",Boss Points
788,Igreq,Royal Paladin,Kalanta,1138,"18,325",Boss Points
790,Blind Panter,Elite Knight,Bona,1367,"18,320",Boss Points
790,Chronic inflammation,Master Sorcerer,Nevia,1029,"18,320",Boss Points
792,Pank Sarm,Royal Paladin,Vunira,661,"18,310",Boss Points
793,Cyrfina,Elite Knight,Celesta,843,"18,300",Boss Points
793,Griford The Brown,Elder Druid,Kalibra,956,"18,300",Boss Points
793,Lovens,Elite Knight,Secura,1079,"18,300",Boss Points
796,Laloszk,Elder Druid,Yovera,524,"18,290",Boss Points
796,Rablat,Elite Knight,Peloria,945,"18,290",Boss Points
798,Ficoq Limitado,Royal Paladin,Quintera,1289,"18,285",Boss Points
799,Daso II,Royal Paladin,Antica,1624,"18,280",Boss Points
799,Xibran,Royal Paladin,Kalanta,1437,"18,280",Boss Points
801,Aquro Cacox,Royal Paladin,Descubra,1016,"18,275",Boss Points
801,Bamandua,Elite Knight,Issobra,1807,"18,275",Boss Points
801,Luki Jogandosolo,Elite Knight,Ourobra,839,"18,275",Boss Points
801,Nydrlileng Irtrupiks,Elder Druid,Karmeya,1421,"18,275",Boss Points
805,Bruxinhaz,Elder Druid,Belobra,852,"18,270",Boss Points
806,Elder Tidire,Elder Druid,Bona,828,"18,265",Boss Points
806,Olooz Rhaio,Elite Knight,Collabra,1393,"18,265",Boss Points
808,Dovath,Royal Paladin,Premia,1037,"18,260",Boss Points
808,Keruk,Elite Knight,Yonabra,1485,"18,260",Boss Points
810,Augusto Carpe,Master Sorcerer,Yonabra,684,"18,250",Boss Points
810,Diamanoo,Elite Knight,Antica,1045,"18,250",Boss Points
810,Ragha Healer,Elder Druid,Kalibra,2010,"18,250",Boss Points
813,Paul Hellscream,Elite Knight,Wintera,932,"18,245",Boss Points
814,Premislao,Royal Paladin,Bona,687,"18,240",Boss Points
815,Percept,Royal Paladin,Celesta,1144,"18,235",Boss Points
816,Midnigth,Elite Knight,Refugia,928,"18,230",Boss Points
816,Sanelo,Elder Druid,Quidera,911,"18,230",Boss Points
818,Bad Caos,Master Sorcerer,Harmonia,976,"18,225",Boss Points
818,Be xu,Elder Druid,Monza,2085,"18,225",Boss Points
820,Marcx Alystar,Elite Knight,Solidera,959,"18,210",Boss Points
821,Okotok Virado Noarco,Elder Druid,Ustebra,1082,"18,205",Boss Points
821,Sir Raok,Royal Paladin,Descubra,1205,"18,205",Boss Points
823,Natqa Senpai,Elder Druid,Xyla,1022,"18,185",Boss Points
824,Roxtor,Royal Paladin,Celesta,1083,"18,180",Boss Points
825,Kirby Joga Descalso,Elite Knight,Jadebra,817,"18,175",Boss Points
826,Berva,Royal Paladin,Premia,666,"18,170",Boss Points
826,Pechowy Rafcio,Royal Paladin,Xyla,1269,"18,170",Boss Points
828,Aragorn on Unitera,Elite Knight,Nefera,733,"18,165",Boss Points
828,Last Dragon Red,Royal Paladin,Astera,861,"18,165",Boss Points
828,Zimm Thornblade,Elite Knight,Celesta,972,"18,165",Boss Points
831,Piekielny Wojtus,Elder Druid,Antica,1217,"18,160",Boss Points
832,Creaxie,Elite Knight,Refugia,1046,"18,150",Boss Points
833,Bjo,Master Sorcerer,Quelibra,1635,"18,145",Boss Points
833,Ghost of Chimera,Royal Paladin,Solidera,1741,"18,145",Boss Points
835,Xokkoo,Royal Paladin,Belobra,1019,"18,140",Boss Points
836,Mirajane Wang,Elder Druid,Calmera,848,"18,135",Boss Points
837,Medianoche,Elder Druid,Bona,665,"18,130",Boss Points
837,Skrillex of Antica,Elite Knight,Antica,410,"18,130",Boss Points
839,Macabeo,Elite Knight,Wintera,779,"18,125",Boss Points
840,Brosif,Royal Paladin,Havera,1020,"18,110",Boss Points
840,Darkaayn,Master Sorcerer,Peloria,848,"18,110",Boss Points
840,Tanker Insane,Elite Knight,Celesta,1148,"18,110",Boss Points
843,Octuous,Elder Druid,Lobera,1775,"18,095",Boss Points
844,Only Hans,Elder Druid,Nevia,1376,"18,090",Boss Points
845,Queen Winterheart,Elite Knight,Ferobra,876,"18,085",Boss Points
846,Vulituri,Royal Paladin,Secura,1067,"18,080",Boss Points
847,Alux Shans,Elder Druid,Jadebra,711,"18,050",Boss Points
848,Khaqor,Elder Druid,Antica,944,"18,045",Boss Points
848,Skum Rayon,Royal Paladin,Luminera,1575,"18,045",Boss Points
850,Blaame,Elder Druid,Terribra,920,"18,040",Boss Points
850,Witaminki,Royal Paladin,Celesta,887,"18,040",Boss Points
852,Anakhim,Elite Knight,Gladera,812,"18,035",Boss Points
852,Kikaro,Elite Knight,Nefera,887,"18,035",Boss Points
854,Greater Fyoxer,Druid,Ourobra,503,"18,030",Boss Points
855,Karku,Royal Paladin,Kalibra,650,"18,025",Boss Points
856,Hakob,Elite Knight,Secura,834,"18,020",Boss Points
857,Captain Lovelock,Elite Knight,Bona,751,"18,015",Boss Points
858,Hanetza Dytholnizado,Elite Knight,Ombra,1069,"18,005",Boss Points
859,Kyvori Ascruo,Royal Paladin,Secura,1177,"18,000",Boss Points
859,Lazy Panda,Royal Paladin,Eclipta,1014,"18,000",Boss Points
859,Libarkwin,Elder Druid,Belobra,1153,"18,000",Boss Points
859,Tapalo,Elite Knight,Belobra,683,"18,000",Boss Points
863,Warmort,Elite Knight,Nefera,828,"17,990",Boss Points
864,Forseti Ases,Elite Knight,Belobra,1468,"17,985",Boss Points
864,Revauxzito,Master Sorcerer,Terribra,1016,"17,985",Boss Points
866,Cobra Inferno,Master Sorcerer,Karmeya,780,"17,980",Boss Points
866,Quis,Elite Knight,Premia,1166,"17,980",Boss Points
868,Mustzinho,Elder Druid,Venebra,1798,"17,975",Boss Points
869,Vatty,Elite Knight,Citra,1022,"17,955",Boss Points
870,Dakota,Elite Knight,Blumera,1635,"17,950",Boss Points
870,Naclara,Elite Knight,Gentebra,1248,"17,950",Boss Points
872,Polly Rockt Knight,Elite Knight,Calmera,759,"17,940",Boss Points
873,Devilzinn,Royal Paladin,Gentebra,805,"17,935",Boss Points
873,Lord Von Portter,Elder Druid,Bona,1033,"17,935",Boss Points
875,Ricorina,Master Sorcerer,Thyria,554,"17,925",Boss Points
876,Elder Krushev,Elder Druid,Descubra,1171,"17,920",Boss Points
876,Nosacz Kolumbijczyk,Elder Druid,Antica,752,"17,920",Boss Points
876,Strikiz,Elite Knight,Yonabra,1377,"17,920",Boss Points
879,Talyssah,Elite Knight,Ustebra,765,"17,910",Boss Points
880,Tetlion,Master Sorcerer,Kalanta,914,"17,905",Boss Points
880,Willtank Zica,Elite Knight,Terribra,1012,"17,905",Boss Points
882,Danxz,Royal Paladin,Belobra,797,"17,895",Boss Points
883,Galoriel,Master Sorcerer,Harmonia,717,"17,890",Boss Points
884,Adrixh,Elite Knight,Quintera,665,"17,885",Boss Points
884,Boolteer,Elder Druid,Thyria,721,"17,885",Boss Points
886,Believer Sam,Elite Knight,Celebra,618,"17,880",Boss Points
887,Doctorr Aurelio,Elder Druid,Issobra,1650,"17,875",Boss Points
887,Luuh Druid,Elder Druid,Gentebra,1282,"17,875",Boss Points
887,Miini Adus,Elder Druid,Eclipta,1344,"17,875",Boss Points
890,Ma Sativ,Elder Druid,Epoca,729,"17,870",Boss Points
890,Turogk,Elite Knight,Yovera,704,"17,870",Boss Points
892,Jakubabka,Elite Knight,Secura,752,"17,865",Boss Points
892,Ty cobb,Royal Paladin,Quelibra,981,"17,865",Boss Points
894,Natashia,Royal Paladin,Pacera,1021,"17,860",Boss Points
895,Brnin Encostado,Knight,Inabra,867,"17,850",Boss Points
896,King Dunha,Royal Paladin,Belobra,828,"17,840",Boss Points
896,Nightwing,Royal Paladin,Celesta,1011,"17,840",Boss Points
898,Cornelio,Elite Knight,Astera,622,"17,825",Boss Points
898,Rekovni,Elder Druid,Secura,1282,"17,825",Boss Points
900,Aimzz,Royal Paladin,Ustebra,850,"17,820",Boss Points
900,Sioy,Master Sorcerer,Ustebra,1075,"17,820",Boss Points
902,Just Chodor,Royal Paladin,Harmonia,884,"17,815",Boss Points
903,Pasztix,Elite Knight,Xyla,1000,"17,810",Boss Points
903,Zuxxy,Royal Paladin,Secura,725,"17,810",Boss Points
905,Iboomer,Elite Knight,Karmeya,694,"17,805",Boss Points
906,Lil Orusa,Elder Druid,Celesta,721,"17,800",Boss Points
907,Fely army,Elite Knight,Bona,696,"17,795",Boss Points
907,Hyogaki,Elder Druid,Honbra,1429,"17,795",Boss Points
907,Semsd,Master Sorcerer,Inabra,1279,"17,795",Boss Points
910,Mabcio,Elite Knight,Blumera,1008,"17,790",Boss Points
911,Mepi,Elite Knight,Secura,867,"17,785",Boss Points
911,Pan Siocher,Elder Druid,Nevia,1098,"17,785",Boss Points
911,Rinnyan,Royal Paladin,Oceanis,1011,"17,785",Boss Points
914,Forleta,Master Sorcerer,Belobra,1316,"17,780",Boss Points
914,Inso Rozo,Royal Paladin,Celesta,1107,"17,780",Boss Points
914,Niico,Royal Paladin,Ferobra,970,"17,780",Boss Points
917,Pixel Mag,Master Sorcerer,Nevia,1095,"17,770",Boss Points
918,Doug Devasso,Elite Knight,Collabra,1859,"17,765",Boss Points
919,Gera Hellscream,Elder Druid,Wintera,853,"17,755",Boss Points
919,Vinced,Elder Druid,Collabra,1344,"17,755",Boss Points
921,Gakild,Royal Paladin,Yonabra,1630,"17,750",Boss Points
921,Tiger Backwoods,Master Sorcerer,Quidera,1100,"17,750",Boss Points
923,Kennis,Elite Knight,Peloria,757,"17,745",Boss Points
923,Sneakerdoggo,Royal Paladin,Premia,936,"17,745",Boss Points
925,Baraii Fawkes,Master Sorcerer,Unebra,1278,"17,740",Boss Points
925,Everton Cavalheiro,Elite Knight,Serdebra,952,"17,740",Boss Points
927,Balas King,Royal Paladin,Nevia,1516,"17,735",Boss Points
927,Fiftyone Degrees Nord,Elite Knight,Premia,1188,"17,735",Boss Points
927,Noble Eagle,Elder Druid,Monza,656,"17,735",Boss Points
930,Danul,Elder Druid,Lobera,991,"17,720",Boss Points
930,Matg,Elder Druid,Vunira,754,"17,720",Boss Points
930,Rodriguin Fofoquinha,Elder Druid,Inabra,473,"17,720",Boss Points
933,Vituxo,Royal Paladin,Pacera,662,"17,715",Boss Points
934,Dragonidas,Master Sorcerer,Monza,1512,"17,710",Boss Points
935,Llust,Elite Knight,Issobra,1201,"17,705",Boss Points
936,King Nicolas Cage,Royal Paladin,Astera,537,"17,700",Boss Points
936,Notgis,Elite Knight,Secura,884,"17,700",Boss Points
938,Tigrokey,Elite Knight,Calmera,807,"17,695",Boss Points
939,Alko Popiool,Elite Knight,Eclipta,1316,"17,690",Boss Points
939,Druzum,Elder Druid,Lobera,1540,"17,690",Boss Points
939,Poderoso Knott,Master Sorcerer,Yonabra,863,"17,690",Boss Points
942,Tykhe Braba,Royal Paladin,Serdebra,929,"17,680",Boss Points
943,Mentalnaa Paskudaa,Royal Paladin,Talera,466,"17,670",Boss Points
943,Nifous,Elder Druid,Issobra,1199,"17,670",Boss Points
945,Asmitank Friolla,Royal Paladin,Jadebra,1546,"17,655",Boss Points
945,Rapa Dura,Elite Knight,Collabra,1433,"17,655",Boss Points
947,Engenheiro Yousef,Master Sorcerer,Terribra,888,"17,645",Boss Points
948,Camauk,Elite Knight,Secura,1110,"17,640",Boss Points
948,Muriiloo,Elder Druid,Belobra,1017,"17,640",Boss Points
948,Thorian Cros,Elder Druid,Kalibra,980,"17,640",Boss Points
951,King Adamo,Master Sorcerer,Secura,1282,"17,630",Boss Points
951,Poca Plata,Elder Druid,Citra,1027,"17,630",Boss Points
951,Vi Kirschblute,Elder Druid,Kalibra,807,"17,630",Boss Points
954,Peexee Charlover,Royal Paladin,Vunira,1004,"17,625",Boss Points
955,Mighty Keven,Elite Knight,Tornabra,1057,"17,620",Boss Points
956,Ksoares,Royal Paladin,Ferobra,668,"17,615",Boss Points
957,Daverlito,Royal Paladin,Bona,1838,"17,610",Boss Points
958,Ain Cafezinhuuuu,Master Sorcerer,Yonabra,812,"17,605",Boss Points
958,Az ao,Master Sorcerer,Venebra,1063,"17,605",Boss Points
958,Biaalyxx,Master Sorcerer,Celesta,1721,"17,605",Boss Points
958,Disegor,Elite Knight,Kalanta,930,"17,605",Boss Points
958,The Mazino,Exalted Monk,Antica,823,"17,605",Boss Points
963,Hekobs,Elder Druid,Belobra,779,"17,600",Boss Points
963,King Activist,Elite Knight,Quidera,920,"17,600",Boss Points
963,Tammet,Royal Paladin,Monza,969,"17,600",Boss Points
966,Orphen,Royal Paladin,Secura,1049,"17,595",Boss Points
966,Spaju Va,Royal Paladin,Karmeya,1057,"17,595",Boss Points
968,Violent Veber,Royal Paladin,Ourobra,1063,"17,590",Boss Points
969,Non Lifers Karol,Master Sorcerer,Retalia,1088,"17,585",Boss Points
970,Elderen,Master Sorcerer,Astera,1048,"17,580",Boss Points
970,Old Esgliks,Royal Paladin,Menera,800,"17,580",Boss Points
972,Bomber Tov,Elite Knight,Belobra,1265,"17,575",Boss Points
972,Rhoger Matanovatos,Royal Paladin,Talera,673,"17,575",Boss Points
972,Tyrann Undead,Elite Knight,Nevia,1253,"17,575",Boss Points
975,Eksi Czan,Royal Paladin,Quintera,1151,"17,570",Boss Points
975,Hane lilia,Royal Paladin,Quintera,687,"17,570",Boss Points
977,Rogue Oil Trader,Elite Knight,Premia,810,"17,565",Boss Points
978,Brat Mojego Brata,Elder Druid,Xyla,574,"17,560",Boss Points
978,Finckz,Royal Paladin,Yovera,1255,"17,560",Boss Points
978,Tuco Boladaoo,Elite Knight,Quelibra,834,"17,560",Boss Points
981,Nah Uel,Elder Druid,Honbra,1047,"17,550",Boss Points
982,Mytth Dearrow,Royal Paladin,Yonabra,1240,"17,545",Boss Points
983,Galeski,Elder Druid,Venebra,1491,"17,540",Boss Points
984,Ballin Zero,Royal Paladin,Dia,1482,"17,535",Boss Points
984,Lil Marucha,Elite Knight,Havera,1024,"17,535",Boss Points
986,Many Mern,Elder Druid,Secura,990,"17,530",Boss Points
987,Mo to ca,Paladin,Kalibra,554,"17,520",Boss Points
987,Ulany Mis,Elite Knight,Nevia,944,"17,520",Boss Points
989,Mestre Okay,Elite Knight,Belobra,969,"17,515",Boss Points
990,Gerryp,Royal Paladin,Xyla,884,"17,510",Boss Points
991,Ihhago,Master Sorcerer,Descubra,891,"17,505",Boss Points
991,Piatka,Royal Paladin,Harmonia,1779,"17,505",Boss Points
993,Konsi Con Sa,Elder Druid,Nevia,981,"17,490",Boss Points
993,Majster Skower,Elder Druid,Bona,761,"17,490",Boss Points
995,Gawr Guras,Elite Knight,Pacera,803,"17,480",Boss Points
995,Merciless Fury,Royal Paladin,Nevia,728,"17,480",Boss Points
995,Vini Herdeiro,Elder Druid,Ourobra,1194,"17,480",Boss Points
998,Ronan Mago Branco,Elder Druid,Descubra,835,"17,475",Boss Points
998,Toxicah,Elder Druid,Rasteibra,1139,"17,475",Boss Points
1000,Nuan Sumon,Master Sorcerer,Quelibra,621,"17,470",Boss Points
