Rank,Name,Vocation,World,Level,Points,category,vocation_id
1,Alpha Charlyne,Exalted Monk,Kalibra,679,"1,422",Achievements,0
2,Firdeso,Master Sorcerer,Secura,1166,"1,407",Achievements,0
3,Garoto Do Sorriso,Elite Knight,Yonabra,777,"1,401",Achievements,0
3,Madroox,Elite Knight,Oceanis,805,"1,401",Achievements,0
5,Natth Morza,Elite Knight,Secura,881,"1,386",Achievements,0
6,Gznho,Royal Paladin,Yonabra,977,"1,375",Achievements,0
7,Bil Boladao,Elite Knight,Yonabra,1045,"1,373",Achievements,0
8,Horon Aoldas,Master Sorcerer,Vunira,1016,"1,370",Achievements,0
9,Alpha Charly,Royal Paladin,Gentebra,2027,"1,368",Achievements,0
10,Mathias Bynens,Royal Paladin,Vunira,1415,"1,367",Achievements,0
11,Annie Arelluf,Elite Knight,Yonabra,843,"1,365",Achievements,0
12,Lana Snow,Elder Druid,Lobera,1161,"1,362",Achievements,0
13,Lord Strikee,Elder Druid,Harmonia,1357,"1,359",Achievements,0
14,Chronus Legacy,Elite Knight,Celebra,1618,"1,356",Achievements,0
14,Craig the knight,Elite Knight,Lobera,931,"1,356",Achievements,0
16,Fina Sirius,Elite Knight,Gentebra,1632,"1,355",Achievements,0
16,Niquit,Master Sorcerer,Antica,1705,"1,355",Achievements,0
18,Celso,Elder Druid,Nevia,1641,"1,354",Achievements,0
19,Marcus Eon,Elite Knight,Thyria,907,"1,353",Achievements,0
20,Dreams,Elder Druid,Yonabra,1361,"1,352",Achievements,0
20,Fully,Royal Paladin,Secura,1100,"1,352",Achievements,0
20,Niix Insanity,Elite Knight,Jadebra,898,"1,352",Achievements,0
23,Zocsik,Elder Druid,Wintera,1122,"1,351",Achievements,0
24,Torkel Ironman,Elite Knight,Issobra,738,"1,350",Achievements,0
25,Chicofatman,Elder Druid,Nevia,1393,"1,348",Achievements,0
26,Caaok,Royal Paladin,Belobra,2093,"1,347",Achievements,0
26,Danan the shihan,Elite Knight,Quintera,1659,"1,347",Achievements,0
26,Ezudux,Royal Paladin,Gentebra,2019,"1,347",Achievements,0
29,Axy,Elder Druid,Yonabra,1371,"1,345",Achievements,0
29,Fok,Royal Paladin,Secura,1540,"1,345",Achievements,0
31,Flanbers Penn,Royal Paladin,Yonabra,1849,"1,344",Achievements,0
31,Machinbear,Elite Knight,Celebra,1118,"1,344",Achievements,0
31,Sibon Faur,Elite Knight,Vunira,1189,"1,344",Achievements,0
34,Kaos Sharis,Master Sorcerer,Astera,507,"1,343",Achievements,0
35,Dcko,Master Sorcerer,Secura,941,"1,342",Achievements,0
36,Meepoww,Elite Knight,Serdebra,140,"1,341",Achievements,0
36,Oswaldo Toxico,Royal Paladin,Kalibra,2035,"1,341",Achievements,0
38,Yunski,Royal Paladin,Secura,2142,"1,340",Achievements,0
39,Enjoy,Elder Druid,Gravitera,1124,"1,338",Achievements,0
40,Alex Froggy,Royal Paladin,Vunira,1481,"1,337",Achievements,0
40,Astary,Elite Knight,Collabra,797,"1,337",Achievements,0
40,Rado of Elera,Elite Knight,Vunira,934,"1,337",Achievements,0
43,Mente Brilhante,Royal Paladin,Gentebra,887,"1,335",Achievements,0
43,Zalina Myth,Elite Knight,Vunira,1193,"1,335",Achievements,0
45,Khena,Master Sorcerer,Havera,1024,"1,334",Achievements,0
45,Krueger,Elite Knight,Kalibra,1446,"1,334",Achievements,0
47,Melzinho de Feira,Royal Paladin,Yonabra,615,"1,333",Achievements,0
48,Cavots,Elite Knight,Ustebra,1017,"1,332",Achievements,0
48,Matt Paladiin,Royal Paladin,Gentebra,1369,"1,332",Achievements,0
48,Stugaan,Elite Knight,Gravitera,1377,"1,332",Achievements,0
48,Thunderfist,Elite Knight,Peloria,1354,"1,332",Achievements,0
48,Tio Cidinho,Royal Paladin,Venebra,875,"1,332",Achievements,0
53,Enjoys,Master Sorcerer,Gravitera,818,"1,331",Achievements,0
53,Lord Marshals,Royal Paladin,Peloria,1612,"1,331",Achievements,0
55,Teddy Gangsta,Elder Druid,Yovera,658,"1,330",Achievements,0
56,Ki Naitao Olim,Elite Knight,Belobra,2459,"1,329",Achievements,0
56,Magico Mago,Master Sorcerer,Nefera,1380,"1,329",Achievements,0
56,Old Noe,Royal Paladin,Secura,1959,"1,329",Achievements,0
56,Special Frank,Elder Druid,Serdebra,1519,"1,329",Achievements,0
60,Fus Evil,Elite Knight,Kalibra,866,"1,328",Achievements,0
60,Guii,Elite Knight,Celebra,2403,"1,328",Achievements,0
60,Hero Reis,Royal Paladin,Astera,2338,"1,328",Achievements,0
60,Machado Purosangue,Elite Knight,Kalibra,1893,"1,328",Achievements,0
60,The Sauron,Elite Knight,Serdebra,1235,"1,328",Achievements,0
65,Enduroman,Elite Knight,Harmonia,1233,"1,323",Achievements,0
65,Tyroks,Elder Druid,Premia,1065,"1,323",Achievements,0
67,Aluxi,Master Sorcerer,Kalibra,1760,"1,322",Achievements,0
67,Lady Tafuri,Elite Knight,Nefera,1829,"1,322",Achievements,0
67,Myrkz,Royal Paladin,Lobera,1513,"1,322",Achievements,0
70,Quiet,Royal Paladin,Epoca,1133,"1,321",Achievements,0
71,Silent Kishi,Elite Knight,Yovera,1264,"1,320",Achievements,0
71,Zmuts,Master Sorcerer,Monza,1898,"1,320",Achievements,0
73,Ghost of Chimera,Royal Paladin,Solidera,1705,"1,319",Achievements,0
73,Issmahan,Elder Druid,Premia,1445,"1,319",Achievements,0
73,Khamir,Elder Druid,Harmonia,1028,"1,319",Achievements,0
73,Shidden,Royal Paladin,Gladibra,1287,"1,319",Achievements,0
77,Rayn Shus,Elite Knight,Celebra,1018,"1,318",Achievements,0
78,Fouls,Royal Paladin,Yonabra,575,"1,317",Achievements,0
78,Leifmaa,Master Sorcerer,Peloria,860,"1,317",Achievements,0
80,Aliiny,Elite Knight,Lobera,858,"1,316",Achievements,0
80,Neggich,Master Sorcerer,Havera,1493,"1,316",Achievements,0
80,Offf Liiineee,Elite Knight,Wintera,767,"1,316",Achievements,0
80,Turyan,Royal Paladin,Descubra,1014,"1,316",Achievements,0
84,Ano Vix,Elder Druid,Gravitera,1103,"1,315",Achievements,0
85,Boy Ousado,Elder Druid,Obscubra,1532,"1,313",Achievements,0
85,Quis,Elite Knight,Premia,1133,"1,313",Achievements,0
85,Salsa Agridoce,Royal Paladin,Oceanis,1384,"1,313",Achievements,0
88,Coy Doido,Royal Paladin,Belobra,1416,"1,312",Achievements,0
88,Edwarro,Elite Knight,Monza,1361,"1,312",Achievements,0
88,Flipias,Master Sorcerer,Quintera,1309,"1,312",Achievements,0
88,Mirotth,Elite Knight,Belobra,1969,"1,312",Achievements,0
88,Vannak Wrath,Elder Druid,Gentebra,1291,"1,312",Achievements,0
93,Dougmir,Elite Knight,Yonabra,818,"1,308",Achievements,0
93,Sweaty Kamish,Elite Knight,Secura,932,"1,308",Achievements,0
95,Janni,Royal Paladin,Secura,1179,"1,307",Achievements,0
95,Koztos,Elite Knight,Secura,887,"1,307",Achievements,0
95,Sir Iguela,Elite Knight,Bona,1103,"1,307",Achievements,0
95,Tiroz,Elite Knight,Gentebra,871,"1,307",Achievements,0
99,Cardinale Habby,Royal Paladin,Peloria,953,"1,306",Achievements,0
99,Cornus Mass,Royal Paladin,Monza,765,"1,306",Achievements,0
99,Elite Diabeu,Elite Knight,Secura,708,"1,306",Achievements,0
99,Libi,Elite Knight,Lobera,1268,"1,306",Achievements,0
99,Watroba sorcerer,Master Sorcerer,Refugia,1097,"1,306",Achievements,0
104,Edgar De'Furious,Elite Knight,Gentebra,728,"1,305",Achievements,0
104,Max Fleury,Elite Knight,Celebra,2087,"1,305",Achievements,0
106,Dash Deluxe,Master Sorcerer,Secura,1658,"1,304",Achievements,0
106,Daso II,Royal Paladin,Antica,1605,"1,304",Achievements,0
106,Losing Sleep,Master Sorcerer,Yonabra,1103,"1,304",Achievements,0
106,Maya Zares,Elite Knight,Yonabra,615,"1,304",Achievements,0
106,Vituxo,Royal Paladin,Pacera,648,"1,304",Achievements,0
111,Cow Rods,Elder Druid,Gentebra,618,"1,303",Achievements,0
111,Zoi Robacena,Royal Paladin,Ferobra,1183,"1,303",Achievements,0
113,Rpe Fred,Royal Paladin,Quelibra,1107,"1,302",Achievements,0
113,Zyro'flame,Master Sorcerer,Secura,1411,"1,302",Achievements,0
115,Brighid Grand Explorateur,Elite Knight,Yonabra,889,"1,301",Achievements,0
115,Dakota,Elite Knight,Esmera,1621,"1,301",Achievements,0
117,Abilidibob,Elite Knight,Descubra,730,"1,300",Achievements,0
117,Exalted Herb,Royal Paladin,Yonabra,822,"1,300",Achievements,0
117,Uriel Simacek,Elite Knight,Kalibra,904,"1,300",Achievements,0
117,Xivana,Elder Druid,Peloria,1554,"1,300",Achievements,0
121,Aeranthir,Royal Paladin,Lobera,853,"1,299",Achievements,0
121,Darelo Palestrino,Royal Paladin,Gentebra,1189,"1,299",Achievements,0
121,Grisam,Elite Knight,Gravitera,1374,"1,299",Achievements,0
124,Kate Walker,Elite Knight,Nevia,1291,"1,297",Achievements,0
124,Kharsek,Elite Knight,Gladera,1985,"1,297",Achievements,0
124,Nasty Kasper,Royal Paladin,Antica,1257,"1,297",Achievements,0
124,Vand Woodstock,Elder Druid,Inabra,1017,"1,297",Achievements,0
124,Vicyous,Elite Knight,Calmera,1603,"1,297",Achievements,0
129,Bullistic,Royal Paladin,Lobera,1401,"1,296",Achievements,0
129,Icuu,Elder Druid,Ombra,996,"1,296",Achievements,0
129,Kilseno,Royal Paladin,Secura,1262,"1,296",Achievements,0
129,Silverx,Elite Knight,Gentebra,610,"1,296",Achievements,0
133,Rhania,Elder Druid,Celesta,1290,"1,295",Achievements,0
133,Shayddex,Elite Knight,Oceanis,752,"1,295",Achievements,0
135,Aurea Atti,Elder Druid,Gentebra,876,"1,294",Achievements,0
135,Czikita,Elder Druid,Secura,2053,"1,294",Achievements,0
135,Slodka Ulcia,Royal Paladin,Secura,782,"1,294",Achievements,0
135,Suuper-Till,Elder Druid,Yonabra,952,"1,294",Achievements,0
135,Tigrokey,Elite Knight,Calmera,793,"1,294",Achievements,0
135,True Woo Dy,Elite Knight,Inabra,1314,"1,294",Achievements,0
141,Kareka on quelibra,Royal Paladin,Quelibra,858,"1,293",Achievements,0
141,Ninja,Royal Paladin,Yonabra,1574,"1,293",Achievements,0
141,Ultimate Blood,Elite Knight,Serdebra,805,"1,293",Achievements,0
141,Wladek Slawek,Druid,Celesta,839,"1,293",Achievements,0
145,Piiloto Bighead,Elite Knight,Etebra,1219,"1,292",Achievements,0
146,Darken wolf,Royal Paladin,Luminera,1281,"1,291",Achievements,0
146,Kbessa Charlove,Master Sorcerer,Ombra,822,"1,291",Achievements,0
146,Ty cobb,Royal Paladin,Quelibra,972,"1,291",Achievements,0
149,Eric Backhome,Elite Knight,Peloria,590,"1,290",Achievements,0
149,White hair,Master Sorcerer,Refugia,796,"1,290",Achievements,0
151,Dill Zica,Royal Paladin,Obscubra,1113,"1,289",Achievements,0
152,Cieniaseq,Elder Druid,Refugia,926,"1,288",Achievements,0
152,Kafkacoli,Elite Knight,Nevia,1069,"1,288",Achievements,0
154,Extremz,Elder Druid,Secura,695,"1,287",Achievements,0
155,Felipe Montez,Royal Paladin,Secura,1147,"1,286",Achievements,0
155,Instalek,Elite Knight,Secura,1088,"1,286",Achievements,0
155,Knight of Rafael,Elite Knight,Quelibra,1658,"1,286",Achievements,0
155,Lord Zilez,Master Sorcerer,Vunira,1085,"1,286",Achievements,0
155,Mytth Dearrow,Royal Paladin,Yonabra,1218,"1,286",Achievements,0
160,Axnavar,Royal Paladin,Secura,604,"1,285",Achievements,0
160,Inge Naning,Sorcerer,Nevia,975,"1,285",Achievements,0
160,Nius,Elite Knight,Pacera,794,"1,285",Achievements,0
160,Rockstacker Cleve,Elder Druid,Nevia,1208,"1,285",Achievements,0
164,Haarin,Elder Druid,Monza,1720,"1,284",Achievements,0
164,Heltriz,Royal Paladin,Dia,938,"1,284",Achievements,0
164,Marius,Royal Paladin,Ustebra,662,"1,284",Achievements,0
167,Bat Person,Elite Knight,Secura,1137,"1,283",Achievements,0
167,Celsiin,Elite Knight,Kalibra,1341,"1,283",Achievements,0
167,Judge,Royal Paladin,Celebra,1875,"1,283",Achievements,0
167,Mazter Chiief,Elder Druid,Astera,1145,"1,283",Achievements,0
167,Rayo,Royal Paladin,Gentebra,2372,"1,283",Achievements,0
167,Whayz,Elite Knight,Monza,858,"1,283",Achievements,0
173,Jhongsters Jack,Elite Knight,Celebra,716,"1,282",Achievements,0
174,Exterminador,Sorcerer,Inabra,1124,"1,281",Achievements,0
174,Frodo-Junior,Elder Druid,Yonabra,908,"1,281",Achievements,0
174,Knightz Oz,Elite Knight,Nefera,762,"1,281",Achievements,0
174,Paladino Monte,Royal Paladin,Gentebra,1573,"1,281",Achievements,0
174,Rabada com Agriao,Elite Knight,Gladera,781,"1,281",Achievements,0
179,Distancehunter,Royal Paladin,Antica,634,"1,280",Achievements,0
179,Flipius,Elite Knight,Quintera,502,"1,280",Achievements,0
179,Kyliee Minogue,Royal Paladin,Harmonia,825,"1,280",Achievements,0
179,Mage Barker,Druid,Quintera,1014,"1,280",Achievements,0
179,Sarys Sire,Elder Druid,Secura,816,"1,280",Achievements,0
184,Fire Draggon,Elite Knight,Quintera,1313,"1,279",Achievements,0
184,Mendanha,Master Sorcerer,Belobra,1365,"1,279",Achievements,0
184,Tharum,Elite Knight,Celesta,1009,"1,279",Achievements,0
187,Difovert,Elite Knight,Monza,1187,"1,278",Achievements,0
187,Itexo,Elite Knight,Secura,1205,"1,278",Achievements,0
187,Khilleron,Elite Knight,Refugia,1193,"1,278",Achievements,0
187,Lee kun,Elder Druid,Pacera,901,"1,278",Achievements,0
187,Michael Devil,Elite Knight,Harmonia,1022,"1,278",Achievements,0
187,Sage of Ice,Elder Druid,Belobra,1014,"1,278",Achievements,0
193,Baronkz,Royal Paladin,Bona,1049,"1,276",Achievements,0
193,Venoox,Royal Paladin,Celesta,2272,"1,276",Achievements,0
195,Awktistic,Elite Knight,Gladera,853,"1,275",Achievements,0
195,Bogus Apocalypse,Elder Druid,Refugia,830,"1,275",Achievements,0
195,Dark Ruizu,Royal Paladin,Solidera,525,"1,275",Achievements,0
195,Kuriz,Royal Paladin,Vitera,781,"1,275",Achievements,0
195,Nicolle Meraki,Elder Druid,Quidera,995,"1,275",Achievements,0
195,Nietoperko,Elite Knight,Harmonia,1111,"1,275",Achievements,0
201,Ka Rio Ka,Elite Knight,Descubra,568,"1,274",Achievements,0
201,Rullyan,Elite Knight,Astera,980,"1,274",Achievements,0
201,Valiiant krzychu,Royal Paladin,Secura,1241,"1,274",Achievements,0
201,Witthen,Knight,Calmera,772,"1,274",Achievements,0
205,Anatim,Royal Paladin,Thyria,1321,"1,273",Achievements,0
205,Arphaxad,Elder Druid,Wintera,1021,"1,273",Achievements,0
205,Audr'ey,Royal Paladin,Secura,893,"1,273",Achievements,0
205,Centenario de Torreon,Elite Knight,Talera,1014,"1,273",Achievements,0
205,Jadxz,Elder Druid,Talera,995,"1,273",Achievements,0
205,Juankz,Elite Knight,Lobera,1270,"1,273",Achievements,0
205,Neziar,Royal Paladin,Nefera,1172,"1,273",Achievements,0
205,Ruzx,Elder Druid,Luminera,1106,"1,273",Achievements,0
213,Bjo,Master Sorcerer,Quelibra,1608,"1,272",Achievements,0
213,Kiikesz,Elite Knight,Wintera,1083,"1,272",Achievements,0
213,Sir Lord Demolay,Elite Knight,Yonabra,1053,"1,272",Achievements,0
213,Ze Paladin Unitera,Royal Paladin,Belobra,705,"1,272",Achievements,0
217,Bocian Damora,Master Sorcerer,Karmeya,1513,"1,271",Achievements,0
217,Dardar Zamoldimor,Royal Paladin,Celesta,976,"1,271",Achievements,0
219,Aleardillitax,Elite Knight,Serdebra,806,"1,269",Achievements,0
219,Darkside the ghost,Elite Knight,Bona,1516,"1,269",Achievements,0
219,El Iguana,Elder Druid,Menera,1089,"1,269",Achievements,0
219,Kisiel Grillowany,Elite Knight,Premia,1268,"1,269",Achievements,0
223,Askrates,Elite Knight,Secura,1129,"1,268",Achievements,0
223,Lormora,Master Sorcerer,Monza,1784,"1,268",Achievements,0
223,Szubik,Elite Knight,Karmeya,577,"1,268",Achievements,0
223,Toxino,Elite Knight,Talera,1050,"1,268",Achievements,0
227,Gohanoski,Royal Paladin,Pacera,1975,"1,267",Achievements,0
227,Tuuelhinha,Knight,Belobra,821,"1,267",Achievements,0
229,Gutzim,Knight,Inabra,803,"1,266",Achievements,0
229,Magier kalinowa,Elder Druid,Bona,831,"1,266",Achievements,0
231,Daf Knight,Elite Knight,Gentebra,777,"1,264",Achievements,0
231,Jhann,Elite Knight,Kalibra,1369,"1,264",Achievements,0
231,Pro Feta,Master Sorcerer,Luminera,1297,"1,264",Achievements,0
234,Cubbii,Royal Paladin,Celesta,1455,"1,263",Achievements,0
234,Dih Licia,Master Sorcerer,Etebra,734,"1,263",Achievements,0
234,Raaro,Master Sorcerer,Ustebra,1638,"1,263",Achievements,0
234,Tecek,Royal Paladin,Refugia,2270,"1,263",Achievements,0
238,Dolaa,Elite Knight,Bona,828,"1,262",Achievements,0
238,Eternia Sniper,Royal Paladin,Vunira,807,"1,262",Achievements,0
240,Chivolli,Elite Knight,Nevia,764,"1,261",Achievements,0
240,Magic Heals,Elder Druid,Secura,1175,"1,261",Achievements,0
242,Bullest,Elite Knight,Pacera,1065,"1,260",Achievements,0
242,Lynuux,Elder Druid,Celebra,2226,"1,260",Achievements,0
242,Norelli,Master Sorcerer,Thyria,764,"1,260",Achievements,0
245,Homelander,Elite Knight,Rasteibra,753,"1,259",Achievements,0
245,Megazord Lamboso,Elder Druid,Inabra,1293,"1,259",Achievements,0
245,Xavier Eon,Elder Druid,Thyria,727,"1,259",Achievements,0
248,Achievemaniac,Royal Paladin,Belobra,529,"1,258",Achievements,0
248,Romper ek,Elite Knight,Harmonia,888,"1,258",Achievements,0
250,Andrewsek,Elite Knight,Nefera,1189,"1,257",Achievements,0
250,Hubi Nhows,Master Sorcerer,Quelibra,1002,"1,257",Achievements,0
250,Ja co,Elite Knight,Refugia,2085,"1,257",Achievements,0
253,Darkz Leo,Master Sorcerer,Gentebra,1879,"1,256",Achievements,0
253,Healing Bae,Elder Druid,Secura,707,"1,256",Achievements,0
253,Morbo Mabyst,Master Sorcerer,Collabra,822,"1,256",Achievements,0
253,Rich Patrol,Elder Druid,Monza,1564,"1,256",Achievements,0
257,Chelzea,Elite Knight,Lobera,590,"1,255",Achievements,0
257,Puner,Master Sorcerer,Ustebra,916,"1,255",Achievements,0
259,Bella Ayuni,Elder Druid,Gentebra,804,"1,254",Achievements,0
259,Dragon Higa,Royal Paladin,Issobra,1043,"1,254",Achievements,0
261,Allan kardec,Druid,Talera,702,"1,253",Achievements,0
261,Diego Royal,Royal Paladin,Celebra,1194,"1,253",Achievements,0
263,Arwa the Hunter,Royal Paladin,Nevia,678,"1,252",Achievements,0
263,Bijou Kidi,Elder Druid,Antica,830,"1,252",Achievements,0
263,Elv'en hunter,Royal Paladin,Menera,951,"1,252",Achievements,0
263,Jak Glorion,Elite Knight,Astera,726,"1,252",Achievements,0
263,Maxigashi,Elite Knight,Secura,1114,"1,252",Achievements,0
263,Vinicius shocks,Elite Knight,Pacera,280,"1,252",Achievements,0
269,Dergrom,Elite Knight,Secura,771,"1,251",Achievements,0
270,Halloiv,Elite Knight,Gentebra,1462,"1,250",Achievements,0
271,Alucarr,Royal Paladin,Antica,930,"1,249",Achievements,0
271,Aritmancia,Elder Druid,Wintera,1433,"1,249",Achievements,0
271,Marizinhahh'Dragon,Master Sorcerer,Celebra,1150,"1,249",Achievements,0
271,Ronan Mago Branco,Elder Druid,Descubra,818,"1,249",Achievements,0
271,Warglaiven,Royal Paladin,Kalibra,1828,"1,249",Achievements,0
276,Enri Crys,Elite Knight,Antica,706,"1,248",Achievements,0
276,Krannor,Elite Knight,Ustebra,1020,"1,248",Achievements,0
276,Turion Templar,Elite Knight,Vunira,620,"1,248",Achievements,0
279,Downdolino,Royal Paladin,Nefera,1297,"1,247",Achievements,0
280,Carless tudel,Druid,Harmonia,669,"1,246",Achievements,0
280,Fouls Souls,Elite Knight,Pacera,930,"1,246",Achievements,0
280,Maggical,Master Sorcerer,Gravitera,1511,"1,246",Achievements,0
280,Moriteru,Master Sorcerer,Peloria,686,"1,246",Achievements,0
280,Sir Castellan,Royal Paladin,Kalibra,767,"1,246",Achievements,0
280,Tebewolf,Elite Knight,Serdebra,673,"1,246",Achievements,0
280,Umbrakadabra,Master Sorcerer,Astera,728,"1,246",Achievements,0
287,Adriano Dourden,Royal Paladin,Secura,920,"1,245",Achievements,0
287,Shadon Shard,Elder Druid,Gentebra,708,"1,245",Achievements,0
289,Amra Mana,Elite Knight,Havera,1076,"1,244",Achievements,0
289,Markelito,Elite Knight,Celesta,1634,"1,244",Achievements,0
291,Alluring Sapphire,Elder Druid,Refugia,863,"1,243",Achievements,0
291,Amazing Raffu,Royal Paladin,Gravitera,1237,"1,243",Achievements,0
291,Hyrox,Elite Knight,Calmera,884,"1,243",Achievements,0
291,Inappropriate Soul,Master Sorcerer,Secura,1279,"1,243",Achievements,0
291,Lord Escurruzo,Elder Druid,Secura,1429,"1,243",Achievements,0
291,Tadzik na Gore,Master Sorcerer,Secura,764,"1,243",Achievements,0
297,Draiimo,Elite Knight,Belobra,822,"1,242",Achievements,0
297,Elder Tidire,Elder Druid,Bona,816,"1,242",Achievements,0
299,Maarculino,Royal Paladin,Jadebra,2036,"1,241",Achievements,0
299,Oblivionb,Elder Druid,Inabra,1112,"1,241",Achievements,0
299,Proudmane,Druid,Peloria,987,"1,241",Achievements,0
302,Divine Hallux,Elite Knight,Oceanis,1226,"1,240",Achievements,0
303,Daemon gizmo,Elder Druid,Firmera,839,"1,239",Achievements,0
303,Prowaters,Elite Knight,Thyria,820,"1,239",Achievements,0
303,Pyro Abdu,Elder Druid,Serdebra,1127,"1,239",Achievements,0
303,Serenie,Elite Knight,Wintera,443,"1,239",Achievements,0
303,Szujin,Master Sorcerer,Pacera,1339,"1,239",Achievements,0
308,Alfadur Druid,Elder Druid,Yonabra,869,"1,238",Achievements,0
308,Alukhard,Elite Knight,Quelibra,571,"1,238",Achievements,0
308,Art Archero,Royal Paladin,Dia,415,"1,238",Achievements,0
308,Dranongar,Elite Knight,Astera,721,"1,238",Achievements,0
308,Er ii,Elder Druid,Wintera,1093,"1,238",Achievements,0
308,Osio Yuya,Elite Knight,Inabra,1340,"1,238",Achievements,0
308,Suta Charlovinho,Elder Druid,Wintera,720,"1,238",Achievements,0
308,Tama,Elder Druid,Venebra,473,"1,238",Achievements,0
308,Thia guin,Elder Druid,Yonabra,1157,"1,238",Achievements,0
317,Akarians Demons,Royal Paladin,Gladera,759,"1,237",Achievements,0
317,Duau,Paladin,Yonabra,1218,"1,237",Achievements,0
317,Everton Cavalheiro,Elite Knight,Serdebra,934,"1,237",Achievements,0
317,Filemona,Elder Druid,Secura,574,"1,237",Achievements,0
317,Nufrevi,Royal Paladin,Bona,501,"1,237",Achievements,0
317,Orphen,Royal Paladin,Secura,1035,"1,237",Achievements,0
323,Brobanana,Elite Knight,Peloria,791,"1,236",Achievements,0
323,Colonel Kloss,Elite Knight,Secura,758,"1,236",Achievements,0
323,Jercito,Elder Druid,Gladera,618,"1,236",Achievements,0
323,Jeremy Fisher,Royal Paladin,Wintera,377,"1,236",Achievements,0
323,Moonryel,Master Sorcerer,Kalibra,1938,"1,236",Achievements,0
328,Bad Sauce,Elite Knight,Havera,1107,"1,235",Achievements,0
328,Don Forasteiro,Elite Knight,Celebra,1052,"1,235",Achievements,0
328,Espeto Knight,Elite Knight,Celebra,1133,"1,235",Achievements,0
328,General Lubektron,Elite Knight,Issobra,1620,"1,235",Achievements,0
328,Mauser Karabiner,Master Sorcerer,Venebra,625,"1,235",Achievements,0
333,Aqua Angel,Royal Paladin,Oceanis,776,"1,234",Achievements,0
333,Bloodrunk Leech,Exalted Monk,Lobera,897,"1,234",Achievements,0
333,Hirille Hero,Elite Knight,Ourobra,196,"1,234",Achievements,0
336,Achilles Hurtz,Master Sorcerer,Etebra,1102,"1,233",Achievements,0
336,April Veriiky,Elder Druid,Refugia,707,"1,233",Achievements,0
336,Arkens Consignado,Elite Knight,Belobra,1045,"1,233",Achievements,0
336,Cavaleiro Zyn,Royal Paladin,Gentebra,1199,"1,233",Achievements,0
336,Gustye,Elite Knight,Menera,1308,"1,233",Achievements,0
336,Samhain Dreyar,Elite Knight,Calmera,782,"1,233",Achievements,0
336,Starsza Siostra Pietruchy,Royal Paladin,Nevia,461,"1,233",Achievements,0
336,Talisis,Royal Paladin,Refugia,820,"1,233",Achievements,0
336,Thoris Seph,Royal Paladin,Bona,631,"1,233",Achievements,0
345,Aurora Lily,Elite Knight,Wintera,1177,"1,232",Achievements,0
345,Dark Lord Morpheu,Elite Knight,Yonabra,1044,"1,232",Achievements,0
345,Meyrah,Master Sorcerer,Quidera,646,"1,232",Achievements,0
348,Gogrex,Royal Paladin,Xyla,1239,"1,231",Achievements,0
348,Ixp,Elite Knight,Gentebra,843,"1,231",Achievements,0
348,Ninja Knoub,Elite Knight,Descubra,1891,"1,231",Achievements,0
348,Rolan Aneon,Royal Paladin,Peloria,862,"1,231",Achievements,0
352,Gesiian,Elite Knight,Kalibra,1742,"1,230",Achievements,0
352,Guze,Elite Knight,Nefera,647,"1,230",Achievements,0
354,Darklight Cow,Master Sorcerer,Vunira,815,"1,229",Achievements,0
354,Dede Love,Elder Druid,Ferobra,1571,"1,229",Achievements,0
354,John the Developer,Elite Knight,Kalibra,1215,"1,229",Achievements,0
354,Paneva,Elder Druid,Thyria,533,"1,229",Achievements,0
358,Elyrea,Elder Druid,Antica,324,"1,227",Achievements,0
358,Heike Beleren,Elite Knight,Nefera,527,"1,227",Achievements,0
358,Killz,Master Sorcerer,Lobera,1273,"1,227",Achievements,0
358,Krysson,Royal Paladin,Vunira,1001,"1,227",Achievements,0
358,Rodrixh,Elder Druid,Lobera,1400,"1,227",Achievements,0
363,Ale Erpe,Royal Paladin,Antica,797,"1,226",Achievements,0
363,Siamix,Elite Knight,Quelibra,900,"1,226",Achievements,0
365,Ajmeh,Master Sorcerer,Solidera,570,"1,225",Achievements,0
365,Chimolina,Elder Druid,Harmonia,1156,"1,225",Achievements,0
365,Nootito,Royal Paladin,Nevia,846,"1,225",Achievements,0
365,Snakeraid,Elder Druid,Yonabra,1633,"1,225",Achievements,0
369,Black Buck,Master Sorcerer,Havera,697,"1,224",Achievements,0
369,Palisano,Royal Paladin,Thyria,1024,"1,224",Achievements,0
369,Rayrix,Elite Knight,Thyria,712,"1,224",Achievements,0
372,Fairy Fox,Elite Knight,Celebra,669,"1,223",Achievements,0
373,Dania Amr,Royal Paladin,Wintera,639,"1,222",Achievements,0
374,Assady,Master Sorcerer,Kalibra,899,"1,221",Achievements,0
374,Knight do Guga,Elite Knight,Nefera,776,"1,221",Achievements,0
374,Nocktambul,Master Sorcerer,Secura,805,"1,221",Achievements,0
374,Phait,Royal Paladin,Secura,985,"1,221",Achievements,0
378,King Activist,Elite Knight,Quidera,905,"1,220",Achievements,0
378,Rowik,Elder Druid,Celesta,974,"1,220",Achievements,0
380,Deoll,Elder Druid,Secura,1104,"1,219",Achievements,0
380,Drasski,Royal Paladin,Secura,1529,"1,219",Achievements,0
380,Jinbesan,Master Sorcerer,Karmeya,855,"1,219",Achievements,0
380,Smartguy,Royal Paladin,Secura,1183,"1,219",Achievements,0
380,Ututu Full,Royal Paladin,Dia,975,"1,219",Achievements,0
385,Forseti Ases,Elite Knight,Belobra,1434,"1,218",Achievements,0
385,Joao-Paulo,Elder Druid,Harmonia,700,"1,218",Achievements,0
385,Smuu,Elder Druid,Pacera,404,"1,218",Achievements,0
388,Galiazzi,Elite Knight,Ustebra,1179,"1,217",Achievements,0
388,Headshotter,Royal Paladin,Kalibra,592,"1,217",Achievements,0
388,Lady Yakassi,Elder Druid,Peloria,662,"1,217",Achievements,0
388,Mystic Glance,Elder Druid,Vunira,1207,"1,217",Achievements,0
388,Propaganda Tong Po,Elder Druid,Harmonia,1039,"1,217",Achievements,0
388,Tavadur,Royal Paladin,Secura,509,"1,217",Achievements,0
394,Lord Chauz,Elite Knight,Honbra,716,"1,216",Achievements,0
394,Luziadas,Elite Knight,Menera,1268,"1,216",Achievements,0
394,Mathewziin,Elite Knight,Quelibra,1402,"1,216",Achievements,0
397,Petersburski Elektryk,Elder Druid,Antica,560,"1,215",Achievements,0
398,Ecliptico Sauer,Elder Druid,Wintera,806,"1,214",Achievements,0
398,Fernandinho from Fortera,Elder Druid,Gladibra,1104,"1,214",Achievements,0
398,Gert Ar,Master Sorcerer,Harmonia,1482,"1,214",Achievements,0
398,Pa Ty,Elite Knight,Lutabra,1290,"1,214",Achievements,0
402,Mcfly Outatime,Knight,Pacera,644,"1,213",Achievements,0
402,Pesadelus,Royal Paladin,Descubra,814,"1,213",Achievements,0
402,Prokid Adamek,Elite Knight,Malivora,726,"1,213",Achievements,0
405,Mareckinho,Elite Knight,Karmeya,865,"1,212",Achievements,0
405,Mighty Keven,Elite Knight,Tornabra,1011,"1,212",Achievements,0
407,Ca Fuze,Royal Paladin,Peloria,1095,"1,211",Achievements,0
407,Zuali,Elder Druid,Antica,983,"1,211",Achievements,0
409,Pozz of Distance,Paladin,Inabra,410,"1,210",Achievements,0
409,Refri,Elite Knight,Bona,516,"1,210",Achievements,0
411,Dooggyy,Elite Knight,Gentebra,925,"1,209",Achievements,0
411,Theron Darax,Elite Knight,Yonabra,1487,"1,209",Achievements,0
413,Awesome Bow,Royal Paladin,Descubra,1598,"1,208",Achievements,0
413,Gabos,Elite Knight,Thyria,900,"1,208",Achievements,0
415,Gorochu,Elite Knight,Wintera,600,"1,207",Achievements,0
415,Jabarov,Elite Knight,Secura,590,"1,207",Achievements,0
415,Semeghi,Elite Knight,Kalibra,765,"1,207",Achievements,0
418,Galll,Elite Knight,Gentebra,2653,"1,206",Achievements,0
418,Naom,Elder Druid,Secura,848,"1,206",Achievements,0
420,Anti Druid,Elder Druid,Nevia,1129,"1,205",Achievements,0
420,Bittar,Elite Knight,Lobera,864,"1,205",Achievements,0
420,Cangaceiro Lacerda,Royal Paladin,Kalibra,998,"1,205",Achievements,0
423,Malar Knight,Elite Knight,Harmonia,672,"1,204",Achievements,0
424,Aevin,Elder Druid,Gentebra,1279,"1,203",Achievements,0
424,Delazeri,Elite Knight,Ferobra,815,"1,203",Achievements,0
424,Magic Charllie,Master Sorcerer,Luminera,854,"1,203",Achievements,0
424,Nuno master,Elite Knight,Pacera,970,"1,203",Achievements,0
424,Opanowany Paladynek,Royal Paladin,Nevia,864,"1,203",Achievements,0
424,Rimen do Cerrado,Elder Druid,Gentebra,863,"1,203",Achievements,0
430,Dream Ama Demais,Elder Druid,Ferobra,1233,"1,202",Achievements,0
430,Enraged Adventurer,Elder Druid,Honbra,662,"1,202",Achievements,0
430,Heavygod,Elite Knight,Astera,1501,"1,202",Achievements,0
430,Thor Exorel,Elite Knight,Peloria,1224,"1,202",Achievements,0
434,Annadar,Elite Knight,Celesta,1098,"1,201",Achievements,0
434,Baianera,Elite Knight,Solidera,675,"1,201",Achievements,0
434,Beatrix Kiddo,Elder Druid,Serdebra,870,"1,201",Achievements,0
434,Daniel San,Elite Knight,Bona,720,"1,201",Achievements,0
434,Fetts,Knight,Havera,1074,"1,201",Achievements,0
434,Masnus,Exalted Monk,Vunira,843,"1,201",Achievements,0
434,Tamarizz,Elite Knight,Solidera,671,"1,201",Achievements,0
434,Warlord Leonny,Royal Paladin,Belobra,2706,"1,201",Achievements,0
442,Szmuggy,Royal Paladin,Thyria,2066,"1,200",Achievements,0
442,Thraphik,Elder Druid,Kalibra,1016,"1,200",Achievements,0
442,Val Thu Rin,Master Sorcerer,Astera,705,"1,200",Achievements,0
445,Angel Pro Damage,Elder Druid,Yonabra,2000,"1,199",Achievements,0
445,Luanpt,Royal Paladin,Karmeya,713,"1,199",Achievements,0
445,Polly Rockt Knight,Elite Knight,Calmera,742,"1,199",Achievements,0
445,Raxa Cuka,Elite Knight,Honbra,397,"1,199",Achievements,0
445,Trimid,Elite Knight,Vunira,1284,"1,199",Achievements,0
445,Vesanto,Royal Paladin,Harmonia,1437,"1,199",Achievements,0
445,Vomolu,Elite Knight,Celebra,2077,"1,199",Achievements,0
452,Kamastinx,Elite Knight,Antica,938,"1,198",Achievements,0
452,Turco Loko,Royal Paladin,Inabra,2078,"1,198",Achievements,0
454,Billzinhu,Elder Druid,Serdebra,1091,"1,196",Achievements,0
454,Galvarg,Elite Knight,Inabra,1254,"1,196",Achievements,0
454,Invictoor,Master Sorcerer,Inabra,1250,"1,196",Achievements,0
457,Eternal Level Baixo,Royal Paladin,Descubra,462,"1,195",Achievements,0
457,Knight'Militar,Elite Knight,Belobra,1076,"1,195",Achievements,0
459,Holy Jack,Royal Paladin,Belobra,1247,"1,194",Achievements,0
459,Kenshin Himmura,Paladin,Belobra,523,"1,194",Achievements,0
459,Liloka,Elder Druid,Kalibra,1395,"1,194",Achievements,0
459,Monsters Hunter,Royal Paladin,Secura,1127,"1,194",Achievements,0
463,Anne Fearless,Elite Knight,Yovera,1133,"1,193",Achievements,0
463,Arbo Donaga,Elder Druid,Celesta,873,"1,193",Achievements,0
463,Benegar,Royal Paladin,Gentebra,884,"1,193",Achievements,0
463,Helitoo,Elite Knight,Kalibra,818,"1,193",Achievements,0
463,Rykzar,Elder Druid,Astera,1474,"1,193",Achievements,0
468,Alice Acyda,Elder Druid,Ferobra,607,"1,192",Achievements,0
468,Dino vo,Master Sorcerer,Gentebra,1207,"1,192",Achievements,0
468,Kadarn,Elite Knight,Collabra,1034,"1,192",Achievements,0
468,Mareecki,Master Sorcerer,Harmonia,1308,"1,192",Achievements,0
468,Mister Dec,Master Sorcerer,Harmonia,1217,"1,192",Achievements,0
473,Agent Korpulent,Master Sorcerer,Xyla,955,"1,191",Achievements,0
473,Essiee,Royal Paladin,Antica,730,"1,191",Achievements,0
473,Lothlorian,Elite Knight,Antica,765,"1,191",Achievements,0
473,Veld,Master Sorcerer,Kalibra,724,"1,191",Achievements,0
477,Dant Stark,Elite Knight,Havera,1211,"1,190",Achievements,0
477,Giant the Ripper,Elder Druid,Secura,1296,"1,190",Achievements,0
477,Gwaihir The Great,Elder Druid,Thyria,927,"1,190",Achievements,0
477,Motoka Gangsta,Elder Druid,Wintera,499,"1,190",Achievements,0
481,Bugadiinho,Master Sorcerer,Ferobra,997,"1,189",Achievements,0
481,Carrasku,Royal Paladin,Serdebra,670,"1,189",Achievements,0
481,Iceprime,Elder Druid,Antica,1579,"1,189",Achievements,0
481,Maurilicious,Paladin,Solidera,505,"1,189",Achievements,0
481,Ravor Morxis,Royal Paladin,Vunira,788,"1,189",Achievements,0
481,Thor Skiz,Elder Druid,Calmera,1150,"1,189",Achievements,0
487,Amazing Paladino,Royal Paladin,Gentebra,1309,"1,188",Achievements,0
487,Berek Zilkxis,Druid,Vunira,523,"1,188",Achievements,0
487,Naatron Gold,Elder Druid,Kalibra,921,"1,188",Achievements,0
490,Aphro Dite,Druid,Secura,418,"1,187",Achievements,0
490,Kulin,Elite Knight,Kalibra,1050,"1,187",Achievements,0
490,Leidy Shay,Royal Paladin,Astera,923,"1,187",Achievements,0
490,Lord Ovthe Depths,Druid,Serdebra,837,"1,187",Achievements,0
490,Thesheik,Elite Knight,Astera,1858,"1,187",Achievements,0
495,Linne,Elder Druid,Celebra,560,"1,186",Achievements,0
495,Ricorina,Master Sorcerer,Thyria,544,"1,186",Achievements,0
497,Etor Casian,Elder Druid,Wintera,839,"1,185",Achievements,0
497,Falonso,Master Sorcerer,Descubra,984,"1,185",Achievements,0
499,Jack Sensacional,Elite Knight,Belobra,1597,"1,184",Achievements,0
499,Maga Rossan,Sorcerer,Belobra,571,"1,184",Achievements,0
499,Sassa de Belobra,Elite Knight,Belobra,756,"1,184",Achievements,0
499,Vendo Pot Vazio,Elite Knight,Belobra,618,"1,184",Achievements,0
503,Cobra Kai Neverdies,Master Sorcerer,Serdebra,989,"1,183",Achievements,0
504,Semps,Elite Knight,Celebra,1009,"1,182",Achievements,0
504,Titi Iris,Master Sorcerer,Secura,674,"1,182",Achievements,0
506,Szefas,Elder Druid,Vunira,538,"1,181",Achievements,0
507,Dorivall,Elder Druid,Ombra,1854,"1,180",Achievements,0
507,Itz Shilen,Royal Paladin,Secura,1080,"1,180",Achievements,0
507,Korni Muniz,Elite Knight,Monza,872,"1,180",Achievements,0
510,Enlightened Jay,Royal Paladin,Secura,931,"1,179",Achievements,0
510,Frosted Night,Elite Knight,Quidera,819,"1,179",Achievements,0
510,Heronvk,Elite Knight,Luminera,996,"1,179",Achievements,0
510,Infernalus,Master Sorcerer,Monza,69,"1,179",Achievements,0
510,Jonny Sorcerer,Master Sorcerer,Talera,269,"1,179",Achievements,0
510,Kratones,Elite Knight,Inabra,952,"1,179",Achievements,0
510,Mya Kayy,Royal Paladin,Astera,719,"1,179",Achievements,0
510,Silent Specter,Elite Knight,Quintera,887,"1,179",Achievements,0
510,Viny Opressor,Royal Paladin,Serdebra,1392,"1,179",Achievements,0
519,Curse Psion,Master Sorcerer,Secura,873,"1,178",Achievements,0
519,Molevades,Master Sorcerer,Inabra,794,"1,178",Achievements,0
521,Calvo Diesel,Royal Paladin,Wintera,348,"1,177",Achievements,0
521,Dudus Andy,Elite Knight,Monza,1646,"1,177",Achievements,0
521,Harpyk,Royal Paladin,Secura,622,"1,177",Achievements,0
521,Peronti,Royal Paladin,Menera,369,"1,177",Achievements,0
521,Revauxzito,Master Sorcerer,Obscubra,989,"1,177",Achievements,0
521,Take the Juicer,Elite Knight,Wadira,1123,"1,177",Achievements,0
527,Abeencoado,Royal Paladin,Rasteibra,997,"1,175",Achievements,0
527,Ariana Avenger,Royal Paladin,Inabra,981,"1,175",Achievements,0
527,Drewwz,Elite Knight,Ferobra,1031,"1,175",Achievements,0
527,Dunmon Stark,Elite Knight,Wintera,1101,"1,175",Achievements,0
527,Leo-max,Elite Knight,Yonabra,643,"1,175",Achievements,0
527,Mingel Sous,Royal Paladin,Quelibra,890,"1,175",Achievements,0
527,Pomer,Elite Knight,Secura,990,"1,175",Achievements,0
527,Toxic Teary,Elite Knight,Vunira,1048,"1,175",Achievements,0
535,Diabulusz,Elite Knight,Luminera,1238,"1,174",Achievements,0
535,Hublinck,Elite Knight,Quelibra,1328,"1,174",Achievements,0
535,Que Jin,Elder Druid,Serdebra,1572,"1,174",Achievements,0
538,Asril,Elder Druid,Wintera,724,"1,173",Achievements,0
538,Chantecler,Sorcerer,Gladera,532,"1,173",Achievements,0
538,Onetz Oz,Master Sorcerer,Lobera,407,"1,173",Achievements,0
541,Charlover Monty,Royal Paladin,Antica,966,"1,172",Achievements,0
541,Creaxie,Elite Knight,Refugia,1041,"1,172",Achievements,0
541,Fester Adams,Elite Knight,Belobra,811,"1,172",Achievements,0
541,Leonel Royalheart,Royal Paladin,Yonabra,956,"1,172",Achievements,0
545,Askandar,Royal Paladin,Belobra,735,"1,171",Achievements,0
545,Bruxinhaz,Elder Druid,Belobra,843,"1,171",Achievements,0
545,Sir Aeronys,Elite Knight,Calmera,633,"1,171",Achievements,0
545,Smka Corporation,Master Sorcerer,Issobra,2118,"1,171",Achievements,0
549,Nohni Ryan,Elder Druid,Astera,898,"1,170",Achievements,0
549,Orion Argoo,Elite Knight,Bona,455,"1,170",Achievements,0
549,Vinigod Prox,Master Sorcerer,Ferobra,1362,"1,170",Achievements,0
552,On Dog Dog,Elder Druid,Wintera,483,"1,169",Achievements,0
552,Yklans vi Riserfaith,Elite Knight,Nefera,530,"1,169",Achievements,0
554,Akitoh,Elite Knight,Kalibra,1067,"1,168",Achievements,0
554,Awen,Elder Druid,Gentebra,1056,"1,168",Achievements,0
554,Dark Blood Of Honera,Master Sorcerer,Nefera,1392,"1,168",Achievements,0
554,Knilk,Elder Druid,Harmonia,659,"1,168",Achievements,0
554,Nielli gold,Elite Knight,Kalibra,947,"1,168",Achievements,0
554,Sir Dryn,Royal Paladin,Bona,984,"1,168",Achievements,0
560,Aron Nabesu,Elder Druid,Lobera,475,"1,167",Achievements,0
560,Rinnyan,Royal Paladin,Oceanis,966,"1,167",Achievements,0
562,Bedow Fofinho,Elite Knight,Inabra,607,"1,166",Achievements,0
562,Durak Bloodblade,Elite Knight,Ourobra,1354,"1,166",Achievements,0
562,Jess Leewyn,Elder Druid,Vunira,1012,"1,166",Achievements,0
562,Shauni Leviathann,Knight,Gladera,742,"1,166",Achievements,0
562,Thee Hugod,Elite Knight,Honbra,1168,"1,166",Achievements,0
562,Zdenerwowana Lokomotywa,Royal Paladin,Dia,1030,"1,166",Achievements,0
568,Amy Meow,Elder Druid,Talera,633,"1,165",Achievements,0
568,Baker Paladin,Royal Paladin,Pacera,1510,"1,165",Achievements,0
568,Gisi ek,Elite Knight,Dia,910,"1,165",Achievements,0
568,Kyosek,Royal Paladin,Ustebra,764,"1,165",Achievements,0
568,Pocane,Elder Druid,Premia,723,"1,165",Achievements,0
568,Snowball,Elder Druid,Ferobra,1012,"1,165",Achievements,0
574,Dexz Enchanted,Royal Paladin,Inabra,603,"1,164",Achievements,0
574,Don Bobo,Royal Paladin,Nevia,1040,"1,164",Achievements,0
574,Elementaro,Elite Knight,Monza,950,"1,164",Achievements,0
574,Harry White,Elder Druid,Zuna,1231,"1,164",Achievements,0
574,Hatchie,Elder Druid,Astera,598,"1,164",Achievements,0
574,Sapphir,Elder Druid,Secura,853,"1,164",Achievements,0
574,Shaulo Tarshish,Elite Knight,Menera,902,"1,164",Achievements,0
574,Yunerk,Royal Paladin,Luminera,1100,"1,164",Achievements,0
582,Ballantynez,Royal Paladin,Yonabra,1775,"1,163",Achievements,0
582,Matuzaa,Elder Druid,Serdebra,795,"1,163",Achievements,0
584,Arcai,Master Sorcerer,Quidera,875,"1,162",Achievements,0
584,Death Wave,Master Sorcerer,Solidera,1353,"1,162",Achievements,0
584,Kiwikator,Master Sorcerer,Monza,1471,"1,162",Achievements,0
584,Mizuhime,Elder Druid,Celebra,683,"1,162",Achievements,0
584,Sihid Drakell,Elite Knight,Kalibra,1654,"1,162",Achievements,0
584,Uman The Legend Shanigami,Elite Knight,Yonabra,674,"1,162",Achievements,0
590,Dragonidas,Master Sorcerer,Monza,1512,"1,161",Achievements,0
590,Fenomenalny Maciek,Elite Knight,Secura,1027,"1,161",Achievements,0
590,Laraaa,Elite Knight,Lobera,1216,"1,161",Achievements,0
590,Mist of Dreams,Elite Knight,Refugia,1012,"1,161",Achievements,0
590,Peluixet Destroyer,Elite Knight,Vunira,1043,"1,161",Achievements,0
590,Rhalxz Divine,Master Sorcerer,Belobra,1259,"1,161",Achievements,0
590,Tiraera,Elite Knight,Quidera,762,"1,161",Achievements,0
597,Ali the shihan,Elder Druid,Quintera,1560,"1,160",Achievements,0
597,Be xu,Elder Druid,Monza,2060,"1,160",Achievements,0
597,Francamente,Elite Knight,Yonabra,962,"1,160",Achievements,0
597,Lord Muhover,Elite Knight,Gentebra,1378,"1,160",Achievements,0
597,Manti Siki,Elder Druid,Wintera,846,"1,160",Achievements,0
597,Oger,Elite Knight,Antica,1222,"1,160",Achievements,0
597,Roc ky,Master Sorcerer,Calmera,677,"1,160",Achievements,0
597,Ykk,Master Sorcerer,Vunira,1285,"1,160",Achievements,0
605,Guimba Bruto,Master Sorcerer,Serdebra,1497,"1,159",Achievements,0
605,Juar konfident,Elder Druid,Refugia,1000,"1,159",Achievements,0
605,Rabzone,Elite Knight,Dia,722,"1,159",Achievements,0
608,Bomdrax,Elite Knight,Yonabra,525,"1,158",Achievements,0
608,Dih Bozgazi,Royal Paladin,Quelibra,1119,"1,158",Achievements,0
608,Lancelot Corleone,Elite Knight,Quintera,879,"1,158",Achievements,0
611,Augusto Carpe,Master Sorcerer,Yonabra,684,"1,157",Achievements,0
611,Cornelio,Elite Knight,Astera,608,"1,157",Achievements,0
611,Diamanoo,Elite Knight,Antica,1007,"1,157",Achievements,0
611,Lucy Dreambringer,Royal Paladin,Nevia,807,"1,157",Achievements,0
611,Navinha,Elder Druid,Pacera,749,"1,157",Achievements,0
611,Thorid Iryak,Elite Knight,Inabra,1353,"1,157",Achievements,0
617,Bugadiinha,Elder Druid,Ferobra,995,"1,156",Achievements,0
617,Mitmachine,Royal Paladin,Celesta,1635,"1,156",Achievements,0
619,Motiro,Elite Knight,Serdebra,1288,"1,155",Achievements,0
619,Rewo,Royal Paladin,Antica,798,"1,155",Achievements,0
619,Xar'Mario,Master Sorcerer,Harmonia,536,"1,155",Achievements,0
622,Bolttzz,Royal Paladin,Celesta,775,"1,154",Achievements,0
622,Ice-rat,Elite Knight,Thyria,490,"1,154",Achievements,0
622,Lauaviin,Royal Paladin,Premia,900,"1,154",Achievements,0
622,Lord Executer,Elite Knight,Premia,1253,"1,154",Achievements,0
622,Nabarvanem Sheraveam,Royal Paladin,Thyria,1054,"1,154",Achievements,0
622,Sakurashi,Elder Druid,Astera,1048,"1,154",Achievements,0
628,Ilutin Shar,Master Sorcerer,Yonabra,1015,"1,153",Achievements,0
628,Lady Nefy,Elite Knight,Nefera,1184,"1,153",Achievements,0
628,Paladino Randel,Royal Paladin,Belobra,847,"1,153",Achievements,0
628,Wacha Druidek,Elder Druid,Premia,782,"1,153",Achievements,0
632,Abitoxi Rellik,Elite Knight,Gladibra,777,"1,152",Achievements,0
632,Nirrayka,Elder Druid,Bona,887,"1,152",Achievements,0
634,Arty Jack,Royal Paladin,Wintera,479,"1,151",Achievements,0
634,Bacon Violento,Elite Knight,Belobra,1365,"1,151",Achievements,0
634,Leimar,Royal Paladin,Secura,1014,"1,151",Achievements,0
634,Nameless Nightmare,Elite Knight,Celesta,1178,"1,151",Achievements,0
634,Nightmare Leonhart,Master Sorcerer,Descubra,512,"1,151",Achievements,0
634,Shiddenzinho,Royal Paladin,Gladibra,1220,"1,151",Achievements,0
640,Amy Winehousse,Elite Knight,Celebra,867,"1,150",Achievements,0
640,Jon Ragnarson,Elite Knight,Secura,1264,"1,150",Achievements,0
640,Pizza Party,Elder Druid,Gladera,1573,"1,150",Achievements,0
640,Sir Flossyk,Elite Knight,Yonabra,908,"1,150",Achievements,0
640,Tankov,Elite Knight,Quelibra,941,"1,150",Achievements,0
640,Vandm,Elite Knight,Belobra,1166,"1,150",Achievements,0
646,Elipe Street,Elite Knight,Celebra,1264,"1,149",Achievements,0
646,Gakild,Royal Paladin,Yonabra,1604,"1,149",Achievements,0
646,Mischaiki,Elite Knight,Belobra,757,"1,149",Achievements,0
646,Noob Body,Royal Paladin,Karmeya,773,"1,149",Achievements,0
650,Ellmagnifinho Danynho,Royal Paladin,Inabra,2158,"1,148",Achievements,0
650,Exalted Indo,Royal Paladin,Secura,973,"1,148",Achievements,0
650,Herox,Royal Paladin,Thyria,1485,"1,148",Achievements,0
650,Hipnotic Archer,Royal Paladin,Havera,661,"1,148",Achievements,0
650,King Pa,Elder Druid,Nefera,1255,"1,148",Achievements,0
650,Stop Yapp,Elite Knight,Secura,969,"1,148",Achievements,0
656,Golden Mabim,Elder Druid,Quelibra,1031,"1,147",Achievements,0
656,Ha Pi,Royal Paladin,Celebra,470,"1,147",Achievements,0
656,Johnny Topside,Royal Paladin,Harmonia,445,"1,147",Achievements,0
656,Magnifik Emperatordany,Master Sorcerer,Inabra,1734,"1,147",Achievements,0
656,Psykeeh,Elite Knight,Havera,979,"1,147",Achievements,0
656,Sabarath,Master Sorcerer,Venebra,809,"1,147",Achievements,0
656,Vica Kateriell,Master Sorcerer,Monza,1149,"1,147",Achievements,0
663,Aretax Naza,Elite Knight,Belobra,1041,"1,146",Achievements,0
663,Ghost Virado Noarco,Royal Paladin,Ustebra,1118,"1,146",Achievements,0
663,Hyperiion,Elder Druid,Astera,965,"1,146",Achievements,0
663,Prof Victor,Elder Druid,Lutabra,755,"1,146",Achievements,0
663,Tfowl,Royal Paladin,Astera,480,"1,146",Achievements,0
663,Tio Kiinho,Elite Knight,Yonabra,796,"1,146",Achievements,0
669,Kethuga,Royal Paladin,Astera,475,"1,145",Achievements,0
669,Monstrex,Paladin,Ferobra,567,"1,145",Achievements,0
671,Beltenebrosk,Elite Knight,Gladera,806,"1,144",Achievements,0
671,Radziejew,Master Sorcerer,Vunira,510,"1,144",Achievements,0
673,Awk Tuah,Elite Knight,Gladera,382,"1,143",Achievements,0
673,Feschmit,Master Sorcerer,Celebra,1558,"1,143",Achievements,0
673,Flor do Mar,Elite Knight,Lobera,1017,"1,143",Achievements,0
673,Hexolic,Royal Paladin,Yonabra,1359,"1,143",Achievements,0
673,Quin Adry,Royal Paladin,Quelibra,822,"1,143",Achievements,0
673,Warriior Skeet,Elite Knight,Astera,1562,"1,143",Achievements,0
679,Fairy'Princess,Druid,Kalibra,521,"1,142",Achievements,0
679,Glacial Wizard,Elder Druid,Refugia,623,"1,142",Achievements,0
679,Jacot,Elite Knight,Quintera,825,"1,142",Achievements,0
679,Mocarz Kamsy,Elite Knight,Antica,1041,"1,142",Achievements,0
679,Morgk,Exalted Monk,Luminera,456,"1,142",Achievements,0
684,Amnesus,Elite Knight,Antica,593,"1,141",Achievements,0
684,Anne Lena,Royal Paladin,Astera,907,"1,141",Achievements,0
684,Brzytwobrody,Royal Paladin,Secura,407,"1,141",Achievements,0
684,Ely Blademaster,Elder Druid,Quintera,419,"1,141",Achievements,0
684,Pankzy,Elite Knight,Celesta,1039,"1,141",Achievements,0
684,Radzia,Elite Knight,Esmera,1213,"1,141",Achievements,0
684,Sujerao,Master Sorcerer,Tornabra,691,"1,141",Achievements,0
691,Berisvaudinho,Elite Knight,Premia,1144,"1,140",Achievements,0
691,Dammy,Master Sorcerer,Jadebra,977,"1,140",Achievements,0
691,Flowing Rain,Elite Knight,Yonabra,1229,"1,140",Achievements,0
691,Krieger,Royal Paladin,Antica,757,"1,140",Achievements,0
691,Princess Meerida,Elite Knight,Venebra,703,"1,140",Achievements,0
691,Rei Davi Lordknight,Elite Knight,Yonabra,719,"1,140",Achievements,0
691,Shadow of the Candia,Master Sorcerer,Monza,1070,"1,140",Achievements,0
698,Biellzin,Elder Druid,Inabra,1603,"1,139",Achievements,0
698,Imperiall,Royal Paladin,Secura,806,"1,139",Achievements,0
698,Jurassic Rex,Elder Druid,Gentebra,609,"1,139",Achievements,0
698,Megimus Elder,Master Sorcerer,Pacera,811,"1,139",Achievements,0
698,Pizzabuddy,Elite Knight,Nevia,834,"1,139",Achievements,0
698,Silentshell,Royal Paladin,Antica,1317,"1,139",Achievements,0
704,Anelysgo,Elite Knight,Gladera,596,"1,138",Achievements,0
704,Asuras Closed,Elite Knight,Lutabra,696,"1,138",Achievements,0
704,Comandante Schatten Toxico,Master Sorcerer,Menera,1559,"1,138",Achievements,0
704,Diva Slide,Elite Knight,Celesta,546,"1,138",Achievements,0
704,Ivyrose,Elite Knight,Ferobra,713,"1,138",Achievements,0
704,Leader Eagle,Elite Knight,Inabra,356,"1,138",Achievements,0
704,Mavek Sinistrex,Royal Paladin,Yonabra,1012,"1,138",Achievements,0
711,Broder Sebbe,Elder Druid,Celesta,961,"1,137",Achievements,0
711,Comicc,Knight,Belobra,1028,"1,137",Achievements,0
711,Evel Alkas,Elder Druid,Harmonia,692,"1,137",Achievements,0
711,Jazix Karla,Elder Druid,Refugia,437,"1,137",Achievements,0
711,Metran Dran,Knight,Ombra,637,"1,137",Achievements,0
711,Zazus Grah,Elite Knight,Bona,749,"1,137",Achievements,0
717,Czupakaberka,Paladin,Monza,540,"1,136",Achievements,0
717,Griimi,Elder Druid,Wintera,905,"1,136",Achievements,0
717,Ikki,Royal Paladin,Inabra,1472,"1,136",Achievements,0
717,Kuiudo,Royal Paladin,Celebra,836,"1,136",Achievements,0
717,Maly'Dystansowiec,Royal Paladin,Bona,1183,"1,136",Achievements,0
717,Nyns,Elite Knight,Pacera,530,"1,136",Achievements,0
717,Popicii,Elder Druid,Bona,1144,"1,136",Achievements,0
717,Szybki Magownik,Master Sorcerer,Karmeya,1428,"1,136",Achievements,0
725,Aragorn on Unitera,Elite Knight,Nefera,723,"1,135",Achievements,0
725,Jakubabka,Elite Knight,Monza,732,"1,135",Achievements,0
725,Meurok,Royal Paladin,Yonabra,1400,"1,135",Achievements,0
728,Acidres,Elite Knight,Secura,1018,"1,134",Achievements,0
728,Baasinova,Elite Knight,Astera,1069,"1,134",Achievements,0
728,Dil Paladin,Paladin,Serdebra,250,"1,134",Achievements,0
728,Disin,Elite Knight,Secura,517,"1,134",Achievements,0
728,Itaurille,Royal Paladin,Gladera,617,"1,134",Achievements,0
728,Serz,Royal Paladin,Kalibra,1371,"1,134",Achievements,0
728,Szakal of Hoyma,Royal Paladin,Refugia,1136,"1,134",Achievements,0
728,Vineco,Elite Knight,Kalibra,1028,"1,134",Achievements,0
728,Yes Yes,Royal Paladin,Vunira,1310,"1,134",Achievements,0
728,Zhavyun,Elite Knight,Collabra,786,"1,134",Achievements,0
738,Bruno Lokaoo,Royal Paladin,Antica,923,"1,133",Achievements,0
738,Com Desconto,Royal Paladin,Gentebra,881,"1,133",Achievements,0
738,Dronithax,Elder Druid,Luminera,763,"1,133",Achievements,0
738,Floky Monkey,Master Sorcerer,Thyria,1560,"1,133",Achievements,0
738,Jairo the Squire,Elite Knight,Ferobra,600,"1,133",Achievements,0
738,Kayylicious,Elder Druid,Astera,1037,"1,133",Achievements,0
738,Miss Era,Royal Paladin,Gladera,741,"1,133",Achievements,0
738,Zeitonah,Master Sorcerer,Belobra,436,"1,133",Achievements,0
746,Ernox,Master Sorcerer,Zuna,650,"1,132",Achievements,0
746,Frozono,Elder Druid,Quelibra,828,"1,132",Achievements,0
746,The Macho,Elite Knight,Nefera,1676,"1,132",Achievements,0
746,Ya su,Elite Knight,Ferobra,1328,"1,132",Achievements,0
746,Zarokron,Elite Knight,Belobra,1006,"1,132",Achievements,0
751,Alphahorcrux,Elite Knight,Havera,1640,"1,131",Achievements,0
751,Keirissa,Elite Knight,Secura,1210,"1,131",Achievements,0
751,Mazokeru,Elite Knight,Ferobra,763,"1,131",Achievements,0
751,Rift Duken,Master Sorcerer,Gentebra,2283,"1,131",Achievements,0
751,Sir Alci,Royal Paladin,Gentebra,1120,"1,131",Achievements,0
751,Tiger Backwoods,Master Sorcerer,Quidera,1087,"1,131",Achievements,0
757,Allis,Royal Paladin,Gentebra,550,"1,130",Achievements,0
757,Doktor Owieczka,Master Sorcerer,Harmonia,1217,"1,130",Achievements,0
757,Jeffenstein,Elder Druid,Antica,686,"1,130",Achievements,0
757,Tavarao Berserker,Elite Knight,Belobra,1027,"1,130",Achievements,0
757,Vemior,Elite Knight,Kalibra,1291,"1,130",Achievements,0
762,Ekaiio,Elite Knight,Belobra,1662,"1,129",Achievements,0
762,Queen Liss,Elder Druid,Lutabra,1461,"1,129",Achievements,0
764,Andrewdiggy,Royal Paladin,Gladera,815,"1,128",Achievements,0
764,Artback,Royal Paladin,Oceanis,1076,"1,128",Achievements,0
764,Kalikah,Elder Druid,Premia,585,"1,128",Achievements,0
764,Kina Legendary,Elite Knight,Gentebra,1026,"1,128",Achievements,0
764,Liwus,Royal Paladin,Firmera,703,"1,128",Achievements,0
764,Miki Greg,Royal Paladin,Descubra,1371,"1,128",Achievements,0
764,Odrixz,Elite Knight,Harmonia,595,"1,128",Achievements,0
764,Onebillore,Royal Paladin,Astera,557,"1,128",Achievements,0
764,Rauwzz,Elder Druid,Gentebra,685,"1,128",Achievements,0
773,Atere Sillio,Royal Paladin,Secura,1046,"1,127",Achievements,0
773,Denizgorn,Elite Knight,Epoca,1251,"1,127",Achievements,0
773,Lancellotz,Elite Knight,Descubra,1705,"1,127",Achievements,0
773,Shukran Ya,Royal Paladin,Ferobra,1158,"1,127",Achievements,0
777,Baby Strikker,Elite Knight,Nefera,1252,"1,126",Achievements,0
777,Coh en,Master Sorcerer,Yonabra,2171,"1,126",Achievements,0
777,Delirium Tremen,Royal Paladin,Astera,638,"1,126",Achievements,0
777,Elan Slayer,Elite Knight,Bona,496,"1,126",Achievements,0
777,Electroszz,Master Sorcerer,Wintera,1047,"1,126",Achievements,0
777,Goach,Royal Paladin,Jadebra,1178,"1,126",Achievements,0
777,Kensek,Elite Knight,Quelibra,1075,"1,126",Achievements,0
777,Magnifik Danyveiosair,Paladin,Inabra,1813,"1,126",Achievements,0
777,Papi Paga,Master Sorcerer,Quintera,1019,"1,126",Achievements,0
777,Perollas,Elite Knight,Luminera,856,"1,126",Achievements,0
777,Vantom,Royal Paladin,Thyria,758,"1,126",Achievements,0
788,Capitao Athim,Elite Knight,Gentebra,904,"1,125",Achievements,0
788,Skyzo,Paladin,Antica,469,"1,125",Achievements,0
788,Zephyr Healer,Elder Druid,Refugia,940,"1,125",Achievements,0
791,Kajka,Knight,Thyria,435,"1,124",Achievements,0
791,Mackos,Royal Paladin,Pacera,523,"1,124",Achievements,0
791,Mepi,Elite Knight,Secura,858,"1,124",Achievements,0
791,Nighthawker,Knight,Monza,587,"1,124",Achievements,0
791,Setkia,Elite Knight,Premia,872,"1,124",Achievements,0
791,Zealouz Shadow,Elder Druid,Secura,580,"1,124",Achievements,0
797,Alhejandra,Elite Knight,Talera,1033,"1,123",Achievements,0
797,Bello John,Elite Knight,Kalibra,553,"1,123",Achievements,0
797,Hellsounds,Master Sorcerer,Serdebra,1124,"1,123",Achievements,0
797,Menozin Rush,Master Sorcerer,Quelibra,1199,"1,123",Achievements,0
797,Teepo Insane,Elder Druid,Celebra,1602,"1,123",Achievements,0
802,Anhur the Bearer,Elite Knight,Secura,410,"1,122",Achievements,0
802,Caiio Acalix,Elder Druid,Gentebra,1723,"1,122",Achievements,0
802,Just Lucifer,Master Sorcerer,Bona,1742,"1,122",Achievements,0
802,King Infinytum,Elite Knight,Yonabra,2202,"1,122",Achievements,0
802,Kwiryn,Master Sorcerer,Secura,1876,"1,122",Achievements,0
807,Deiwos,Royal Paladin,Antica,700,"1,121",Achievements,0
807,Kid Fistro,Elite Knight,Secura,1124,"1,121",Achievements,0
807,Lost Kishi,Elite Knight,Oceanis,1030,"1,121",Achievements,0
807,Lunatic Princess,Elite Knight,Celesta,2181,"1,121",Achievements,0
807,Maelstrom,Elder Druid,Belobra,1421,"1,121",Achievements,0
807,Roshatt,Elder Druid,Yonabra,1198,"1,121",Achievements,0
807,Speedda,Elder Druid,Thyria,1703,"1,121",Achievements,0
807,Xandao Fatal,Royal Paladin,Inabra,743,"1,121",Achievements,0
807,Xenge Teensina,Elite Knight,Gentebra,2072,"1,121",Achievements,0
816,Aliiice,Royal Paladin,Refugia,947,"1,120",Achievements,0
816,Arcy Seba,Elite Knight,Serdebra,1564,"1,120",Achievements,0
816,Figolo,Elite Knight,Monza,2052,"1,120",Achievements,0
816,Hightoxico Ston,Elder Druid,Belobra,1169,"1,120",Achievements,0
816,Leechiano,Elite Knight,Lobera,1591,"1,120",Achievements,0
816,Menfis Tempestira,Royal Paladin,Astera,1334,"1,120",Achievements,0
816,Ravenovsky,Royal Paladin,Secura,844,"1,120",Achievements,0
816,Reactx,Elite Knight,Celebra,1036,"1,120",Achievements,0
816,Ziwan Modidri,Elite Knight,Astera,1426,"1,120",Achievements,0
825,Palgaa,Master Sorcerer,Secura,1905,"1,119",Achievements,0
825,Rockstars,Elite Knight,Yonabra,618,"1,119",Achievements,0
825,Zbyszko Wojownik,Elite Knight,Secura,727,"1,119",Achievements,0
828,Edge Of Nature,Royal Paladin,Secura,869,"1,118",Achievements,0
828,El Korales,Royal Paladin,Secura,1060,"1,118",Achievements,0
828,Kronek,Royal Paladin,Firmera,1774,"1,118",Achievements,0
828,Lord Nyo,Elite Knight,Belobra,855,"1,118",Achievements,0
828,Marlliin,Elder Druid,Belobra,1198,"1,118",Achievements,0
833,Azizami,Royal Paladin,Bona,1217,"1,117",Achievements,0
833,Criash,Elite Knight,Calmera,929,"1,117",Achievements,0
833,Feru Jest Rudy,Master Sorcerer,Secura,1013,"1,117",Achievements,0
833,Lacronis,Paladin,Thyria,716,"1,117",Achievements,0
833,Oblivionxd,Elder Druid,Inabra,1581,"1,117",Achievements,0
833,Wo Orales,Elder Druid,Luminera,1019,"1,117",Achievements,0
839,Ahkys,Sorcerer,Secura,558,"1,116",Achievements,0
839,Alkalyn Wintersoul,Elder Druid,Collabra,779,"1,116",Achievements,0
839,Blvcku,Royal Paladin,Dia,1452,"1,116",Achievements,0
839,Dani van Kessel,Royal Paladin,Antica,679,"1,116",Achievements,0
839,Iron Sparrow,Knight,Bona,722,"1,116",Achievements,0
839,Royal Mercury,Royal Paladin,Wintera,679,"1,116",Achievements,0
845,Lady Himiko,Royal Paladin,Karmeya,935,"1,115",Achievements,0
845,Missy Mystique,Master Sorcerer,Thyria,610,"1,115",Achievements,0
845,Nobregaz,Master Sorcerer,Belobra,1056,"1,115",Achievements,0
845,Velyon,Royal Paladin,Pacera,733,"1,115",Achievements,0
849,Emulov Sun,Elite Knight,Yonabra,1032,"1,114",Achievements,0
849,Lalaris,Elder Druid,Venebra,563,"1,114",Achievements,0
849,Mcdiigao,Elite Knight,Belobra,1551,"1,114",Achievements,0
849,Theron guard,Royal Paladin,Astera,1316,"1,114",Achievements,0
853,Billy,Paladin,Lobera,560,"1,113",Achievements,0
853,Boombastik,Elite Knight,Karmeya,1110,"1,113",Achievements,0
853,Hiro Teensina,Elder Druid,Gentebra,2111,"1,113",Achievements,0
853,Third Deadly Sin,Royal Paladin,Serdebra,1170,"1,113",Achievements,0
853,Zos Io Pan,Elite Knight,Serdebra,1094,"1,113",Achievements,0
858,Abzy,Master Sorcerer,Retalia,1290,"1,112",Achievements,0
858,Ares Coldhands,Royal Paladin,Inabra,1368,"1,112",Achievements,0
858,Fox-Hound,Elder Druid,Secura,803,"1,112",Achievements,0
858,Grzesio rasiak,Master Sorcerer,Vunira,914,"1,112",Achievements,0
858,Pan Pietrucha,Elite Knight,Nevia,672,"1,112",Achievements,0
858,Toudix,Elite Knight,Premia,1063,"1,112",Achievements,0
858,Zaadra,Elite Knight,Calmera,1232,"1,112",Achievements,0
865,Braavee heart,Elite Knight,Calmera,1229,"1,111",Achievements,0
865,Hell Shakao,Elite Knight,Yonabra,701,"1,111",Achievements,0
865,Izaur,Royal Paladin,Bona,870,"1,111",Achievements,0
865,Melmag,Master Sorcerer,Secura,949,"1,111",Achievements,0
865,Navilat,Elite Knight,Nefera,693,"1,111",Achievements,0
865,Slime Slayer,Master Sorcerer,Refugia,452,"1,111",Achievements,0
865,Toxic Luffy,Royal Paladin,Wintera,820,"1,111",Achievements,0
865,Walder Martz,Royal Paladin,Nefera,1193,"1,111",Achievements,0
873,Aquyles Anarkic,Elite Knight,Celebra,613,"1,110",Achievements,0
873,Ranger Rosa Choque,Master Sorcerer,Calmera,540,"1,110",Achievements,0
875,Amiatha,Master Sorcerer,Peloria,971,"1,109",Achievements,0
875,Arius Dragonheart,Master Sorcerer,Lobera,729,"1,109",Achievements,0
875,Brat Mojego Brata,Elder Druid,Xyla,565,"1,109",Achievements,0
875,Cronoutigger,Elite Knight,Belobra,767,"1,109",Achievements,0
875,Gaby Astim,Elder Druid,Yonabra,1314,"1,109",Achievements,0
875,Kjell From Hell,Sorcerer,Epoca,623,"1,109",Achievements,0
881,Archangel Elementalis,Master Sorcerer,Venebra,692,"1,108",Achievements,0
881,Dantoxd,Elder Druid,Calmera,727,"1,108",Achievements,0
881,Lazy Tytanka,Elite Knight,Secura,1026,"1,108",Achievements,0
881,Prom Tyll,Elder Druid,Thyria,1621,"1,108",Achievements,0
881,Roya Avar,Elite Knight,Quintera,648,"1,108",Achievements,0
881,Sir Ozymandias,Elite Knight,Calmera,1057,"1,108",Achievements,0
887,Arkh,Elder Druid,Quelibra,746,"1,107",Achievements,0
887,Doougz,Elite Knight,Yonabra,1670,"1,107",Achievements,0
887,Dropzerah,Elite Knight,Kalibra,1724,"1,107",Achievements,0
887,Faddras,Royal Paladin,Belobra,1051,"1,107",Achievements,0
887,Kyelsz,Royal Paladin,Inabra,778,"1,107",Achievements,0
887,Lady Dompas,Elite Knight,Descubra,311,"1,107",Achievements,0
887,Madame Flatha,Elder Druid,Refugia,614,"1,107",Achievements,0
894,Annaa Bella,Elder Druid,Premia,1187,"1,106",Achievements,0
894,Greatek Buynow,Elite Knight,Secura,514,"1,106",Achievements,0
894,Lady Meredith,Royal Paladin,Bona,751,"1,106",Achievements,0
894,Melissa Queen,Elder Druid,Serdebra,913,"1,106",Achievements,0
894,Mush Kito,Royal Paladin,Kalibra,902,"1,106",Achievements,0
894,Prizs,Royal Paladin,Kalibra,1315,"1,106",Achievements,0
894,Shox Zera,Master Sorcerer,Secura,1174,"1,106",Achievements,0
894,Viiniis,Elite Knight,Inabra,960,"1,106",Achievements,0
902,Avegra,Royal Paladin,Secura,567,"1,105",Achievements,0
902,Czterolistny Pajak,Elite Knight,Refugia,1164,"1,105",Achievements,0
902,Dyaniixz,Elder Druid,Lobera,655,"1,105",Achievements,0
902,Joker Swap,Royal Paladin,Firmera,953,"1,105",Achievements,0
902,Lord Tenchi,Elite Knight,Kalibra,1140,"1,105",Achievements,0
902,Lula Petit,Elite Knight,Solidera,730,"1,105",Achievements,0
902,Mister Lyan,Royal Paladin,Belobra,1474,"1,105",Achievements,0
902,Nerala,Elite Knight,Secura,845,"1,105",Achievements,0
902,Uyih,Elite Knight,Ferobra,591,"1,105",Achievements,0
902,Verceli,Elder Druid,Thyria,409,"1,105",Achievements,0
902,Yutso,Elder Druid,Harmonia,688,"1,105",Achievements,0
913,Aerith Flower Girl,Elder Druid,Collabra,445,"1,104",Achievements,0
913,Andre Dezyfaixa,Elder Druid,Astera,770,"1,104",Achievements,0
913,Fransikas,Elite Knight,Xyla,808,"1,104",Achievements,0
913,Idiossincrasia,Elite Knight,Gladera,517,"1,104",Achievements,0
913,Razorist,Royal Paladin,Antica,568,"1,104",Achievements,0
913,Ykz Gab,Royal Paladin,Ferobra,1561,"1,104",Achievements,0
913,Zadydoo,Royal Paladin,Epoca,914,"1,104",Achievements,0
920,Digo Elzerd,Royal Paladin,Venebra,1227,"1,103",Achievements,0
920,Druid Parce,Elder Druid,Premia,754,"1,103",Achievements,0
920,Gran Pilin,Elite Knight,Nevia,984,"1,103",Achievements,0
920,Mananeed,Druid,Harmonia,569,"1,103",Achievements,0
920,Mfap,Elite Knight,Pacera,1065,"1,103",Achievements,0
920,Oalarea,Master Sorcerer,Celesta,1094,"1,103",Achievements,0
920,Ominae Yu,Elite Knight,Yonabra,1725,"1,103",Achievements,0
927,Apry,Elite Knight,Yonabra,654,"1,102",Achievements,0
927,Azuritee,Elder Druid,Ferobra,641,"1,102",Achievements,0
927,Buffy Kion,Royal Paladin,Gentebra,715,"1,102",Achievements,0
927,Dark Sarado,Paladin,Kalibra,696,"1,102",Achievements,0
927,Freitas Ekdeclub,Elite Knight,Inabra,707,"1,102",Achievements,0
927,Krwawy Larck,Royal Paladin,Thyria,710,"1,102",Achievements,0
927,Morwek,Knight,Vunira,559,"1,102",Achievements,0
927,Noble Eagle,Elder Druid,Monza,638,"1,102",Achievements,0
927,Sorceror King,Master Sorcerer,Antica,550,"1,102",Achievements,0
927,Wojcieszku,Elder Druid,Belobra,904,"1,102",Achievements,0
937,Bacon Strips,Elite Knight,Peloria,697,"1,101",Achievements,0
937,Captain Aizen,Royal Paladin,Celebra,744,"1,101",Achievements,0
937,Fellix Deminge,Elite Knight,Inabra,672,"1,101",Achievements,0
937,Gallo Fashion,Royal Paladin,Havera,727,"1,101",Achievements,0
937,Lady Nathii,Elite Knight,Yonabra,1373,"1,101",Achievements,0
937,Mad Captain,Royal Paladin,Secura,612,"1,101",Achievements,0
937,Rashhel,Royal Paladin,Peloria,757,"1,101",Achievements,0
937,Roya Rain,Master Sorcerer,Karmeya,1010,"1,101",Achievements,0
937,Spirall fall,Elite Knight,Quelibra,1208,"1,101",Achievements,0
937,Teru Batefofo,Knight,Gentebra,1038,"1,101",Achievements,0
947,Captain Boreaux,Master Sorcerer,Nefera,917,"1,100",Achievements,0
947,Eca Maga,Elder Druid,Belobra,607,"1,100",Achievements,0
947,Pu,Elder Druid,Lobera,1680,"1,100",Achievements,0
947,Reecoon,Royal Paladin,Secura,970,"1,100",Achievements,0
947,Voopy,Elite Knight,Bona,1102,"1,100",Achievements,0
952,Bahtats,Royal Paladin,Yonabra,802,"1,099",Achievements,0
952,Lady Koning,Elite Knight,Quelibra,894,"1,099",Achievements,0
952,Lipe Ragefull,Royal Paladin,Inabra,892,"1,099",Achievements,0
952,Molgar Graukr,Elder Druid,Epoca,996,"1,099",Achievements,0
952,Skum Rayon,Royal Paladin,Luminera,1550,"1,099",Achievements,0
957,Canarinha de Fogo,Elite Knight,Astera,742,"1,098",Achievements,0
957,Danul,Elder Druid,Lobera,987,"1,098",Achievements,0
957,Eldaris,Elite Knight,Nevia,711,"1,098",Achievements,0
957,Ievil,Elite Knight,Karmeya,617,"1,098",Achievements,0
957,Meobgood,Knight,Antica,437,"1,098",Achievements,0
957,Mo to ca,Royal Paladin,Kalibra,554,"1,098",Achievements,0
957,Monzcarro Murcatto,Elite Knight,Premia,465,"1,098",Achievements,0
957,Tank Wermz,Elite Knight,Astera,1213,"1,098",Achievements,0
957,Tomski,Master Sorcerer,Antica,533,"1,098",Achievements,0
966,Cabelo Bawall,Royal Paladin,Ferobra,1442,"1,097",Achievements,0
966,Lanet Kel,Royal Paladin,Nevia,573,"1,097",Achievements,0
966,Minszk,Royal Paladin,Gentebra,732,"1,097",Achievements,0
966,Sokon Eltanke,Master Sorcerer,Ustebra,1295,"1,097",Achievements,0
966,Toxic Lilly,Royal Paladin,Premia,746,"1,097",Achievements,0
966,Woman Spia,Royal Paladin,Quintera,1181,"1,097",Achievements,0
972,Awesome Sikor,Paladin,Malivora,438,"1,096",Achievements,0
972,Druvolkz Is Back,Royal Paladin,Lutabra,1733,"1,096",Achievements,0
972,Luuh Druid,Elder Druid,Gentebra,1265,"1,096",Achievements,0
972,Pangping,Royal Paladin,Karmeya,1395,"1,096",Achievements,0
972,Veckina,Royal Paladin,Nefera,799,"1,096",Achievements,0
972,Xande Tuning,Elite Knight,Astera,1111,"1,096",Achievements,0
978,Brenot,Elite Knight,Astera,596,"1,095",Achievements,0
978,Conquest Insane,Royal Paladin,Menera,1321,"1,095",Achievements,0
978,Coronel Stonecrusher,Elite Knight,Belobra,450,"1,095",Achievements,0
978,Matheus Scoobydoo,Royal Paladin,Nefera,553,"1,095",Achievements,0
978,Maurolkit,Elite Knight,Secura,1922,"1,095",Achievements,0
978,Trul ith,Royal Paladin,Celesta,1248,"1,095",Achievements,0
984,Kostja,Elite Knight,Monza,584,"1,094",Achievements,0
984,Lil Marucha,Elite Knight,Havera,1010,"1,094",Achievements,0
984,Mad Maddy,Elite Knight,Lobera,1267,"1,094",Achievements,0
984,Naclara,Elite Knight,Gentebra,1212,"1,094",Achievements,0
984,Oyun,Elite Knight,Luminera,608,"1,094",Achievements,0
989,By Ling,Master Sorcerer,Yonabra,1177,"1,093",Achievements,0
989,Fire Faerie,Paladin,Harmonia,804,"1,093",Achievements,0
989,Luisithoxd,Elder Druid,Ourobra,748,"1,093",Achievements,0
989,Ma ttie,Elite Knight,Peloria,1000,"1,093",Achievements,0
989,Queen Winterheart,Elite Knight,Ferobra,866,"1,093",Achievements,0
989,Super Casta,Royal Paladin,Monza,882,"1,093",Achievements,0
989,Yvnaxnivyx,Knight,Xyla,1071,"1,093",Achievements,0
996,Hakuya Prodypt,Elite Knight,Belobra,662,"1,092",Achievements,0
996,Inferniarchh,Elite Knight,Ferobra,927,"1,092",Achievements,0
996,Kubul,Royal Paladin,Peloria,772,"1,092",Achievements,0
996,Martiinn Delnorte,Elite Knight,Quintera,1206,"1,092",Achievements,0
1000,Cawi Ratka,Royal Paladin,Karmeya,1512,"1,091",Achievements,0
