Rank,Name,Title,Vocation,World,Level,Points,category,vocation_id
1,Bibi Return,Enlightened of Tibia,Master Sorcerer,Obscubra,1195,"13,526",Loyalty Points,0
2,Zarakson,Enlightened of Tibia,Royal Paladin,Secura,1308,"9,568",Loyalty Points,0
3,Kitiara,Enlightened of Tibia,Master Sorcerer,Antica,347,"8,764",Loyalty Points,0
4,Aegornel Thaelin,Enlightened of Tibia,Knight,Antica,8,"8,751",Loyalty Points,0
4,Lord Zwiebus,Enlightened of Tibia,Royal Paladin,Antica,307,"8,751",Loyalty Points,0
4,Yrza,Enlightened of Tibia,Elite Knight,Secura,367,"8,751",Loyalty Points,0
7,Martin Langbogen,Enlightened of Tibia,Royal Paladin,Monza,358,"8,667",Loyalty Points,0
8,Faetrea Sage,Enlightened of Tibia,Elder Druid,Pacera,654,"8,642",Loyalty Points,0
9,Ikot Buwer,Enlightened of Tibia,None,Antica,2,"8,610",Loyalty Points,0
10,Vofibu's Housemaid,Enlightened of Tibia,Master Sorcerer,Antica,214,"8,552",Loyalty Points,0
11,Trixi,Enlightened of Tibia,Royal Paladin,Premia,659,"8,514",Loyalty Points,0
12,Lord Karr,Enlightened of Tibia,Royal Paladin,Wintera,574,"8,492",Loyalty Points,0
13,Lady Eilonway,Enlightened of Tibia,Elite Knight,Celesta,395,"8,481",Loyalty Points,0
14,Sir slaughter,Enlightened of Tibia,Elder Druid,Antica,374,"8,451",Loyalty Points,0
15,Esmara,Enlightened of Tibia,Sorcerer,Antica,8,"8,411",Loyalty Points,0
16,Ay,Enlightened of Tibia,Elder Druid,Antica,256,"8,404",Loyalty Points,0
17,Shib Ryian,Enlightened of Tibia,Knight,Secura,2,"8,379",Loyalty Points,0
18,Master of Desaster,Enlightened of Tibia,Elite Knight,Antica,373,"8,350",Loyalty Points,0
19,Sir Master Slayer,Enlightened of Tibia,Knight,Lobera,11,"8,343",Loyalty Points,0
20,Astera Tiger,Enlightened of Tibia,Master Sorcerer,Astera,407,"8,333",Loyalty Points,0
21,Polywog,Enlightened of Tibia,Elder Druid,Premia,187,"8,331",Loyalty Points,0
22,Spirit of Light,Enlightened of Tibia,Elite Knight,Yovera,335,"8,323",Loyalty Points,0
23,Ladyabby,Enlightened of Tibia,Master Sorcerer,Calmera,73,"8,312",Loyalty Points,0
24,Lothore Lotth,Enlightened of Tibia,Master Sorcerer,Antica,20,"8,306",Loyalty Points,0
24,Red Wolfen,Enlightened of Tibia,Royal Paladin,Gladera,368,"8,306",Loyalty Points,0
26,Omarskip,Enlightened of Tibia,Elite Knight,Gladera,329,"8,284",Loyalty Points,0
27,Drath Mikari,Enlightened of Tibia,None,Ourobra,11,"8,262",Loyalty Points,0
28,Vukar,Enlightened of Tibia,Elite Knight,Antica,271,"8,256",Loyalty Points,0
29,Lightning Count,Enlightened of Tibia,Master Sorcerer,Premia,222,"8,245",Loyalty Points,0
30,Rider the Sorcerer,Enlightened of Tibia,Master Sorcerer,Antica,461,"8,237",Loyalty Points,0
31,Kinath,Enlightened of Tibia,Master Sorcerer,Premia,365,"8,202",Loyalty Points,0
32,Alix,Enlightened of Tibia,Elder Druid,Antica,211,"8,163",Loyalty Points,0
33,Zantyr,Enlightened of Tibia,Druid,Secura,20,"8,148",Loyalty Points,0
34,Lady Lela,Enlightened of Tibia,Elder Druid,Calmera,171,"8,130",Loyalty Points,0
35,Aldixa,Enlightened of Tibia,Elite Knight,Premia,628,"8,127",Loyalty Points,0
36,Lord Mikus,Enlightened of Tibia,Master Sorcerer,Lobera,361,"8,122",Loyalty Points,0
37,Methistos,Enlightened of Tibia,Master Sorcerer,Lobera,161,"8,115",Loyalty Points,0
38,Cliany,Enlightened of Tibia,Elite Knight,Secura,576,"8,113",Loyalty Points,0
38,Tida Shystwi,Enlightened of Tibia,Knight,Gladera,2,"8,113",Loyalty Points,0
40,Deludoo,Enlightened of Tibia,Elite Knight,Harmonia,209,"8,105",Loyalty Points,0
40,Lighthouse Larry,Enlightened of Tibia,Knight,Antica,17,"8,105",Loyalty Points,0
42,Raainhha,Enlightened of Tibia,Elder Druid,Quelibra,130,"8,090",Loyalty Points,0
43,Feymain,Enlightened of Tibia,Elder Druid,Luminera,504,"8,089",Loyalty Points,0
43,Pastora Samama Dacolina,Enlightened of Tibia,Sorcerer,Obscubra,16,"8,089",Loyalty Points,0
45,Tom Bones,Enlightened of Tibia,Knight,Peloria,14,"8,084",Loyalty Points,0
46,Exequter,Enlightened of Tibia,Master Sorcerer,Peloria,693,"8,078",Loyalty Points,0
47,Leferty,Enlightened of Tibia,Elite Knight,Calmera,775,"8,064",Loyalty Points,0
48,Big Time,Enlightened of Tibia,Elite Knight,Quidera,1046,"8,061",Loyalty Points,0
49,Daliscar,Enlightened of Tibia,Elder Druid,Secura,305,"8,060",Loyalty Points,0
50,Pyranha,Enlightened of Tibia,Elite Knight,Calmera,255,"8,056",Loyalty Points,0
51,Luthientinuviel,Enlightened of Tibia,Master Sorcerer,Antica,112,"8,040",Loyalty Points,0
52,Theoul Jenhio,Enlightened of Tibia,Royal Paladin,Antica,20,"8,036",Loyalty Points,0
53,Aura,Enlightened of Tibia,Elite Knight,Secura,128,"8,035",Loyalty Points,0
54,Dragon-Tail,Enlightened of Tibia,Elite Knight,Secura,767,"8,034",Loyalty Points,0
55,Figue,Enlightened of Tibia,Elite Knight,Antica,357,"8,033",Loyalty Points,0
56,Lady Wolfen,Enlightened of Tibia,Elder Druid,Gladera,154,"8,027",Loyalty Points,0
57,Janda,Enlightened of Tibia,Royal Paladin,Secura,534,"8,024",Loyalty Points,0
58,Kiniron Fyna,Enlightened of Tibia,Sorcerer,Thyria,2,"8,004",Loyalty Points,0
59,Corym Charletan,Enlightened of Tibia,Sorcerer,Malivora,134,"7,988",Loyalty Points,0
60,Haraster,Enlightened of Tibia,Elite Knight,Refugia,944,"7,987",Loyalty Points,0
61,Shamhala,Enlightened of Tibia,Elder Druid,Monza,487,"7,970",Loyalty Points,0
62,Salox De'Sade,Enlightened of Tibia,Elite Knight,Menera,363,"7,962",Loyalty Points,0
63,Odd Henceforth,Enlightened of Tibia,Elite Knight,Lobera,231,"7,932",Loyalty Points,0
64,Achilles Tiger,Enlightened of Tibia,Royal Paladin,Astera,286,"7,924",Loyalty Points,0
65,Lord Ratt,Enlightened of Tibia,Royal Paladin,Gladera,576,"7,923",Loyalty Points,0
66,Soul of Mastro on Harmonia,Enlightened of Tibia,Master Sorcerer,Harmonia,34,"7,920",Loyalty Points,0
67,Sir Dragsalot,Enlightened of Tibia,Elite Knight,Lobera,359,"7,919",Loyalty Points,0
68,Marie-Jane,Enlightened of Tibia,Elite Knight,Peloria,226,"7,905",Loyalty Points,0
69,Hermelino,Enlightened of Tibia,None,Zuna,1,"7,904",Loyalty Points,0
70,Belgareth,Enlightened of Tibia,Master Sorcerer,Antica,234,"7,899",Loyalty Points,0
71,Timvix,Enlightened of Tibia,Elite Knight,Peloria,265,"7,889",Loyalty Points,0
72,Zephergal,Enlightened of Tibia,Royal Paladin,Pacera,228,"7,877",Loyalty Points,0
73,Platonn,Enlightened of Tibia,Elite Knight,Vunira,157,"7,875",Loyalty Points,0
74,Tarmon Gai Don,Enlightened of Tibia,Elder Druid,Peloria,1284,"7,874",Loyalty Points,0
75,Mendanha,Enlightened of Tibia,Master Sorcerer,Belobra,1365,"7,867",Loyalty Points,0
76,Sun Henceforth,Enlightened of Tibia,Elder Druid,Lobera,124,"7,866",Loyalty Points,0
77,Cieniaseq,Enlightened of Tibia,Elder Druid,Refugia,926,"7,853",Loyalty Points,0
78,Bloody Dragon,Enlightened of Tibia,Master Sorcerer,Antica,277,"7,848",Loyalty Points,0
79,Takkuri,Enlightened of Tibia,Master Sorcerer,Calmera,435,"7,847",Loyalty Points,0
80,Mustane,Enlightened of Tibia,Master Sorcerer,Antica,214,"7,843",Loyalty Points,0
81,Amijo,Enlightened of Tibia,Elder Druid,Retalia,357,"7,842",Loyalty Points,0
82,Ritito,Enlightened of Tibia,Elite Knight,Vunira,475,"7,830",Loyalty Points,0
83,Talisis,Enlightened of Tibia,Royal Paladin,Refugia,820,"7,829",Loyalty Points,0
84,Inter Rutra,Enlightened of Tibia,Elite Knight,Gentebra,432,"7,828",Loyalty Points,0
85,Varmendrion,Enlightened of Tibia,Elite Knight,Peloria,472,"7,811",Loyalty Points,0
86,Rudi the rednoses,Enlightened of Tibia,None,Antica,4,"7,806",Loyalty Points,0
87,Draken Fang,Enlightened of Tibia,Elite Knight,Antica,261,"7,804",Loyalty Points,0
88,Inach,Enlightened of Tibia,Elite Knight,Harmonia,1074,"7,789",Loyalty Points,0
89,Abraxorix,Enlightened of Tibia,Royal Paladin,Premia,332,"7,788",Loyalty Points,0
90,Vozuk,Enlightened of Tibia,Master Sorcerer,Lobera,376,"7,784",Loyalty Points,0
91,Styxo,Enlightened of Tibia,Elite Knight,Bona,346,"7,776",Loyalty Points,0
92,Duduzebah,Enlightened of Tibia,Elite Knight,Vunira,124,"7,775",Loyalty Points,0
93,Sibon Faur,Enlightened of Tibia,Elite Knight,Vunira,1189,"7,770",Loyalty Points,0
94,Bah Tutah,Enlightened of Tibia,Royal Paladin,Vunira,130,"7,764",Loyalty Points,0
95,Hugh Black,Enlightened of Tibia,Master Sorcerer,Antica,167,"7,761",Loyalty Points,0
95,Navi Charola,Enlightened of Tibia,Master Sorcerer,Wintera,1060,"7,761",Loyalty Points,0
97,Tiddox,Enlightened of Tibia,Royal Paladin,Serdebra,995,"7,755",Loyalty Points,0
98,Demonica,Enlightened of Tibia,Elite Knight,Refugia,396,"7,748",Loyalty Points,0
99,Knight Sunblade,Enlightened of Tibia,Elite Knight,Pacera,504,"7,746",Loyalty Points,0
100,Joao de calmera,Enlightened of Tibia,Royal Paladin,Calmera,511,"7,743",Loyalty Points,0
101,Zydor,Enlightened of Tibia,Elder Druid,Harmonia,150,"7,741",Loyalty Points,0
102,Dew Boyo,Enlightened of Tibia,Elite Knight,Secura,405,"7,737",Loyalty Points,0
103,Shinzon,Enlightened of Tibia,Elite Knight,Secura,155,"7,732",Loyalty Points,0
104,Hunkie,Enlightened of Tibia,Master Sorcerer,Secura,354,"7,730",Loyalty Points,0
105,Laughing Lady,Enlightened of Tibia,Master Sorcerer,Secura,284,"7,728",Loyalty Points,0
106,Lady Saphina,Enlightened of Tibia,Elder Druid,Pacera,923,"7,709",Loyalty Points,0
107,Wnuk Kenny Laya,Enlightened of Tibia,Royal Paladin,Refugia,217,"7,706",Loyalty Points,0
108,Werveroy Lybria,Enlightened of Tibia,None,Zuna,0,"7,704",Loyalty Points,0
109,Kelisy,Enlightened of Tibia,Royal Paladin,Antica,319,"7,702",Loyalty Points,0
110,Aphrodithe,Enlightened of Tibia,Elite Knight,Astera,867,"7,700",Loyalty Points,0
111,Poseidon Beoni,Enlightened of Tibia,Elite Knight,Belobra,186,"7,699",Loyalty Points,0
112,Hawkwax,Enlightened of Tibia,Master Sorcerer,Harmonia,80,"7,696",Loyalty Points,0
112,Maezona,Enlightened of Tibia,Elite Knight,Calmera,420,"7,696",Loyalty Points,0
112,Zinina,Enlightened of Tibia,Elder Druid,Harmonia,568,"7,696",Loyalty Points,0
115,Sorceror King,Enlightened of Tibia,Master Sorcerer,Antica,550,"7,695",Loyalty Points,0
116,Lord Maseda,Enlightened of Tibia,Elite Knight,Antica,1432,"7,691",Loyalty Points,0
117,Fulgore Blood,Enlightened of Tibia,Master Sorcerer,Wintera,608,"7,689",Loyalty Points,0
118,Jercito,Enlightened of Tibia,Elder Druid,Gladera,618,"7,686",Loyalty Points,0
119,Monhangaruera,Enlightened of Tibia,None,Menera,39,"7,680",Loyalty Points,0
119,Zbyszko Wojownik,Enlightened of Tibia,Elite Knight,Secura,727,"7,680",Loyalty Points,0
121,Funky Marc,Enlightened of Tibia,Elite Knight,Lobera,1081,"7,676",Loyalty Points,0
121,Rosa Well Fireangels,Enlightened of Tibia,Elite Knight,Gladera,329,"7,676",Loyalty Points,0
123,Gontran,Enlightened of Tibia,Elite Knight,Lobera,159,"7,663",Loyalty Points,0
124,Ingolf Gloria,Enlightened of Tibia,Elite Knight,Secura,554,"7,658",Loyalty Points,0
125,Bicoir,Enlightened of Tibia,Elder Druid,Pacera,513,"7,653",Loyalty Points,0
125,Lady Yakassi,Enlightened of Tibia,Elder Druid,Peloria,662,"7,653",Loyalty Points,0
125,Verseus,Enlightened of Tibia,Elite Knight,Bona,703,"7,653",Loyalty Points,0
128,Tapherus Leon,Enlightened of Tibia,Royal Paladin,Harmonia,225,"7,650",Loyalty Points,0
129,Royal Cyk,Enlightened of Tibia,Royal Paladin,Ourobra,1106,"7,646",Loyalty Points,0
130,Astronis,Enlightened of Tibia,Elite Knight,Astera,759,"7,638",Loyalty Points,0
131,Bowden,Enlightened of Tibia,Royal Paladin,Secura,234,"7,631",Loyalty Points,0
132,Pyramus,Enlightened of Tibia,Elite Knight,Secura,168,"7,628",Loyalty Points,0
133,Knight of the White Wolf,Enlightened of Tibia,Elite Knight,Harmonia,200,"7,624",Loyalty Points,0
134,Anardy,Enlightened of Tibia,Knight,Lobera,334,"7,621",Loyalty Points,0
135,Lord Serioth,Enlightened of Tibia,Royal Paladin,Secura,380,"7,617",Loyalty Points,0
135,Queen,Enlightened of Tibia,Elder Druid,Peloria,898,"7,617",Loyalty Points,0
137,Moltov,Enlightened of Tibia,Royal Paladin,Premia,245,"7,615",Loyalty Points,0
138,Alijanan Etalkied,Enlightened of Tibia,Paladin,Gladera,4,"7,613",Loyalty Points,0
139,Feki ku,Enlightened of Tibia,Elite Knight,Secura,448,"7,607",Loyalty Points,0
140,Leona Tineb,Enlightened of Tibia,Royal Paladin,Antica,80,"7,603",Loyalty Points,0
141,Amegry,Enlightened of Tibia,Elder Druid,Secura,541,"7,601",Loyalty Points,0
142,Malutka Aneczka,Enlightened of Tibia,Elite Knight,Bona,696,"7,594",Loyalty Points,0
143,Immortal Tiger,Enlightened of Tibia,Elite Knight,Astera,102,"7,591",Loyalty Points,0
143,Roc Solid,Enlightened of Tibia,Royal Paladin,Pacera,535,"7,591",Loyalty Points,0
145,Hunter Cent,Enlightened of Tibia,Royal Paladin,Pacera,692,"7,589",Loyalty Points,0
145,Tazise,Enlightened of Tibia,Royal Paladin,Calmera,136,"7,589",Loyalty Points,0
147,Zitob,Enlightened of Tibia,Elite Knight,Monza,1145,"7,584",Loyalty Points,0
148,Zerbras,Enlightened of Tibia,Master Sorcerer,Monza,458,"7,583",Loyalty Points,0
149,Araluxie,Enlightened of Tibia,Master Sorcerer,Wintera,136,"7,580",Loyalty Points,0
150,Shadow'Raider,Enlightened of Tibia,Elite Knight,Pacera,357,"7,579",Loyalty Points,0
151,Ayla Paladina,Enlightened of Tibia,Royal Paladin,Premia,259,"7,577",Loyalty Points,0
151,Kamrawr,Enlightened of Tibia,Elite Knight,Gladera,921,"7,577",Loyalty Points,0
153,Rangel Lestat,Enlightened of Tibia,Elite Knight,Gentebra,1603,"7,575",Loyalty Points,0
154,Lord Executer,Enlightened of Tibia,Elite Knight,Premia,1253,"7,572",Loyalty Points,0
155,Maziajka,Enlightened of Tibia,Royal Paladin,Secura,954,"7,569",Loyalty Points,0
156,Halconn,Enlightened of Tibia,None,Havera,28,"7,568",Loyalty Points,0
156,Marfet,Enlightened of Tibia,Elite Knight,Premia,635,"7,568",Loyalty Points,0
158,Chumbin lel,Enlightened of Tibia,Elder Druid,Yubra,910,"7,560",Loyalty Points,0
158,Loggins of Dangerzone,Enlightened of Tibia,Elite Knight,Esmera,587,"7,560",Loyalty Points,0
158,Magical Kitten,Enlightened of Tibia,Elder Druid,Calmera,173,"7,560",Loyalty Points,0
161,Kerosseno,Enlightened of Tibia,Royal Paladin,Antica,99,"7,558",Loyalty Points,0
162,Arieru,Enlightened of Tibia,Master Sorcerer,Wintera,1084,"7,553",Loyalty Points,0
163,Valdenilson The Second,Enlightened of Tibia,Elite Knight,Ferobra,1074,"7,551",Loyalty Points,0
164,Guttanas,Enlightened of Tibia,Royal Paladin,Quidera,1384,"7,545",Loyalty Points,0
165,Deadly Kizzer,Enlightened of Tibia,Royal Paladin,Premia,209,"7,540",Loyalty Points,0
166,Tandron,Enlightened of Tibia,Master Sorcerer,Secura,345,"7,537",Loyalty Points,0
167,Lord Vikin gold,Enlightened of Tibia,Elite Knight,Thyria,897,"7,535",Loyalty Points,0
168,Knight'Kamos,Enlightened of Tibia,Elite Knight,Peloria,1011,"7,530",Loyalty Points,0
169,Tiinu,Enlightened of Tibia,Royal Paladin,Refugia,163,"7,527",Loyalty Points,0
170,Excitable,Enlightened of Tibia,Master Sorcerer,Lobera,544,"7,525",Loyalty Points,0
171,Goblinx Klai,Enlightened of Tibia,Master Sorcerer,Celebra,174,"7,522",Loyalty Points,0
172,Daso II,Enlightened of Tibia,Royal Paladin,Antica,1605,"7,521",Loyalty Points,0
173,Arleton,Enlightened of Tibia,Elder Druid,Zunera,1057,"7,519",Loyalty Points,0
174,Steffi Millano,Enlightened of Tibia,Elder Druid,Monza,273,"7,518",Loyalty Points,0
175,Lady Pulguinha,Enlightened of Tibia,Elite Knight,Calmera,506,"7,516",Loyalty Points,0
176,Chicken summoner,Enlightened of Tibia,Elder Druid,Solidera,218,"7,515",Loyalty Points,0
176,Tia Delinha,Enlightened of Tibia,Elder Druid,Calmera,461,"7,515",Loyalty Points,0
178,Aragorn of Elfhome,Enlightened of Tibia,Elite Knight,Secura,209,"7,510",Loyalty Points,0
178,Canisso,Enlightened of Tibia,Knight,Astera,344,"7,510",Loyalty Points,0
178,Nena ybel,Enlightened of Tibia,Druid,Talera,693,"7,510",Loyalty Points,0
181,Lythariss,Enlightened of Tibia,Elder Druid,Gladera,584,"7,509",Loyalty Points,0
182,Waknir,Enlightened of Tibia,Monk,Kalibra,9,"7,502",Loyalty Points,0
183,Patricinha druidinha,Enlightened of Tibia,Elite Knight,Secura,589,"7,498",Loyalty Points,0
184,Tokii Wartooth,Enlightened of Tibia,Royal Paladin,Lobera,798,"7,494",Loyalty Points,0
185,Macgyver,Enlightened of Tibia,Elite Knight,Antica,425,"7,491",Loyalty Points,0
186,Alunir,Enlightened of Tibia,Royal Paladin,Peloria,441,"7,486",Loyalty Points,0
187,Melmag,Enlightened of Tibia,Master Sorcerer,Secura,949,"7,483",Loyalty Points,0
188,Etien,Enlightened of Tibia,Elite Knight,Pacera,200,"7,482",Loyalty Points,0
189,Khamar,Enlightened of Tibia,Elite Knight,Harmonia,938,"7,481",Loyalty Points,0
190,Duria Larra,Enlightened of Tibia,Sorcerer,Gladera,2,"7,476",Loyalty Points,0
190,Miliardo Peace-craft,Enlightened of Tibia,Elite Knight,Premia,299,"7,476",Loyalty Points,0
192,Stev on Olympa,Enlightened of Tibia,Elite Knight,Monza,85,"7,474",Loyalty Points,0
193,Tialys,Enlightened of Tibia,Elite Knight,Monza,182,"7,472",Loyalty Points,0
194,Anna Sinixa,Enlightened of Tibia,Elder Druid,Luminera,804,"7,468",Loyalty Points,0
194,Ulier Kalfon,Enlightened of Tibia,None,Havera,2,"7,468",Loyalty Points,0
196,Villarcita,Enlightened of Tibia,Sorcerer,Astera,39,"7,465",Loyalty Points,0
197,Majty ma,Enlightened of Tibia,Elder Druid,Lobera,120,"7,459",Loyalty Points,0
198,Magnifik Danyshiny,Enlightened of Tibia,Royal Paladin,Inabra,1590,"7,457",Loyalty Points,0
199,Guerrero De Las Sombras,Enlightened of Tibia,Elite Knight,Antica,1210,"7,456",Loyalty Points,0
200,Trenzinho Piui,Enlightened of Tibia,None,Solidera,8,"7,454",Loyalty Points,0
201,Magicice,Enlightened of Tibia,Royal Paladin,Antica,480,"7,451",Loyalty Points,0
202,Iskizytu,Enlightened of Tibia,Elite Knight,Pacera,1203,"7,450",Loyalty Points,0
202,Lee Ticia,Enlightened of Tibia,Knight,Celebra,364,"7,450",Loyalty Points,0
202,Mixlalilxy,Enlightened of Tibia,Master Sorcerer,Wintera,292,"7,450",Loyalty Points,0
202,Ratilt,Enlightened of Tibia,Master Sorcerer,Thyria,808,"7,450",Loyalty Points,0
206,Fraggle,Enlightened of Tibia,Master Sorcerer,Antica,54,"7,446",Loyalty Points,0
207,Alkmewa,Enlightened of Tibia,Elite Knight,Menera,534,"7,445",Loyalty Points,0
208,Keppi,Enlightened of Tibia,Master Sorcerer,Secura,1305,"7,442",Loyalty Points,0
209,Yuriih,Enlightened of Tibia,Royal Paladin,Obscubra,1870,"7,433",Loyalty Points,0
210,Pappie,Enlightened of Tibia,Elite Knight,Secura,1134,"7,431",Loyalty Points,0
211,Anne Lena,Enlightened of Tibia,Royal Paladin,Astera,907,"7,425",Loyalty Points,0
211,Brown Jantar,Enlightened of Tibia,Elite Knight,Celesta,1022,"7,425",Loyalty Points,0
211,Knight Zudano,Enlightened of Tibia,Elite Knight,Monza,560,"7,425",Loyalty Points,0
211,Xarkost Eilia,Enlightened of Tibia,Royal Paladin,Secura,561,"7,425",Loyalty Points,0
215,Deadmani,Enlightened of Tibia,Elite Knight,Thyria,1952,"7,411",Loyalty Points,0
216,Semiramida,Enlightened of Tibia,Elite Knight,Secura,776,"7,404",Loyalty Points,0
217,Rii car do,Enlightened of Tibia,Elder Druid,Luminera,1699,"7,400",Loyalty Points,0
218,Trigunx,Enlightened of Tibia,Elite Knight,Astera,657,"7,396",Loyalty Points,0
218,Walentyna,Enlightened of Tibia,Elite Knight,Celesta,544,"7,396",Loyalty Points,0
220,Nobre Warrior,Enlightened of Tibia,Elite Knight,Yonabra,482,"7,395",Loyalty Points,0
220,Storm Lord,Enlightened of Tibia,Royal Paladin,Antica,353,"7,395",Loyalty Points,0
222,Harv Heimdallsson,Enlightened of Tibia,Elite Knight,Peloria,342,"7,393",Loyalty Points,0
223,Yuri Jammy,Enlightened of Tibia,Elite Knight,Havera,776,"7,390",Loyalty Points,0
224,Paulo The Sorcerer,Enlightened of Tibia,Master Sorcerer,Bona,179,"7,385",Loyalty Points,0
225,Flippendo,Enlightened of Tibia,Elite Knight,Secura,446,"7,381",Loyalty Points,0
226,Dankiver,Enlightened of Tibia,Royal Paladin,Quintera,955,"7,380",Loyalty Points,0
227,Icehearted Ranger,Enlightened of Tibia,Royal Paladin,Luminera,167,"7,374",Loyalty Points,0
228,Bullistic,Enlightened of Tibia,Royal Paladin,Lobera,1401,"7,367",Loyalty Points,0
229,Madam Dan,Enlightened of Tibia,Knight,Celesta,628,"7,360",Loyalty Points,0
229,Magic Xarfai,Enlightened of Tibia,Sorcerer,Lobera,748,"7,360",Loyalty Points,0
229,Sky Hardysz,Enlightened of Tibia,Royal Paladin,Talera,1151,"7,360",Loyalty Points,0
232,Eudoros,Enlightened of Tibia,Elite Knight,Peloria,269,"7,358",Loyalty Points,0
233,Executer Mage,Enlightened of Tibia,Master Sorcerer,Premia,981,"7,350",Loyalty Points,0
234,Myhuka,Enlightened of Tibia,Master Sorcerer,Astera,123,"7,348",Loyalty Points,0
235,Zigfrida,Enlightened of Tibia,Elder Druid,Calmera,336,"7,338",Loyalty Points,0
236,Lady Rachael,Enlightened of Tibia,Master Sorcerer,Astera,315,"7,337",Loyalty Points,0
237,Sokkz The Bruto,Enlightened of Tibia,Elite Knight,Descubra,1068,"7,328",Loyalty Points,0
238,Merisquendi,Enlightened of Tibia,Master Sorcerer,Secura,133,"7,320",Loyalty Points,0
239,Aevin,Enlightened of Tibia,Elder Druid,Gentebra,1279,"7,319",Loyalty Points,0
239,Zos Io Pan,Enlightened of Tibia,Elite Knight,Serdebra,1094,"7,319",Loyalty Points,0
241,Nina Ragen,Enlightened of Tibia,Elite Knight,Talera,510,"7,316",Loyalty Points,0
242,Angel Moon,Enlightened of Tibia,Elder Druid,Menera,332,"7,315",Loyalty Points,0
243,Averthith Solifitrotus,Enlightened of Tibia,Master Sorcerer,Astera,313,"7,311",Loyalty Points,0
244,Xahifenix,Enlightened of Tibia,Elite Knight,Lutabra,298,"7,309",Loyalty Points,0
245,Bloodmoon,Enlightened of Tibia,Elite Knight,Lobera,422,"7,307",Loyalty Points,0
246,Malariamyggan,Enlightened of Tibia,Elder Druid,Wadira,522,"7,304",Loyalty Points,0
247,Claudits,Enlightened of Tibia,Elder Druid,Astera,613,"7,302",Loyalty Points,0
248,Aestyn,Enlightened of Tibia,Elder Druid,Gladera,105,"7,300",Loyalty Points,0
248,Lord Dustcounter,Enlightened of Tibia,Elder Druid,Monza,332,"7,300",Loyalty Points,0
250,Womolu,Enlightened of Tibia,Elite Knight,Celebra,1770,"7,298",Loyalty Points,0
251,Siberion,Enlightened of Tibia,Elite Knight,Premia,1522,"7,296",Loyalty Points,0
252,Flor do rioo,Enlightened of Tibia,Elite Knight,Havera,61,"7,295",Loyalty Points,0
252,Pug wholikes wuuf,Enlightened of Tibia,Elder Druid,Secura,223,"7,295",Loyalty Points,0
254,Crillan,Enlightened of Tibia,Sorcerer,Bona,92,"7,290",Loyalty Points,0
254,Trapezoid,Enlightened of Tibia,Royal Paladin,Quintera,703,"7,290",Loyalty Points,0
256,Energy Source,Enlightened of Tibia,Master Sorcerer,Secura,535,"7,286",Loyalty Points,0
256,Shar Raftin,Enlightened of Tibia,Elder Druid,Wintera,44,"7,286",Loyalty Points,0
258,Orcluu Obscubra Pune,Enlightened of Tibia,Elder Druid,Gladibra,391,"7,283",Loyalty Points,0
259,Animus Necandi,Enlightened of Tibia,Elite Knight,Quelibra,745,"7,281",Loyalty Points,0
259,Jane boom,Enlightened of Tibia,Elder Druid,Astera,406,"7,281",Loyalty Points,0
261,Busa,Enlightened of Tibia,Elite Knight,Secura,133,"7,280",Loyalty Points,0
262,Maralona,Enlightened of Tibia,Elder Druid,Harmonia,499,"7,274",Loyalty Points,0
263,General Bach,Enlightened of Tibia,Elite Knight,Yonabra,1096,"7,271",Loyalty Points,0
263,Wolf Viper,Enlightened of Tibia,Elite Knight,Luminera,284,"7,271",Loyalty Points,0
265,Kingzie,Enlightened of Tibia,Master Sorcerer,Xyla,762,"7,268",Loyalty Points,0
266,Hitogedgy,Enlightened of Tibia,Elite Knight,Luminera,519,"7,266",Loyalty Points,0
267,Ekstrem,Enlightened of Tibia,Elder Druid,Secura,165,"7,261",Loyalty Points,0
267,Sir Chikki,Enlightened of Tibia,Knight,Monza,18,"7,261",Loyalty Points,0
269,Auron Saint,Enlightened of Tibia,Royal Paladin,Vunira,928,"7,258",Loyalty Points,0
269,Hayashiro,Enlightened of Tibia,Master Sorcerer,Belobra,1814,"7,258",Loyalty Points,0
271,Lokirj,Enlightened of Tibia,Knight,Calmera,53,"7,257",Loyalty Points,0
272,Pangarezinho,Enlightened of Tibia,Elite Knight,Celesta,370,"7,254",Loyalty Points,0
273,Chris Rancid,Enlightened of Tibia,Elder Druid,Refugia,552,"7,251",Loyalty Points,0
273,Mal Legendary,Enlightened of Tibia,Elite Knight,Gladera,857,"7,251",Loyalty Points,0
275,Haarin,Enlightened of Tibia,Elder Druid,Monza,1720,"7,248",Loyalty Points,0
275,Rethares Loka,Enlightened of Tibia,Elder Druid,Calmera,411,"7,248",Loyalty Points,0
277,Fihesute,Enlightened of Tibia,Elite Knight,Antica,783,"7,247",Loyalty Points,0
278,Dgod,Enlightened of Tibia,Elite Knight,Harmonia,512,"7,245",Loyalty Points,0
278,Othinows,Enlightened of Tibia,Master Sorcerer,Venebra,1547,"7,245",Loyalty Points,0
280,Anna Elan,Enlightened of Tibia,Master Sorcerer,Astera,460,"7,240",Loyalty Points,0
281,Marcelo Bicentenario,Enlightened of Tibia,Royal Paladin,Luminera,413,"7,236",Loyalty Points,0
282,Erogan,Enlightened of Tibia,Royal Paladin,Solidera,365,"7,234",Loyalty Points,0
283,Knis Sudarit,Enlightened of Tibia,None,Gentebra,2,"7,221",Loyalty Points,0
284,Zena Daro,Enlightened of Tibia,Master Sorcerer,Gladera,225,"7,220",Loyalty Points,0
285,Haldo Severus,Enlightened of Tibia,Royal Paladin,Collabra,396,"7,217",Loyalty Points,0
286,Akry Suela,Enlightened of Tibia,Elite Knight,Secura,327,"7,213",Loyalty Points,0
286,Jim Hanson,Enlightened of Tibia,Master Sorcerer,Yovera,149,"7,213",Loyalty Points,0
288,Kearell Goldenstone,Enlightened of Tibia,Elder Druid,Secura,150,"7,203",Loyalty Points,0
289,Thay El Patron,Enlightened of Tibia,Elite Knight,Wintera,1716,"7,202",Loyalty Points,0
290,Kliuna Ai,Enlightened of Tibia,Royal Paladin,Peloria,560,"7,199",Loyalty Points,0
290,Master Player,Enlightened of Tibia,Master Sorcerer,Secura,265,"7,199",Loyalty Points,0
290,Orzack,Enlightened of Tibia,Elite Knight,Quelibra,1777,"7,199",Loyalty Points,0
293,Meroq Sana,Enlightened of Tibia,Knight,Yovera,8,"7,193",Loyalty Points,0
294,Pallas,Enlightened of Tibia,Master Sorcerer,Premia,59,"7,192",Loyalty Points,0
295,Asta Volia,Enlightened of Tibia,Elder Druid,Secura,505,"7,191",Loyalty Points,0
296,Aricy,Enlightened of Tibia,Elite Knight,Calmera,261,"7,190",Loyalty Points,0
297,Pinkcat,Enlightened of Tibia,Master Sorcerer,Zuna,110,"7,189",Loyalty Points,0
298,Hase,Enlightened of Tibia,Elder Druid,Harmonia,258,"7,185",Loyalty Points,0
299,Kemati,Enlightened of Tibia,Exalted Monk,Inabra,20,"7,183",Loyalty Points,0
300,Varathrone,Enlightened of Tibia,Royal Paladin,Antica,770,"7,181",Loyalty Points,0
301,Sire darkmore,Enlightened of Tibia,Elder Druid,Astera,245,"7,179",Loyalty Points,0
302,Icy Executer,Enlightened of Tibia,Elder Druid,Premia,1043,"7,176",Loyalty Points,0
303,Elon Arrowhead,Enlightened of Tibia,Royal Paladin,Menera,342,"7,175",Loyalty Points,0
304,Doomminus Maximus,Enlightened of Tibia,Royal Paladin,Inabra,247,"7,172",Loyalty Points,0
305,Colonel Kloss,Enlightened of Tibia,Elite Knight,Secura,758,"7,167",Loyalty Points,0
306,Edry,Enlightened of Tibia,Master Sorcerer,Astera,202,"7,166",Loyalty Points,0
306,Luna de Astera,Enlightened of Tibia,Elite Knight,Gladera,509,"7,166",Loyalty Points,0
306,Narcan,Enlightened of Tibia,Sorcerer,Calmera,8,"7,166",Loyalty Points,0
309,Mestre Miagi,Enlightened of Tibia,Elder Druid,Talera,133,"7,165",Loyalty Points,0
309,Ninja Beta,Enlightened of Tibia,Royal Paladin,Calmera,158,"7,165",Loyalty Points,0
311,Pros Lemenshia,Enlightened of Tibia,Knight,Lobera,8,"7,163",Loyalty Points,0
311,Ux Fatther,Enlightened of Tibia,Elite Knight,Kalibra,730,"7,163",Loyalty Points,0
313,Brilliant Sniper,Enlightened of Tibia,Royal Paladin,Lobera,612,"7,161",Loyalty Points,0
313,Leader of the amazones,Enlightened of Tibia,Elite Knight,Lobera,992,"7,161",Loyalty Points,0
315,Petitpierot,Enlightened of Tibia,Elite Knight,Astera,196,"7,160",Loyalty Points,0
316,Zil Edam,Enlightened of Tibia,Royal Paladin,Nefera,213,"7,157",Loyalty Points,0
317,Ridder de knight,Enlightened of Tibia,Elite Knight,Calmera,205,"7,150",Loyalty Points,0
318,Seth Knight,Enlightened of Tibia,Elite Knight,Gladera,84,"7,148",Loyalty Points,0
318,Yudmii Dark,Enlightened of Tibia,Elite Knight,Astera,933,"7,148",Loyalty Points,0
320,Telial,Enlightened of Tibia,Elite Knight,Secura,149,"7,147",Loyalty Points,0
321,Bow Chikabowow,Enlightened of Tibia,Elite Knight,Calmera,777,"7,145",Loyalty Points,0
322,Satiun Jerius,Enlightened of Tibia,Knight,Menera,10,"7,144",Loyalty Points,0
322,Skunerx,Enlightened of Tibia,Elite Knight,Belobra,1933,"7,144",Loyalty Points,0
324,Sir troy,Enlightened of Tibia,Elite Knight,Antica,244,"7,138",Loyalty Points,0
325,Ferangel,Enlightened of Tibia,Royal Paladin,Bona,2520,"7,137",Loyalty Points,0
325,Moe The Knight,Enlightened of Tibia,Elite Knight,Nefera,577,"7,137",Loyalty Points,0
327,Hardcor,Enlightened of Tibia,Master Sorcerer,Vunira,1193,"7,135",Loyalty Points,0
328,Xanadu,Enlightened of Tibia,Royal Paladin,Antica,947,"7,132",Loyalty Points,0
329,Asombrous Tythz,Enlightened of Tibia,Master Sorcerer,Monza,1292,"7,127",Loyalty Points,0
330,Bah Herminia,Enlightened of Tibia,Elder Druid,Vunira,56,"7,126",Loyalty Points,0
331,Ekaiio,Enlightened of Tibia,Elite Knight,Belobra,1662,"7,124",Loyalty Points,0
332,Lulatz,Enlightened of Tibia,Elite Knight,Pacera,1069,"7,120",Loyalty Points,0
333,Attila Oligarch,Enlightened of Tibia,Exalted Monk,Antica,487,"7,119",Loyalty Points,0
334,Mew Mew Echoplex,Enlightened of Tibia,Royal Paladin,Astera,346,"7,118",Loyalty Points,0
335,Dawox,Enlightened of Tibia,Royal Paladin,Calmera,830,"7,117",Loyalty Points,0
336,Yakoov,Enlightened of Tibia,Paladin,Luminera,23,"7,110",Loyalty Points,0
337,Godwulf,Enlightened of Tibia,Elite Knight,Pacera,477,"7,104",Loyalty Points,0
338,Nemes,Enlightened of Tibia,Elite Knight,Antica,384,"7,099",Loyalty Points,0
339,Jaime Armeiro,Enlightened of Tibia,Elite Knight,Celesta,630,"7,097",Loyalty Points,0
340,Khaira,Enlightened of Tibia,Elite Knight,Gladera,692,"7,096",Loyalty Points,0
341,Maurolkit,Enlightened of Tibia,Elite Knight,Secura,1922,"7,095",Loyalty Points,0
342,Zora Tajargor,Enlightened of Tibia,Elite Knight,Nefera,410,"7,094",Loyalty Points,0
343,Honzo Asashi,Enlightened of Tibia,Exalted Monk,Bravoria,78,"7,092",Loyalty Points,0
344,Fates Buddy,Enlightened of Tibia,Master Sorcerer,Pacera,828,"7,091",Loyalty Points,0
345,Gagou,Enlightened of Tibia,Royal Paladin,Secura,474,"7,086",Loyalty Points,0
346,Rayan Boy,Enlightened of Tibia,Elite Knight,Quidera,435,"7,085",Loyalty Points,0
346,Szubi Dia,Enlightened of Tibia,Elite Knight,Dia,947,"7,085",Loyalty Points,0
348,Oudje,Enlightened of Tibia,Royal Paladin,Celesta,136,"7,083",Loyalty Points,0
349,Risn Evil,Enlightened of Tibia,Master Sorcerer,Wildera,80,"7,080",Loyalty Points,0
350,Fighter Mick,Enlightened of Tibia,Elite Knight,Nefera,390,"7,079",Loyalty Points,0
350,Trinity Tomboy,Enlightened of Tibia,Elder Druid,Etebra,134,"7,079",Loyalty Points,0
352,Thor Ironmask,Enlightened of Tibia,Elder Druid,Menera,172,"7,078",Loyalty Points,0
353,Royal Ienepien,Enlightened of Tibia,Royal Paladin,Celesta,584,"7,077",Loyalty Points,0
353,Stan of Nova,Enlightened of Tibia,Elite Knight,Gladera,467,"7,077",Loyalty Points,0
355,Sir Wilfred Ivanhoe,Enlightened of Tibia,Elite Knight,Nefera,449,"7,073",Loyalty Points,0
356,Irsu,Enlightened of Tibia,Elder Druid,Bona,474,"7,072",Loyalty Points,0
356,Odra Kaitywagni,Enlightened of Tibia,Knight,Nefera,40,"7,072",Loyalty Points,0
356,Pinguin-Soldier,Enlightened of Tibia,Master Sorcerer,Refugia,154,"7,072",Loyalty Points,0
359,Bratku Boy,Enlightened of Tibia,Royal Paladin,Secura,2152,"7,071",Loyalty Points,0
360,Jafajafa,Enlightened of Tibia,Druid,Peloria,9,"7,070",Loyalty Points,0
360,Kexton,Enlightened of Tibia,Elite Knight,Luminera,262,"7,070",Loyalty Points,0
360,Lady Sylaa,Enlightened of Tibia,Elder Druid,Secura,668,"7,070",Loyalty Points,0
363,Vames,Enlightened of Tibia,Royal Paladin,Solidera,404,"7,069",Loyalty Points,0
364,Master patrick fang,Enlightened of Tibia,Master Sorcerer,Gladera,405,"7,066",Loyalty Points,0
365,General George Washington,Enlightened of Tibia,Elite Knight,Yovera,117,"7,062",Loyalty Points,0
365,Thus Darunblo,Enlightened of Tibia,Elite Knight,Astera,556,"7,062",Loyalty Points,0
367,Mord,Enlightened of Tibia,Master Sorcerer,Pacera,362,"7,061",Loyalty Points,0
367,Phester,Enlightened of Tibia,Royal Paladin,Peloria,297,"7,061",Loyalty Points,0
367,Vica Kateriell,Enlightened of Tibia,Master Sorcerer,Monza,1149,"7,061",Loyalty Points,0
370,Thol Feno,Enlightened of Tibia,Elite Knight,Harmonia,876,"7,056",Loyalty Points,0
371,Storm Executer,Enlightened of Tibia,Master Sorcerer,Thyria,103,"7,055",Loyalty Points,0
372,Bazil Rathbone,Enlightened of Tibia,Royal Paladin,Pacera,362,"7,054",Loyalty Points,0
373,Anxious,Enlightened of Tibia,Royal Paladin,Refugia,619,"7,045",Loyalty Points,0
373,Jorunn,Enlightened of Tibia,Elite Knight,Premia,364,"7,045",Loyalty Points,0
375,Pimpo,Enlightened of Tibia,Knight,Antica,264,"7,044",Loyalty Points,0
376,Lerius Arth,Enlightened of Tibia,Elite Knight,Peloria,195,"7,041",Loyalty Points,0
377,Azaziel,Enlightened of Tibia,Royal Paladin,Gladera,369,"7,035",Loyalty Points,0
378,Leor Arty,Enlightened of Tibia,None,Astera,29,"7,032",Loyalty Points,0
379,Anatomiczny Posilek,Enlightened of Tibia,Elite Knight,Thyria,1433,"7,030",Loyalty Points,0
379,Carpathya,Enlightened of Tibia,None,Bona,31,"7,030",Loyalty Points,0
379,Cromag,Enlightened of Tibia,Master Sorcerer,Refugia,705,"7,030",Loyalty Points,0
382,Lady feminine,Enlightened of Tibia,Elder Druid,Nefera,453,"7,029",Loyalty Points,0
383,Nix De'Lao,Enlightened of Tibia,Master Sorcerer,Belobra,481,"7,028",Loyalty Points,0
384,Elite Doomist,Enlightened of Tibia,Elite Knight,Premia,364,"7,027",Loyalty Points,0
385,Filippa on Morgana,Enlightened of Tibia,None,Thyria,2,"7,025",Loyalty Points,0
386,Carlay,Enlightened of Tibia,Elder Druid,Secura,456,"7,023",Loyalty Points,0
387,Mataxi Wonka,Enlightened of Tibia,Elder Druid,Pacera,244,"7,022",Loyalty Points,0
388,Oblette,Enlightened of Tibia,Elder Druid,Harmonia,199,"7,014",Loyalty Points,0
388,Thorallion,Enlightened of Tibia,Elite Knight,Harmonia,277,"7,014",Loyalty Points,0
390,Monos Cedar,Enlightened of Tibia,Master Sorcerer,Nefera,295,"7,012",Loyalty Points,0
390,Pi Ramses,Enlightened of Tibia,Elite Knight,Nefera,1249,"7,012",Loyalty Points,0
392,Sonia Smith,Enlightened of Tibia,Elite Knight,Vunira,385,"7,011",Loyalty Points,0
393,Tinny Tan,Enlightened of Tibia,Elite Knight,Nefera,142,"7,008",Loyalty Points,0
394,Master of destruction,Enlightened of Tibia,Master Sorcerer,Premia,1000,"7,006",Loyalty Points,0
395,Majowe,Enlightened of Tibia,Elite Knight,Solidera,251,"7,004",Loyalty Points,0
396,Lordganon,Enlightened of Tibia,Master Sorcerer,Pacera,228,"7,002",Loyalty Points,0
397,Beruck,Enlightened of Tibia,Royal Paladin,Antica,505,"7,000",Loyalty Points,0
397,Buddah Dorthonion,Enlightened of Tibia,Paladin,Peloria,377,"7,000",Loyalty Points,0
397,Octavian,Enlightened of Tibia,Royal Paladin,Antica,188,"7,000",Loyalty Points,0
400,Voodoomancer,Savant of Tibia,Elder Druid,Antica,499,"6,997",Loyalty Points,0
401,Davidtje,Savant of Tibia,Master Sorcerer,Bona,1340,"6,996",Loyalty Points,0
402,Shin Adraks,Savant of Tibia,Elder Druid,Refugia,607,"6,993",Loyalty Points,0
403,Tah ligado neeh,Savant of Tibia,Knight,Ferobra,8,"6,991",Loyalty Points,0
404,Minerinvl,Savant of Tibia,Elder Druid,Quelibra,1371,"6,988",Loyalty Points,0
405,Loth Fith,Savant of Tibia,Master Sorcerer,Gentebra,399,"6,987",Loyalty Points,0
406,Kisa the Cat,Savant of Tibia,Elite Knight,Calmera,53,"6,985",Loyalty Points,0
407,Efemeich,Savant of Tibia,Elder Druid,Calmera,1175,"6,984",Loyalty Points,0
408,Javadu,Savant of Tibia,Elite Knight,Refugia,116,"6,983",Loyalty Points,0
409,Lady Aska,Savant of Tibia,Elite Knight,Monza,558,"6,982",Loyalty Points,0
410,Gaspa el mago,Savant of Tibia,Sorcerer,Gentebra,192,"6,974",Loyalty Points,0
410,Master Michael,Savant of Tibia,Royal Paladin,Secura,212,"6,974",Loyalty Points,0
412,Faustino Brabo,Savant of Tibia,Master Sorcerer,Celebra,1627,"6,973",Loyalty Points,0
412,Luana Zilverheat,Savant of Tibia,Master Sorcerer,Secura,646,"6,973",Loyalty Points,0
412,Malathis Guin,Savant of Tibia,Elite Knight,Luminera,164,"6,973",Loyalty Points,0
415,Blackfire Knight,Savant of Tibia,Knight,Secura,244,"6,971",Loyalty Points,0
415,Sados Amak,Savant of Tibia,Master Sorcerer,Lobera,81,"6,971",Loyalty Points,0
415,Wozigot,Savant of Tibia,Elite Knight,Solidera,478,"6,971",Loyalty Points,0
418,Linyc,Savant of Tibia,Druid,Gladera,978,"6,970",Loyalty Points,0
418,Mad Belgian,Savant of Tibia,Elite Knight,Monza,381,"6,970",Loyalty Points,0
420,Kimahri Guildenstern,Savant of Tibia,Master Sorcerer,Monza,340,"6,968",Loyalty Points,0
421,Anne The Witchcrafter,Savant of Tibia,Elder Druid,Refugia,297,"6,965",Loyalty Points,0
422,Dinda Lora,Savant of Tibia,Royal Paladin,Gentebra,400,"6,963",Loyalty Points,0
423,Julth Thort,Savant of Tibia,Elite Knight,Kalibra,54,"6,962",Loyalty Points,0
424,Isaac Sorcerer,Savant of Tibia,Master Sorcerer,Refugia,133,"6,961",Loyalty Points,0
424,Knight of Rafael,Savant of Tibia,Elite Knight,Quelibra,1658,"6,961",Loyalty Points,0
426,Sheikenshin,Savant of Tibia,Elite Knight,Astera,865,"6,960",Loyalty Points,0
427,Kiki dev,Savant of Tibia,Master Sorcerer,Calmera,455,"6,955",Loyalty Points,0
427,Lady Elizabeth,Savant of Tibia,Royal Paladin,Secura,209,"6,955",Loyalty Points,0
427,Lil Weezyana,Savant of Tibia,Elder Druid,Wintera,1295,"6,955",Loyalty Points,0
430,Belamora,Savant of Tibia,Master Sorcerer,Belobra,731,"6,950",Loyalty Points,0
430,Pasiffae,Savant of Tibia,Master Sorcerer,Belobra,1741,"6,950",Loyalty Points,0
432,Mediotha,Savant of Tibia,Elite Knight,Yonabra,1145,"6,947",Loyalty Points,0
433,Bijou Kidi,Savant of Tibia,Elder Druid,Antica,830,"6,946",Loyalty Points,0
433,Goplana,Savant of Tibia,Royal Paladin,Secura,305,"6,946",Loyalty Points,0
435,Barba Blava,Savant of Tibia,Elite Knight,Gladera,30,"6,941",Loyalty Points,0
436,Aphoros,Savant of Tibia,Elite Knight,Calmera,44,"6,940",Loyalty Points,0
436,Reddawg,Savant of Tibia,Elder Druid,Stralis,123,"6,940",Loyalty Points,0
438,Lord Nudd,Savant of Tibia,Elite Knight,Premia,179,"6,936",Loyalty Points,0
438,Sassir,Savant of Tibia,Royal Paladin,Antica,983,"6,936",Loyalty Points,0
440,Edinho Rancaprofit,Savant of Tibia,Royal Paladin,Serdebra,2341,"6,935",Loyalty Points,0
441,Boile,Savant of Tibia,Elite Knight,Vunira,425,"6,933",Loyalty Points,0
442,Sissela,Savant of Tibia,Elite Knight,Harmonia,295,"6,932",Loyalty Points,0
443,Hazuta,Savant of Tibia,Royal Paladin,Secura,538,"6,931",Loyalty Points,0
444,Craig the knight,Savant of Tibia,Elite Knight,Lobera,931,"6,928",Loyalty Points,0
445,Gaara Elorial,Savant of Tibia,Druid,Belobra,19,"6,925",Loyalty Points,0
446,Onyn,Savant of Tibia,Sorcerer,Secura,324,"6,924",Loyalty Points,0
447,Bbosscheck,Savant of Tibia,Sorcerer,Dia,41,"6,923",Loyalty Points,0
448,Launarumi Stegath,Savant of Tibia,Elite Knight,Menera,100,"6,919",Loyalty Points,0
448,Nyste,Savant of Tibia,Royal Paladin,Gentebra,630,"6,919",Loyalty Points,0
450,Madromesus Dadless,Savant of Tibia,Master Sorcerer,Xyla,163,"6,918",Loyalty Points,0
451,Articcorz,Savant of Tibia,Master Sorcerer,Pacera,201,"6,917",Loyalty Points,0
451,Dark-Lich,Savant of Tibia,Master Sorcerer,Calmera,1415,"6,917",Loyalty Points,0
451,Meyerz,Savant of Tibia,Master Sorcerer,Lobera,1069,"6,917",Loyalty Points,0
454,Diamond Draco,Savant of Tibia,Elite Knight,Menera,360,"6,912",Loyalty Points,0
455,Archer Aztec,Savant of Tibia,Royal Paladin,Havera,290,"6,911",Loyalty Points,0
455,Darkeduar,Savant of Tibia,Elite Knight,Pacera,1290,"6,911",Loyalty Points,0
457,Misterpfloyd,Savant of Tibia,Elite Knight,Astera,519,"6,909",Loyalty Points,0
457,Trugg,Savant of Tibia,Elite Knight,Quelibra,663,"6,909",Loyalty Points,0
459,Insayn ownage,Savant of Tibia,Elite Knight,Lobera,370,"6,907",Loyalty Points,0
460,Snovit,Savant of Tibia,Elite Knight,Bona,242,"6,906",Loyalty Points,0
461,Vaul Zita,Savant of Tibia,Elite Knight,Peloria,659,"6,905",Loyalty Points,0
462,Phearsome,Savant of Tibia,Knight,Havera,744,"6,903",Loyalty Points,0
463,Rift Duken,Savant of Tibia,Master Sorcerer,Gentebra,2283,"6,902",Loyalty Points,0
464,Quin ora,Savant of Tibia,Elder Druid,Celesta,146,"6,898",Loyalty Points,0
464,Sir Gulith,Savant of Tibia,Elite Knight,Malivora,732,"6,898",Loyalty Points,0
466,Mysteriano,Savant of Tibia,Druid,Victoris,12,"6,897",Loyalty Points,0
467,Velawyn Fyos,Savant of Tibia,Paladin,Refugia,14,"6,896",Loyalty Points,0
468,Duzy Brzuszek,Savant of Tibia,Master Sorcerer,Nevia,2036,"6,894",Loyalty Points,0
469,Ania Bobek,Savant of Tibia,Master Sorcerer,Refugia,313,"6,891",Loyalty Points,0
470,Strong Dimox,Savant of Tibia,Elder Druid,Secura,853,"6,890",Loyalty Points,0
471,Les the Shadow,Savant of Tibia,Elite Knight,Refugia,487,"6,889",Loyalty Points,0
471,Pocas,Savant of Tibia,Royal Paladin,Luminera,383,"6,889",Loyalty Points,0
471,Saphyra Bonita,Savant of Tibia,Elder Druid,Pacera,485,"6,889",Loyalty Points,0
474,Miduna Venor,Savant of Tibia,Elder Druid,Menera,461,"6,887",Loyalty Points,0
475,Cosmic Flame,Savant of Tibia,Master Sorcerer,Secura,122,"6,885",Loyalty Points,0
476,Emerka,Savant of Tibia,Knight,Harmonia,618,"6,884",Loyalty Points,0
476,Kadorxis Xaleas,Savant of Tibia,Royal Paladin,Secura,258,"6,884",Loyalty Points,0
476,Sihid Drakell,Savant of Tibia,Elite Knight,Kalibra,1654,"6,884",Loyalty Points,0
479,Back Cobra,Savant of Tibia,None,Talera,20,"6,883",Loyalty Points,0
480,Sophie Emmy,Savant of Tibia,Elite Knight,Calmera,542,"6,881",Loyalty Points,0
481,Chris Dictador,Savant of Tibia,Royal Paladin,Ombra,2266,"6,877",Loyalty Points,0
481,Evilyn,Savant of Tibia,Master Sorcerer,Thyria,98,"6,877",Loyalty Points,0
481,Rana Tiberon,Savant of Tibia,Elder Druid,Kalibra,1104,"6,877",Loyalty Points,0
481,Taurionn,Savant of Tibia,Elder Druid,Harmonia,285,"6,877",Loyalty Points,0
485,Shyr Daji Points,Savant of Tibia,Druid,Inabra,7,"6,876",Loyalty Points,0
486,Xannta,Savant of Tibia,Elder Druid,Harmonia,662,"6,873",Loyalty Points,0
487,Thaygha,Savant of Tibia,Elder Druid,Refugia,95,"6,872",Loyalty Points,0
488,Girromo,Savant of Tibia,Elite Knight,Antica,51,"6,871",Loyalty Points,0
489,Pew Pew Vaneraz,Savant of Tibia,Druid,Peloria,51,"6,870",Loyalty Points,0
490,Lumaj,Savant of Tibia,Royal Paladin,Peloria,984,"6,863",Loyalty Points,0
491,Riut,Savant of Tibia,Elder Druid,Celesta,1275,"6,862",Loyalty Points,0
492,Femuz Darksoul,Savant of Tibia,Elite Knight,Astera,478,"6,861",Loyalty Points,0
493,Aeld Gulayaron,Savant of Tibia,Elder Druid,Secura,62,"6,860",Loyalty Points,0
494,Deackoy,Savant of Tibia,Master Sorcerer,Zunera,33,"6,859",Loyalty Points,0
495,Marcelosilveira,Savant of Tibia,Elite Knight,Calmera,146,"6,857",Loyalty Points,0
495,Szklok,Savant of Tibia,Elite Knight,Luminera,150,"6,857",Loyalty Points,0
497,Fretyn,Savant of Tibia,Elite Knight,Antica,415,"6,855",Loyalty Points,0
497,Soujiro,Savant of Tibia,Elite Knight,Calmera,658,"6,855",Loyalty Points,0
499,Dumdum,Savant of Tibia,Elite Knight,Vunira,355,"6,854",Loyalty Points,0
499,General von Snalhousen,Savant of Tibia,Elder Druid,Premia,130,"6,854",Loyalty Points,0
501,Ludian,Savant of Tibia,Master Sorcerer,Lobera,51,"6,852",Loyalty Points,0
501,Moran Juvan,Savant of Tibia,Elite Knight,Issobra,76,"6,852",Loyalty Points,0
501,Venusia,Savant of Tibia,Elite Knight,Secura,495,"6,852",Loyalty Points,0
504,Magic Kiz,Savant of Tibia,Elite Knight,Nefera,415,"6,851",Loyalty Points,0
505,Anggiet,Savant of Tibia,Paladin,Lobera,13,"6,849",Loyalty Points,0
505,Draga Spellcaster,Savant of Tibia,Elder Druid,Nefera,879,"6,849",Loyalty Points,0
505,Pah Lito,Savant of Tibia,Royal Paladin,Honbra,177,"6,849",Loyalty Points,0
505,Soul Rose,Savant of Tibia,Royal Paladin,Lobera,738,"6,849",Loyalty Points,0
505,Topinga Quim,Savant of Tibia,Royal Paladin,Nefera,559,"6,849",Loyalty Points,0
510,Oscar Kopytko,Savant of Tibia,Royal Paladin,Refugia,538,"6,846",Loyalty Points,0
511,Nathan Orion,Savant of Tibia,Elite Knight,Havera,303,"6,845",Loyalty Points,0
512,Arbo Donaga,Savant of Tibia,Elder Druid,Celesta,873,"6,844",Loyalty Points,0
512,Disciple of Vampyre,Savant of Tibia,None,Lobera,1,"6,844",Loyalty Points,0
514,Xande Tuning,Savant of Tibia,Elite Knight,Astera,1111,"6,843",Loyalty Points,0
515,Hephraime,Savant of Tibia,Master Sorcerer,Secura,547,"6,842",Loyalty Points,0
516,Eckows,Savant of Tibia,Royal Paladin,Yonabra,1792,"6,841",Loyalty Points,0
516,Lord Falbala,Savant of Tibia,Elder Druid,Astera,544,"6,841",Loyalty Points,0
516,Maverix Armada,Savant of Tibia,Royal Paladin,Antica,251,"6,841",Loyalty Points,0
519,Fany Shan,Savant of Tibia,None,Havera,7,"6,838",Loyalty Points,0
519,Rich Magiczny,Savant of Tibia,Knight,Refugia,8,"6,838",Loyalty Points,0
521,Elder Wizzy,Savant of Tibia,Elder Druid,Pacera,844,"6,837",Loyalty Points,0
522,Izamac Camazi,Savant of Tibia,Elite Knight,Pacera,177,"6,836",Loyalty Points,0
523,Sir Brancaleone,Savant of Tibia,Sorcerer,Peloria,520,"6,833",Loyalty Points,0
524,Broglio,Savant of Tibia,Elite Knight,Solidera,493,"6,832",Loyalty Points,0
524,Notubu,Savant of Tibia,Sorcerer,Antica,632,"6,832",Loyalty Points,0
526,Gabrill,Savant of Tibia,Master Sorcerer,Pacera,155,"6,830",Loyalty Points,0
526,Shadow mirage,Savant of Tibia,Elite Knight,Calmera,803,"6,830",Loyalty Points,0
528,Low Burnzs,Savant of Tibia,Master Sorcerer,Issobra,1627,"6,827",Loyalty Points,0
528,Ston Saigo,Savant of Tibia,Sorcerer,Refugia,14,"6,827",Loyalty Points,0
530,Bris Exis,Savant of Tibia,Paladin,Retalia,7,"6,825",Loyalty Points,0
530,Thor beoni filho,Savant of Tibia,Elite Knight,Belobra,552,"6,825",Loyalty Points,0
532,Dakkon-Blackblade,Savant of Tibia,Elder Druid,Solidera,255,"6,824",Loyalty Points,0
533,Spartigus,Savant of Tibia,Elite Knight,Nefera,319,"6,822",Loyalty Points,0
534,Misty Golden Hair,Savant of Tibia,Sorcerer,Yovera,28,"6,820",Loyalty Points,0
535,Vaderet,Savant of Tibia,Druid,Oceanis,8,"6,819",Loyalty Points,0
536,Eldo Coda,Savant of Tibia,Sorcerer,Ambra,19,"6,818",Loyalty Points,0
536,Kate Storm,Savant of Tibia,None,Thyria,29,"6,818",Loyalty Points,0
538,Leen Leonhart,Savant of Tibia,Master Sorcerer,Celebra,477,"6,817",Loyalty Points,0
539,Alex sorce,Savant of Tibia,Master Sorcerer,Premia,608,"6,814",Loyalty Points,0
539,Keni Sorin,Savant of Tibia,Elder Druid,Menera,125,"6,814",Loyalty Points,0
541,Hendogg,Savant of Tibia,Elder Druid,Divina,47,"6,813",Loyalty Points,0
541,Resoorrector,Savant of Tibia,Elder Druid,Thyria,287,"6,813",Loyalty Points,0
543,Mit Iron,Savant of Tibia,Elite Knight,Gentebra,2198,"6,812",Loyalty Points,0
544,Regina costa,Savant of Tibia,Knight,Nefera,504,"6,810",Loyalty Points,0
545,Dinitric,Savant of Tibia,Master Sorcerer,Lobera,203,"6,809",Loyalty Points,0
546,Shadoweyes,Savant of Tibia,Elite Knight,Premia,308,"6,808",Loyalty Points,0
547,Bruneli Wayne,Savant of Tibia,Elite Knight,Serdebra,2326,"6,803",Loyalty Points,0
548,Beatrix Kiddo,Savant of Tibia,Elder Druid,Serdebra,870,"6,802",Loyalty Points,0
549,Luiakyn,Savant of Tibia,Royal Paladin,Astera,229,"6,800",Loyalty Points,0
550,Asen Yokar,Savant of Tibia,Elite Knight,Gladera,424,"6,799",Loyalty Points,0
551,Raven Fedla,Savant of Tibia,Elder Druid,Luminera,592,"6,798",Loyalty Points,0
552,Darkiness,Savant of Tibia,Royal Paladin,Belobra,718,"6,797",Loyalty Points,0
552,Margurz,Savant of Tibia,Druid,Ignitera,8,"6,797",Loyalty Points,0
554,Pris pituska,Savant of Tibia,Royal Paladin,Kalibra,759,"6,796",Loyalty Points,0
555,Fynno,Savant of Tibia,Elite Knight,Bona,434,"6,793",Loyalty Points,0
555,Gui-Stigmat,Savant of Tibia,Elite Knight,Gentebra,754,"6,793",Loyalty Points,0
555,Moises the Dark,Savant of Tibia,Elder Druid,Havera,928,"6,793",Loyalty Points,0
558,Nienna Telperien,Savant of Tibia,Royal Paladin,Antica,444,"6,791",Loyalty Points,0
559,Bernadka Mage,Savant of Tibia,Elder Druid,Thyria,432,"6,790",Loyalty Points,0
559,Darkside the ghost,Savant of Tibia,Elite Knight,Bona,1516,"6,790",Loyalty Points,0
559,Hupman,Savant of Tibia,Elite Knight,Vunira,174,"6,790",Loyalty Points,0
559,Nathasha rumanenco,Savant of Tibia,Elite Knight,Solidera,373,"6,790",Loyalty Points,0
563,Forleta,Savant of Tibia,Master Sorcerer,Belobra,1313,"6,787",Loyalty Points,0
564,Kewhyx Mythus,Savant of Tibia,Royal Paladin,Celebra,2039,"6,785",Loyalty Points,0
565,Lilli Karabina,Savant of Tibia,Knight,Thyria,8,"6,784",Loyalty Points,0
566,Aiken Rush,Savant of Tibia,Royal Paladin,Lobera,1596,"6,783",Loyalty Points,0
566,Memento Mori Marius,Savant of Tibia,Master Sorcerer,Esmera,775,"6,783",Loyalty Points,0
568,Kovacsz,Savant of Tibia,Master Sorcerer,Belobra,1965,"6,780",Loyalty Points,0
568,Laraaa,Savant of Tibia,Elite Knight,Lobera,1216,"6,780",Loyalty Points,0
568,Nashferatu,Savant of Tibia,Elite Knight,Talera,791,"6,780",Loyalty Points,0
568,Nerola,Savant of Tibia,Royal Paladin,Peloria,537,"6,780",Loyalty Points,0
568,Zeus of Celesta,Savant of Tibia,Elite Knight,Celesta,887,"6,780",Loyalty Points,0
573,Ashmodara,Savant of Tibia,Royal Paladin,Celebra,1605,"6,776",Loyalty Points,0
573,Jana Zazit,Savant of Tibia,Elite Knight,Harmonia,363,"6,776",Loyalty Points,0
575,Lord Mutsley,Savant of Tibia,Elite Knight,Serdebra,1011,"6,775",Loyalty Points,0
576,Super Raunchy,Savant of Tibia,Exalted Monk,Ourobra,130,"6,773",Loyalty Points,0
577,Arysa Amiz,Savant of Tibia,Elder Druid,Harmonia,1089,"6,771",Loyalty Points,0
578,Nalsi Tawyn,Savant of Tibia,Elite Knight,Harmonia,1149,"6,768",Loyalty Points,0
579,Benji maxs,Savant of Tibia,Elite Knight,Solidera,892,"6,767",Loyalty Points,0
579,Truitol,Savant of Tibia,Knight,Serdebra,8,"6,767",Loyalty Points,0
581,Synkron,Savant of Tibia,Royal Paladin,Wintera,922,"6,762",Loyalty Points,0
582,Bru Ferobrinha,Savant of Tibia,Druid,Ferobra,50,"6,761",Loyalty Points,0
582,Drax Kong,Savant of Tibia,Elite Knight,Pacera,1257,"6,761",Loyalty Points,0
584,Hirul Dralon,Savant of Tibia,Knight,Gentebra,6,"6,760",Loyalty Points,0
585,Dara Jakune,Savant of Tibia,Elite Knight,Celebra,358,"6,759",Loyalty Points,0
586,Gustl,Savant of Tibia,Elite Knight,Monza,106,"6,758",Loyalty Points,0
587,Curandeiro Loyal,Savant of Tibia,Elder Druid,Celebra,981,"6,757",Loyalty Points,0
588,Leifmaa,Savant of Tibia,Master Sorcerer,Peloria,860,"6,752",Loyalty Points,0
589,Jesmart Emperator,Savant of Tibia,Elite Knight,Quidera,258,"6,750",Loyalty Points,0
590,Apolux,Savant of Tibia,Elite Knight,Menera,264,"6,749",Loyalty Points,0
591,Leo Vent,Savant of Tibia,Master Sorcerer,Celebra,1511,"6,745",Loyalty Points,0
592,Thorngrim,Savant of Tibia,Elite Knight,Secura,482,"6,744",Loyalty Points,0
593,Digao Implacavel,Savant of Tibia,Elite Knight,Kalibra,2344,"6,743",Loyalty Points,0
594,Dark Executioner,Savant of Tibia,Elite Knight,Firmera,590,"6,741",Loyalty Points,0
595,Airos de Sagitario,Savant of Tibia,Royal Paladin,Menera,517,"6,737",Loyalty Points,0
595,Morangoddess,Savant of Tibia,Elder Druid,Inabra,701,"6,737",Loyalty Points,0
597,Ladnar,Savant of Tibia,Elite Knight,Menera,280,"6,736",Loyalty Points,0
598,Archangel Zangado,Savant of Tibia,Elite Knight,Gentebra,620,"6,733",Loyalty Points,0
599,Jintani,Savant of Tibia,Royal Paladin,Luminera,1583,"6,731",Loyalty Points,0
599,Xajaki,Savant of Tibia,Elite Knight,Peloria,230,"6,731",Loyalty Points,0
601,Silent Skywaker,Savant of Tibia,Elite Knight,Vunira,915,"6,730",Loyalty Points,0
602,Arechion,Savant of Tibia,Elite Knight,Calmera,353,"6,729",Loyalty Points,0
602,Worns,Savant of Tibia,Royal Paladin,Refugia,691,"6,729",Loyalty Points,0
604,Shion Haki,Savant of Tibia,Elder Druid,Lobera,100,"6,728",Loyalty Points,0
605,Duxganx,Savant of Tibia,Master Sorcerer,Antica,809,"6,727",Loyalty Points,0
606,Eurus Valek,Savant of Tibia,Elder Druid,Monza,580,"6,722",Loyalty Points,0
606,Kdsshap,Savant of Tibia,Elite Knight,Yonabra,1699,"6,722",Loyalty Points,0
608,Furious Honey,Savant of Tibia,Exalted Monk,Inabra,133,"6,719",Loyalty Points,0
608,Imruss,Savant of Tibia,Royal Paladin,Dia,931,"6,719",Loyalty Points,0
610,Naxunadoth Beoneyaxin,Savant of Tibia,Elder Druid,Havera,121,"6,718",Loyalty Points,0
611,Aruana Healer,Savant of Tibia,Elder Druid,Jadebra,166,"6,717",Loyalty Points,0
612,Veyllor,Savant of Tibia,Royal Paladin,Gentebra,2845,"6,716",Loyalty Points,0
613,Onuva,Savant of Tibia,Elite Knight,Secura,308,"6,712",Loyalty Points,0
614,Kodilu zorus,Savant of Tibia,Royal Paladin,Gladera,457,"6,706",Loyalty Points,0
615,Thor Odyn,Savant of Tibia,Elite Knight,Belobra,815,"6,705",Loyalty Points,0
616,Jorbertziz The Archer,Savant of Tibia,Paladin,Luminera,737,"6,704",Loyalty Points,0
616,Lorri,Savant of Tibia,Elder Druid,Harmonia,146,"6,704",Loyalty Points,0
618,Kanon Chas,Savant of Tibia,Elite Knight,Celesta,97,"6,701",Loyalty Points,0
619,Coly,Savant of Tibia,Elder Druid,Lobera,595,"6,696",Loyalty Points,0
619,Typha,Savant of Tibia,Elite Knight,Astera,652,"6,696",Loyalty Points,0
621,Rogyber,Savant of Tibia,Elite Knight,Secura,781,"6,695",Loyalty Points,0
622,Beheader,Savant of Tibia,Elite Knight,Luminera,544,"6,694",Loyalty Points,0
622,Raya Monk,Savant of Tibia,Exalted Monk,Lobera,106,"6,694",Loyalty Points,0
624,Sky Dante,Savant of Tibia,Elite Knight,Gentebra,105,"6,693",Loyalty Points,0
625,Dark'Tininha,Savant of Tibia,Master Sorcerer,Quelibra,900,"6,692",Loyalty Points,0
626,Meatuanib Andhir,Savant of Tibia,Paladin,Kalibra,3,"6,691",Loyalty Points,0
627,Trus Brie,Savant of Tibia,Paladin,Flamera,30,"6,689",Loyalty Points,0
628,Jhon Smih,Savant of Tibia,Royal Paladin,Gladera,33,"6,687",Loyalty Points,0
629,Datojr,Savant of Tibia,Elite Knight,Luminera,131,"6,686",Loyalty Points,0
630,Mad Dais,Savant of Tibia,Royal Paladin,Xyla,777,"6,685",Loyalty Points,0
631,Evil Forceman,Savant of Tibia,Master Sorcerer,Antica,468,"6,684",Loyalty Points,0
631,Juan Rood,Savant of Tibia,Elite Knight,Refugia,736,"6,684",Loyalty Points,0
633,Awesome Adi,Savant of Tibia,Elite Knight,Vunira,587,"6,683",Loyalty Points,0
633,Vivielle,Savant of Tibia,Royal Paladin,Thyria,667,"6,683",Loyalty Points,0
635,Azrev,Savant of Tibia,Elite Knight,Refugia,80,"6,682",Loyalty Points,0
635,Sweet Like Honey,Savant of Tibia,Paladin,Venebra,49,"6,682",Loyalty Points,0
637,Lord'Chancellor,Savant of Tibia,Master Sorcerer,Calmera,391,"6,681",Loyalty Points,0
637,Squallmonguer,Savant of Tibia,Elite Knight,Calmera,488,"6,681",Loyalty Points,0
639,Solarity,Savant of Tibia,Master Sorcerer,Refugia,814,"6,678",Loyalty Points,0
640,Lord Marshals,Savant of Tibia,Royal Paladin,Peloria,1612,"6,674",Loyalty Points,0
641,Mollee Mae,Savant of Tibia,Master Sorcerer,Quidera,798,"6,672",Loyalty Points,0
642,Jimm bomba,Savant of Tibia,Royal Paladin,Peloria,335,"6,670",Loyalty Points,0
643,Saraswat,Savant of Tibia,Sorcerer,Inabra,540,"6,669",Loyalty Points,0
644,Arch Heavyarm,Savant of Tibia,Royal Paladin,Antica,326,"6,667",Loyalty Points,0
645,Sir Dzidek,Savant of Tibia,Royal Paladin,Calmera,635,"6,664",Loyalty Points,0
646,Retepus,Savant of Tibia,Royal Paladin,Thyria,428,"6,663",Loyalty Points,0
647,Girl Selly,Savant of Tibia,Elder Druid,Belobra,2112,"6,662",Loyalty Points,0
647,Luy Vicky,Savant of Tibia,Master Sorcerer,Nefera,592,"6,662",Loyalty Points,0
649,Elite-Krys,Savant of Tibia,Elite Knight,Celesta,726,"6,660",Loyalty Points,0
649,Lindy Knight,Savant of Tibia,Elite Knight,Quintera,807,"6,660",Loyalty Points,0
649,Lord Married,Savant of Tibia,Master Sorcerer,Calmera,229,"6,660",Loyalty Points,0
649,Skratos,Savant of Tibia,Elite Knight,Talera,583,"6,660",Loyalty Points,0
653,Almighty Nova,Savant of Tibia,Royal Paladin,Wintera,2172,"6,659",Loyalty Points,0
654,Reeal Toxic,Savant of Tibia,Royal Paladin,Gladera,1553,"6,658",Loyalty Points,0
655,Dee Winged,Savant of Tibia,Master Sorcerer,Calmera,51,"6,657",Loyalty Points,0
656,Andrea,Savant of Tibia,Elder Druid,Celesta,617,"6,656",Loyalty Points,0
656,Braqoida,Savant of Tibia,Master Sorcerer,Secura,741,"6,656",Loyalty Points,0
658,Santirulo,Savant of Tibia,Paladin,Antica,21,"6,655",Loyalty Points,0
659,Hikari Fei,Savant of Tibia,Elite Knight,Nevia,100,"6,652",Loyalty Points,0
660,Visorku,Savant of Tibia,Elite Knight,Lobera,331,"6,647",Loyalty Points,0
661,Ablivion,Savant of Tibia,Master Sorcerer,Vunira,327,"6,646",Loyalty Points,0
661,Bodil Olsson,Savant of Tibia,Elder Druid,Antica,63,"6,646",Loyalty Points,0
661,Mandatory Namehcange,Savant of Tibia,Master Sorcerer,Gravitera,1183,"6,646",Loyalty Points,0
661,Nautiko,Savant of Tibia,Elite Knight,Menera,707,"6,646",Loyalty Points,0
665,Magiczny Thor,Savant of Tibia,Elite Knight,Luminera,833,"6,643",Loyalty Points,0
665,Masat,Savant of Tibia,Elder Druid,Secura,489,"6,643",Loyalty Points,0
665,Taja Frola,Savant of Tibia,Paladin,Epoca,8,"6,643",Loyalty Points,0
668,Lord Kendo,Savant of Tibia,Royal Paladin,Antica,1098,"6,642",Loyalty Points,0
669,Kirot Xan,Savant of Tibia,Royal Paladin,Refugia,330,"6,641",Loyalty Points,0
670,Iceez,Savant of Tibia,Elder Druid,Issobra,1434,"6,640",Loyalty Points,0
670,Krueger,Savant of Tibia,Elite Knight,Kalibra,1446,"6,640",Loyalty Points,0
672,Faerwynn,Savant of Tibia,Master Sorcerer,Antica,102,"6,639",Loyalty Points,0
673,Kanguroo,Savant of Tibia,Elder Druid,Lobera,205,"6,638",Loyalty Points,0
674,Venus,Savant of Tibia,Royal Paladin,Vunira,1133,"6,636",Loyalty Points,0
675,Devious hermit,Savant of Tibia,Royal Paladin,Refugia,322,"6,635",Loyalty Points,0
675,Zekanabraba,Savant of Tibia,Elite Knight,Solidera,302,"6,635",Loyalty Points,0
677,Lord Nyo,Savant of Tibia,Elite Knight,Belobra,855,"6,634",Loyalty Points,0
678,Rafah Nedal,Savant of Tibia,Paladin,Bona,26,"6,631",Loyalty Points,0
679,Goldaor Anzin,Savant of Tibia,Master Sorcerer,Luminera,403,"6,627",Loyalty Points,0
680,Kenko Yuuki,Savant of Tibia,Elder Druid,Jadebra,641,"6,626",Loyalty Points,0
681,Leo Nid'as,Savant of Tibia,Royal Paladin,Gentebra,973,"6,625",Loyalty Points,0
681,Terereko,Savant of Tibia,Elite Knight,Gentebra,382,"6,625",Loyalty Points,0
683,Killuaek,Savant of Tibia,Elite Knight,Belobra,1670,"6,624",Loyalty Points,0
683,Walofi,Savant of Tibia,Elite Knight,Calmera,420,"6,624",Loyalty Points,0
685,Melu Sine,Savant of Tibia,Elite Knight,Astera,257,"6,623",Loyalty Points,0
685,Precious Enemy,Savant of Tibia,Master Sorcerer,Astera,271,"6,623",Loyalty Points,0
687,Danny Devito,Savant of Tibia,Royal Paladin,Zephyra,55,"6,620",Loyalty Points,0
688,Ross Uizard,Savant of Tibia,Master Sorcerer,Nevia,29,"6,618",Loyalty Points,0
689,Kiwi Menz,Savant of Tibia,Elite Knight,Oceanis,752,"6,617",Loyalty Points,0
690,Utobra Druiidao,Savant of Tibia,Elder Druid,Ourobra,1097,"6,615",Loyalty Points,0
691,Halej,Savant of Tibia,Elite Knight,Antica,586,"6,614",Loyalty Points,0
692,Marianiita Alone,Savant of Tibia,Royal Paladin,Quidera,94,"6,612",Loyalty Points,0
693,Hubi Nhows,Savant of Tibia,Master Sorcerer,Quelibra,1002,"6,610",Loyalty Points,0
693,Silents-Druid,Savant of Tibia,Elder Druid,Calmera,318,"6,610",Loyalty Points,0
693,Soldado Dante,Savant of Tibia,Royal Paladin,Gentebra,1358,"6,610",Loyalty Points,0
696,Xennon,Savant of Tibia,Royal Paladin,Antica,333,"6,609",Loyalty Points,0
697,Linnaya,Savant of Tibia,Elite Knight,Refugia,397,"6,608",Loyalty Points,0
697,Zoran Sidu,Savant of Tibia,Elite Knight,Pacera,512,"6,608",Loyalty Points,0
699,Darker Morgot,Savant of Tibia,Elite Knight,Secura,856,"6,607",Loyalty Points,0
699,Gian Shan,Savant of Tibia,Elite Knight,Astera,531,"6,607",Loyalty Points,0
699,Rutig shortskille,Savant of Tibia,Master Sorcerer,Wintera,709,"6,607",Loyalty Points,0
699,Van Teles,Savant of Tibia,Elite Knight,Luminera,573,"6,607",Loyalty Points,0
703,Elamenjoun Sireki,Savant of Tibia,None,Secura,2,"6,604",Loyalty Points,0
703,Wierna,Savant of Tibia,Royal Paladin,Celesta,409,"6,604",Loyalty Points,0
705,Aliane,Savant of Tibia,Master Sorcerer,Yovera,647,"6,603",Loyalty Points,0
705,Alushi,Savant of Tibia,Elder Druid,Gladera,491,"6,603",Loyalty Points,0
705,Aria Ulth,Savant of Tibia,Elite Knight,Menera,1091,"6,603",Loyalty Points,0
705,Lorin Ybegarus,Savant of Tibia,None,Solidera,2,"6,603",Loyalty Points,0
709,Ruby Stone,Savant of Tibia,Elder Druid,Antica,681,"6,601",Loyalty Points,0
710,Bahzur,Savant of Tibia,Paladin,Yovera,464,"6,599",Loyalty Points,0
710,Magnifik Emperatordany,Savant of Tibia,Master Sorcerer,Inabra,1734,"6,599",Loyalty Points,0
712,Ayanna,Savant of Tibia,Royal Paladin,Menera,802,"6,597",Loyalty Points,0
713,Tzuthx,Savant of Tibia,Elite Knight,Quintera,1474,"6,595",Loyalty Points,0
714,Bombur Thumper,Savant of Tibia,Elite Knight,Menera,203,"6,593",Loyalty Points,0
715,Isaboe,Savant of Tibia,Master Sorcerer,Kalibra,111,"6,592",Loyalty Points,0
716,Aimend,Savant of Tibia,Elite Knight,Secura,475,"6,590",Loyalty Points,0
717,Miizinha,Savant of Tibia,Elite Knight,Belobra,951,"6,588",Loyalty Points,0
718,Miss-sixty,Savant of Tibia,Royal Paladin,Refugia,401,"6,587",Loyalty Points,0
718,Spock druiid,Savant of Tibia,Elder Druid,Peloria,508,"6,587",Loyalty Points,0
720,Maximus Punch,Savant of Tibia,Exalted Monk,Astera,684,"6,586",Loyalty Points,0
720,Tharsonius,Savant of Tibia,Elite Knight,Secura,415,"6,586",Loyalty Points,0
722,Magico Mago,Savant of Tibia,Master Sorcerer,Nefera,1380,"6,585",Loyalty Points,0
723,Cellus,Savant of Tibia,Elite Knight,Menera,977,"6,584",Loyalty Points,0
723,Shiiva Nox,Savant of Tibia,Master Sorcerer,Gentebra,1209,"6,584",Loyalty Points,0
725,Mattuc,Savant of Tibia,Royal Paladin,Antica,585,"6,582",Loyalty Points,0
725,The Presja,Savant of Tibia,Elder Druid,Bona,1398,"6,582",Loyalty Points,0
727,Josh sorcer,Savant of Tibia,Master Sorcerer,Antica,324,"6,581",Loyalty Points,0
728,Ale the Kinaa,Savant of Tibia,Elite Knight,Yonabra,2240,"6,580",Loyalty Points,0
728,Evil Jangar,Savant of Tibia,Royal Paladin,Refugia,661,"6,580",Loyalty Points,0
730,Lucia Nidderiea,Savant of Tibia,Elder Druid,Thyria,1187,"6,579",Loyalty Points,0
730,Rubired,Savant of Tibia,Elite Knight,Nefera,710,"6,579",Loyalty Points,0
732,Loga Esse primeiro,Savant of Tibia,None,Ourobra,2,"6,578",Loyalty Points,0
732,Stelli,Savant of Tibia,Elder Druid,Nefera,199,"6,578",Loyalty Points,0
734,Dru'idka,Savant of Tibia,Elder Druid,Menera,174,"6,577",Loyalty Points,0
735,Gojje,Savant of Tibia,Elite Knight,Gladera,847,"6,576",Loyalty Points,0
735,Gooli,Savant of Tibia,Master Sorcerer,Calmera,656,"6,576",Loyalty Points,0
737,Texaxo,Savant of Tibia,Elite Knight,Vunira,268,"6,574",Loyalty Points,0
738,Atebox,Savant of Tibia,Elite Knight,Esmera,745,"6,573",Loyalty Points,0
739,Lechoss,Savant of Tibia,Master Sorcerer,Refugia,577,"6,572",Loyalty Points,0
740,Kato Phoenix,Savant of Tibia,Master Sorcerer,Nefera,41,"6,570",Loyalty Points,0
740,Laudiene,Savant of Tibia,Master Sorcerer,Talera,726,"6,570",Loyalty Points,0
742,Lady Swiatla,Savant of Tibia,Royal Paladin,Harmonia,358,"6,569",Loyalty Points,0
743,Wulfter,Savant of Tibia,Knight,Vunira,8,"6,568",Loyalty Points,0
744,Lishaa,Savant of Tibia,Elder Druid,Antica,415,"6,565",Loyalty Points,0
745,Anjjo mal,Savant of Tibia,Elite Knight,Gentebra,807,"6,564",Loyalty Points,0
746,Tedri,Savant of Tibia,Elder Druid,Wintera,1208,"6,563",Loyalty Points,0
747,Ailvan Rohar,Savant of Tibia,Knight,Harmonia,8,"6,558",Loyalty Points,0
747,Protoplanet,Savant of Tibia,Master Sorcerer,Talera,1098,"6,558",Loyalty Points,0
747,Vassanti,Savant of Tibia,Royal Paladin,Premia,1065,"6,558",Loyalty Points,0
750,Espeto Knight,Savant of Tibia,Elite Knight,Celebra,1133,"6,557",Loyalty Points,0
751,Lua de cristtal,Savant of Tibia,Elite Knight,Gentebra,496,"6,556",Loyalty Points,0
751,Waldran Guitarra,Savant of Tibia,Master Sorcerer,Celebra,313,"6,556",Loyalty Points,0
753,Angel Pro Damage,Savant of Tibia,Elder Druid,Yonabra,2000,"6,555",Loyalty Points,0
753,Anticaa Oo,Savant of Tibia,Knight,Antica,8,"6,555",Loyalty Points,0
755,Antha Azrithell,Savant of Tibia,None,Calmera,2,"6,554",Loyalty Points,0
755,Zerlust,Savant of Tibia,Paladin,Zuna,27,"6,554",Loyalty Points,0
757,Wojtas Ede,Savant of Tibia,Elder Druid,Secura,1507,"6,553",Loyalty Points,0
758,Sir Loustel,Savant of Tibia,Elder Druid,Lobera,70,"6,552",Loyalty Points,0
759,Annar Elindor,Savant of Tibia,Elder Druid,Secura,195,"6,551",Loyalty Points,0
760,Arixy,Savant of Tibia,Master Sorcerer,Gladera,789,"6,550",Loyalty Points,0
760,Mercator Xyla,Savant of Tibia,Paladin,Xyla,8,"6,550",Loyalty Points,0
760,Weeix,Savant of Tibia,Master Sorcerer,Vunira,989,"6,550",Loyalty Points,0
763,Daonza,Savant of Tibia,Druid,Menera,227,"6,549",Loyalty Points,0
763,Dash Bizek,Savant of Tibia,Elder Druid,Bona,824,"6,549",Loyalty Points,0
763,Franvil,Savant of Tibia,Knight,Nefera,839,"6,549",Loyalty Points,0
766,Dunmon Stark,Savant of Tibia,Elite Knight,Wintera,1101,"6,548",Loyalty Points,0
766,Madroox,Savant of Tibia,Elite Knight,Oceanis,805,"6,548",Loyalty Points,0
768,Ki Naitao Olim,Savant of Tibia,Elite Knight,Belobra,2459,"6,545",Loyalty Points,0
769,Tatrius,Savant of Tibia,Master Sorcerer,Thyria,59,"6,541",Loyalty Points,0
770,Cahuamonk,Savant of Tibia,Exalted Monk,Talera,48,"6,540",Loyalty Points,0
770,Fiona von Celes,Savant of Tibia,Royal Paladin,Pacera,147,"6,540",Loyalty Points,0
772,Bettzz Hell,Savant of Tibia,Elder Druid,Astera,467,"6,539",Loyalty Points,0
772,Godryn,Savant of Tibia,Knight,Descubra,1206,"6,539",Loyalty Points,0
772,Tolo,Savant of Tibia,Royal Paladin,Antica,672,"6,539",Loyalty Points,0
775,Sabinz,Savant of Tibia,Monk,Collabra,10,"6,538",Loyalty Points,0
776,Dark Lord Emperor,Savant of Tibia,Elite Knight,Vunira,106,"6,537",Loyalty Points,0
776,Najo Lesiln,Savant of Tibia,None,Bona,36,"6,537",Loyalty Points,0
776,Pawell Soul,Savant of Tibia,Elite Knight,Inabra,1056,"6,537",Loyalty Points,0
776,Savry,Savant of Tibia,Elite Knight,Menera,522,"6,537",Loyalty Points,0
780,Bar Budo,Savant of Tibia,Elite Knight,Ustebra,1251,"6,536",Loyalty Points,0
781,Wet Weasel,Savant of Tibia,Sorcerer,Calmera,634,"6,535",Loyalty Points,0
782,Dragom Ball,Savant of Tibia,Master Sorcerer,Talera,1764,"6,534",Loyalty Points,0
783,Jee Bunny Shop,Savant of Tibia,Royal Paladin,Thyria,1543,"6,531",Loyalty Points,0
784,Zynebre,Savant of Tibia,Elite Knight,Celebra,1377,"6,528",Loyalty Points,0
785,Daiymo Yoritomo,Savant of Tibia,Elite Knight,Lobera,431,"6,527",Loyalty Points,0
786,Shainy Reborn,Savant of Tibia,Elder Druid,Ourobra,72,"6,524",Loyalty Points,0
786,Siri Derdie,Savant of Tibia,Master Sorcerer,Antica,1084,"6,524",Loyalty Points,0
786,Vith Lercel,Savant of Tibia,Elder Druid,Astera,812,"6,524",Loyalty Points,0
789,Garik Lionhart,Savant of Tibia,Master Sorcerer,Menera,341,"6,523",Loyalty Points,0
790,Joseh Implacavel,Savant of Tibia,Royal Paladin,Kalibra,2448,"6,521",Loyalty Points,0
791,Bruno Batman,Savant of Tibia,Elite Knight,Lobera,776,"6,520",Loyalty Points,0
791,Rezil,Savant of Tibia,Royal Paladin,Menera,396,"6,520",Loyalty Points,0
791,Tejow Corporation,Savant of Tibia,Elite Knight,Issobra,2553,"6,520",Loyalty Points,0
794,Boo Trulls,Savant of Tibia,Knight,Harmonia,365,"6,519",Loyalty Points,0
794,Sven The Berserker,Savant of Tibia,Elite Knight,Quintera,316,"6,519",Loyalty Points,0
796,Gretell,Savant of Tibia,Elder Druid,Harmonia,144,"6,518",Loyalty Points,0
797,Ghael,Savant of Tibia,Elite Knight,Calmera,834,"6,516",Loyalty Points,0
797,Taaabwyn,Savant of Tibia,Paladin,Secura,8,"6,516",Loyalty Points,0
799,Danz Zyn,Savant of Tibia,Knight,Jadebra,18,"6,515",Loyalty Points,0
799,Tajemniczy Rycerz,Savant of Tibia,Paladin,Monza,24,"6,515",Loyalty Points,0
801,Dragon Samurai,Savant of Tibia,Master Sorcerer,Gentebra,581,"6,513",Loyalty Points,0
802,Knight Rhos,Savant of Tibia,Elite Knight,Secura,726,"6,512",Loyalty Points,0
803,Lady Odra,Savant of Tibia,Paladin,Wintera,18,"6,511",Loyalty Points,0
803,Pess Joeru,Savant of Tibia,Elder Druid,Talera,923,"6,511",Loyalty Points,0
805,Fidelie,Savant of Tibia,Elite Knight,Harmonia,589,"6,510",Loyalty Points,0
805,Izzy The Beast,Savant of Tibia,Elder Druid,Celebra,2604,"6,510",Loyalty Points,0
807,Saogrox,Savant of Tibia,Royal Paladin,Vunira,451,"6,508",Loyalty Points,0
808,Por quizito,Savant of Tibia,Elite Knight,Kalibra,689,"6,505",Loyalty Points,0
808,Princess Ann,Savant of Tibia,Elder Druid,Calmera,754,"6,505",Loyalty Points,0
810,Delixu,Savant of Tibia,Elite Knight,Celebra,329,"6,504",Loyalty Points,0
810,Proudless,Savant of Tibia,Elite Knight,Secura,214,"6,504",Loyalty Points,0
812,Lancelot el Caballero,Savant of Tibia,Elite Knight,Astera,1004,"6,502",Loyalty Points,0
813,Chrys Angel,Savant of Tibia,Elder Druid,Lobera,627,"6,501",Loyalty Points,0
813,Dardar Zamoldimor,Savant of Tibia,Royal Paladin,Celesta,976,"6,501",Loyalty Points,0
813,She who defies,Savant of Tibia,Master Sorcerer,Yovera,659,"6,501",Loyalty Points,0
816,Renderzin,Savant of Tibia,Elite Knight,Serdebra,449,"6,500",Loyalty Points,0
817,Miloda,Savant of Tibia,Elder Druid,Celebra,209,"6,497",Loyalty Points,0
817,Monina,Savant of Tibia,Elder Druid,Gladera,673,"6,497",Loyalty Points,0
819,Aureann,Savant of Tibia,Knight,Astera,354,"6,496",Loyalty Points,0
820,Gregory Sous,Savant of Tibia,Master Sorcerer,Refugia,345,"6,495",Loyalty Points,0
820,Korr Nulk'Chaos,Savant of Tibia,Royal Paladin,Antica,303,"6,495",Loyalty Points,0
822,Eth,Savant of Tibia,Royal Paladin,Peloria,836,"6,493",Loyalty Points,0
823,Aidahoo,Savant of Tibia,Elite Knight,Refugia,855,"6,490",Loyalty Points,0
823,Lebran,Savant of Tibia,Royal Paladin,Astera,624,"6,490",Loyalty Points,0
823,Lehna,Savant of Tibia,Elite Knight,Harmonia,462,"6,490",Loyalty Points,0
823,Miss Sweetiexd,Savant of Tibia,Elder Druid,Wintera,723,"6,490",Loyalty Points,0
827,Ashaman Pain,Savant of Tibia,Elder Druid,Menera,226,"6,489",Loyalty Points,0
827,Dubbed Danny,Savant of Tibia,Elite Knight,Pacera,625,"6,489",Loyalty Points,0
827,Exin Arcade,Savant of Tibia,Knight,Karmeya,8,"6,489",Loyalty Points,0
827,Zorcan The One,Savant of Tibia,Master Sorcerer,Zuna,564,"6,489",Loyalty Points,0
831,Kostas Healer,Savant of Tibia,Elder Druid,Secura,475,"6,487",Loyalty Points,0
832,Elfol Yodere,Savant of Tibia,Elder Druid,Nefera,259,"6,485",Loyalty Points,0
833,Zallar Sida,Savant of Tibia,Royal Paladin,Nefera,90,"6,484",Loyalty Points,0
834,Mad Serpentine,Savant of Tibia,Druid,Nefera,21,"6,483",Loyalty Points,0
834,Octuous,Savant of Tibia,Elder Druid,Lobera,1746,"6,483",Loyalty Points,0
836,Averlo,Savant of Tibia,Elder Druid,Bona,1259,"6,482",Loyalty Points,0
836,Johnyjhn,Savant of Tibia,Elder Druid,Antica,564,"6,482",Loyalty Points,0
838,Boleight,Savant of Tibia,Royal Paladin,Descubra,2441,"6,481",Loyalty Points,0
838,Ziomist dragons,Savant of Tibia,Royal Paladin,Monza,927,"6,481",Loyalty Points,0
840,Yomo Delix,Savant of Tibia,Elite Knight,Wintera,1027,"6,480",Loyalty Points,0
841,Heross,Savant of Tibia,Royal Paladin,Celesta,531,"6,478",Loyalty Points,0
842,An Gie,Savant of Tibia,Master Sorcerer,Celebra,935,"6,475",Loyalty Points,0
842,Fajna Klata,Savant of Tibia,Royal Paladin,Karmeya,970,"6,475",Loyalty Points,0
842,Taifun Devilry,Savant of Tibia,Master Sorcerer,Peloria,615,"6,475",Loyalty Points,0
845,Lady Cardona,Savant of Tibia,Elite Knight,Gladera,438,"6,472",Loyalty Points,0
846,Clappa,Savant of Tibia,Royal Paladin,Wintera,218,"6,469",Loyalty Points,0
847,Akilles Kalop,Savant of Tibia,Royal Paladin,Gentebra,744,"6,467",Loyalty Points,0
847,Naranew,Savant of Tibia,Elite Knight,Astera,415,"6,467",Loyalty Points,0
847,Saw Clown,Savant of Tibia,Master Sorcerer,Belobra,493,"6,467",Loyalty Points,0
847,Sigma Boyy,Savant of Tibia,Royal Paladin,Retalia,796,"6,467",Loyalty Points,0
847,Tottz,Savant of Tibia,Elite Knight,Calmera,581,"6,467",Loyalty Points,0
852,Daeivon,Savant of Tibia,Royal Paladin,Peloria,142,"6,466",Loyalty Points,0
853,Muhug,Savant of Tibia,Royal Paladin,Lobera,281,"6,465",Loyalty Points,0
854,Maverik The Sorcer,Savant of Tibia,Master Sorcerer,Monza,200,"6,464",Loyalty Points,0
854,Mighty Carlos,Savant of Tibia,Master Sorcerer,Talera,1282,"6,464",Loyalty Points,0
854,Serpantess,Savant of Tibia,Elite Knight,Refugia,988,"6,464",Loyalty Points,0
857,Executter Sorcerer,Savant of Tibia,Master Sorcerer,Vandera,432,"6,462",Loyalty Points,0
858,Archer Wawha,Savant of Tibia,Royal Paladin,Fibera,717,"6,460",Loyalty Points,0
859,Moeter,Savant of Tibia,Elite Knight,Secura,1140,"6,458",Loyalty Points,0
860,Elmagnifiko caballerodany,Savant of Tibia,Elite Knight,Inabra,1686,"6,457",Loyalty Points,0
861,Helius Supremacy,Savant of Tibia,Royal Paladin,Kalibra,1322,"6,452",Loyalty Points,0
862,Lord Retoorno,Savant of Tibia,Elite Knight,Astera,561,"6,451",Loyalty Points,0
862,Magic Rafal,Savant of Tibia,Elder Druid,Bona,494,"6,451",Loyalty Points,0
864,Alesba,Savant of Tibia,Elite Knight,Premia,1497,"6,450",Loyalty Points,0
864,Pai do Enzo,Savant of Tibia,Druid,Quelibra,9,"6,450",Loyalty Points,0
866,Adeny Silaza,Savant of Tibia,Elite Knight,Bona,724,"6,448",Loyalty Points,0
866,Sorgi,Savant of Tibia,Elder Druid,Pacera,517,"6,448",Loyalty Points,0
868,Alkazator,Savant of Tibia,Royal Paladin,Astera,970,"6,445",Loyalty Points,0
869,Diego Dragon Furious,Savant of Tibia,Royal Paladin,Serdebra,1292,"6,444",Loyalty Points,0
869,Gijet,Savant of Tibia,Elite Knight,Kalibra,108,"6,444",Loyalty Points,0
869,Orangeona,Savant of Tibia,Elite Knight,Wintera,1355,"6,444",Loyalty Points,0
872,Vicyous,Savant of Tibia,Elite Knight,Calmera,1603,"6,442",Loyalty Points,0
873,Na gash,Savant of Tibia,Royal Paladin,Monza,1846,"6,441",Loyalty Points,0
874,Alalu Alavis Hur,Savant of Tibia,Sorcerer,Descubra,47,"6,438",Loyalty Points,0
875,Daniel Rhya,Savant of Tibia,Knight,Gladera,334,"6,436",Loyalty Points,0
876,Joker Poker,Savant of Tibia,Royal Paladin,Premia,748,"6,435",Loyalty Points,0
876,Pema Destroier,Savant of Tibia,Master Sorcerer,Astera,151,"6,435",Loyalty Points,0
878,Doougz,Savant of Tibia,Elite Knight,Yonabra,1670,"6,433",Loyalty Points,0
879,Halais Dark,Savant of Tibia,Elite Knight,Yovera,112,"6,432",Loyalty Points,0
879,Tiny Palsky,Savant of Tibia,Elder Druid,Monza,962,"6,432",Loyalty Points,0
881,Braborp,Savant of Tibia,Royal Paladin,Tornabra,1673,"6,431",Loyalty Points,0
881,Sir Urquell,Savant of Tibia,Elite Knight,Secura,876,"6,431",Loyalty Points,0
883,Sorciego Maldito,Savant of Tibia,Sorcerer,Unebra,23,"6,430",Loyalty Points,0
884,Kones,Savant of Tibia,Elite Knight,Astera,114,"6,428",Loyalty Points,0
885,Fates Buddie,Savant of Tibia,Royal Paladin,Pacera,432,"6,427",Loyalty Points,0
886,Aurea Lee,Savant of Tibia,Knight,Nefera,400,"6,425",Loyalty Points,0
886,Chikita of the linda,Savant of Tibia,Elite Knight,Bona,870,"6,425",Loyalty Points,0
886,Psicodoida,Savant of Tibia,Master Sorcerer,Gladera,809,"6,425",Loyalty Points,0
889,Bodzio spoko,Savant of Tibia,Elite Knight,Monza,899,"6,424",Loyalty Points,0
890,Viklund Shadowfist,Savant of Tibia,Exalted Monk,Antica,603,"6,422",Loyalty Points,0
891,Lady Dione,Savant of Tibia,Elder Druid,Harmonia,803,"6,416",Loyalty Points,0
892,Anya Kharara,Savant of Tibia,Elite Knight,Inabra,1346,"6,415",Loyalty Points,0
892,Heart Attacks,Savant of Tibia,Master Sorcerer,Wildera,206,"6,415",Loyalty Points,0
892,Herebor,Savant of Tibia,Elder Druid,Belobra,916,"6,415",Loyalty Points,0
892,Vladimir Valentine,Savant of Tibia,Royal Paladin,Luminera,375,"6,415",Loyalty Points,0
896,Mentally Muted,Savant of Tibia,Master Sorcerer,Gravitera,828,"6,414",Loyalty Points,0
896,Sprint Vegas,Savant of Tibia,Elder Druid,Peloria,875,"6,414",Loyalty Points,0
898,James Bigglesworth,Savant of Tibia,Elite Knight,Secura,158,"6,413",Loyalty Points,0
898,Rhysypie,Savant of Tibia,Elite Knight,Gladera,402,"6,413",Loyalty Points,0
900,Danmed San,Savant of Tibia,Royal Paladin,Secura,841,"6,412",Loyalty Points,0
900,Fleth Tyron,Savant of Tibia,Elite Knight,Peloria,628,"6,412",Loyalty Points,0
900,Janeer,Savant of Tibia,Elite Knight,Quintera,1543,"6,412",Loyalty Points,0
903,Datus Yatara,Savant of Tibia,Elite Knight,Havera,770,"6,411",Loyalty Points,0
903,Vai Debochando,Savant of Tibia,Elite Knight,Collabra,169,"6,411",Loyalty Points,0
905,Lady Meredith,Savant of Tibia,Royal Paladin,Bona,751,"6,410",Loyalty Points,0
906,Little Poliewop,Savant of Tibia,Sorcerer,Lobera,8,"6,409",Loyalty Points,0
907,Guimba Bruto,Savant of Tibia,Master Sorcerer,Serdebra,1497,"6,408",Loyalty Points,0
907,Pelau Es Pelau,Savant of Tibia,Elder Druid,Gravitera,52,"6,408",Loyalty Points,0
909,Geenus,Savant of Tibia,Elder Druid,Astera,167,"6,407",Loyalty Points,0
909,Rewill,Savant of Tibia,Elite Knight,Wintera,878,"6,407",Loyalty Points,0
909,Skirmin,Savant of Tibia,Elite Knight,Ustebra,821,"6,407",Loyalty Points,0
909,Zidex Duroya,Savant of Tibia,Elite Knight,Lobera,455,"6,407",Loyalty Points,0
913,Tanisbror,Savant of Tibia,Royal Paladin,Peloria,1307,"6,403",Loyalty Points,0
914,Axy,Savant of Tibia,Elder Druid,Yonabra,1371,"6,400",Loyalty Points,0
914,Diogo,Savant of Tibia,Royal Paladin,Secura,302,"6,400",Loyalty Points,0
914,Dolphin on Nefera,Savant of Tibia,Druid,Nefera,252,"6,400",Loyalty Points,0
914,Lemyth The Archer,Savant of Tibia,Royal Paladin,Jacabra,783,"6,400",Loyalty Points,0
914,Ratasek,Savant of Tibia,Royal Paladin,Refugia,229,"6,400",Loyalty Points,0
914,Segomaros Dranar,Savant of Tibia,Elder Druid,Peloria,402,"6,400",Loyalty Points,0
920,Alucinarco,Savant of Tibia,Elder Druid,Inabra,231,"6,399",Loyalty Points,0
920,Rorsschach,Savant of Tibia,Elite Knight,Solidera,128,"6,399",Loyalty Points,0
922,Zwei Shouja,Savant of Tibia,Elite Knight,Calmera,183,"6,398",Loyalty Points,0
923,General Madness,Savant of Tibia,Royal Paladin,Nefera,1506,"6,396",Loyalty Points,0
924,Di Old Times,Savant of Tibia,Elite Knight,Descubra,413,"6,395",Loyalty Points,0
924,Larodar,Savant of Tibia,Elder Druid,Secura,779,"6,395",Loyalty Points,0
924,Panth Lonki,Savant of Tibia,Elite Knight,Refugia,307,"6,395",Loyalty Points,0
924,Saintino,Savant of Tibia,Elder Druid,Lobera,754,"6,395",Loyalty Points,0
924,Sir Kiksiu,Savant of Tibia,Royal Paladin,Premia,954,"6,395",Loyalty Points,0
929,Lady Siska,Savant of Tibia,Elder Druid,Monza,245,"6,394",Loyalty Points,0
929,Vevive,Savant of Tibia,Elder Druid,Refugia,477,"6,394",Loyalty Points,0
931,Renato Winchester,Savant of Tibia,Elite Knight,Kalibra,1183,"6,393",Loyalty Points,0
932,Emperror Akuz,Savant of Tibia,Master Sorcerer,Wintera,1160,"6,392",Loyalty Points,0
932,Scrumdiliumpious,Savant of Tibia,Royal Paladin,Calmera,389,"6,392",Loyalty Points,0
934,Cokito Mclovin,Savant of Tibia,Elder Druid,Kalibra,1094,"6,391",Loyalty Points,0
935,Spaik Invasor,Savant of Tibia,Druid,Solidera,15,"6,390",Loyalty Points,0
936,Mess Enger,Savant of Tibia,Master Sorcerer,Monza,104,"6,388",Loyalty Points,0
937,Mythik Mike,Savant of Tibia,Elite Knight,Kalimera,521,"6,387",Loyalty Points,0
938,Ma Ri Nhoo,Savant of Tibia,Elite Knight,Yonabra,2001,"6,385",Loyalty Points,0
938,Tengil,Savant of Tibia,Master Sorcerer,Secura,1311,"6,385",Loyalty Points,0
940,Filha da Haph,Savant of Tibia,Druid,Calmera,8,"6,384",Loyalty Points,0
941,Avzkor,Savant of Tibia,Master Sorcerer,Wildera,554,"6,381",Loyalty Points,0
941,Toshiii,Savant of Tibia,Master Sorcerer,Gentebra,1787,"6,381",Loyalty Points,0
943,Malicie,Savant of Tibia,Elite Knight,Havera,1355,"6,379",Loyalty Points,0
944,Bocho Vandera,Savant of Tibia,Knight,Vandera,26,"6,376",Loyalty Points,0
945,Belivax,Savant of Tibia,Elder Druid,Lobera,958,"6,375",Loyalty Points,0
945,Scerlina,Savant of Tibia,Elite Knight,Thyria,479,"6,375",Loyalty Points,0
947,Gorak,Savant of Tibia,Royal Paladin,Refugia,321,"6,374",Loyalty Points,0
947,Maka Paladyn,Savant of Tibia,Royal Paladin,Pacera,341,"6,374",Loyalty Points,0
947,Markelito,Savant of Tibia,Elite Knight,Celesta,1634,"6,374",Loyalty Points,0
950,Crii Tic,Savant of Tibia,Master Sorcerer,Monza,1885,"6,373",Loyalty Points,0
951,Bieek,Savant of Tibia,Royal Paladin,Belobra,852,"6,372",Loyalty Points,0
951,Humpedibump,Savant of Tibia,None,Zuna,4,"6,372",Loyalty Points,0
951,Nykia,Savant of Tibia,Royal Paladin,Issobra,523,"6,372",Loyalty Points,0
954,Vivie,Savant of Tibia,Royal Paladin,Astera,323,"6,369",Loyalty Points,0
955,Staubfinger,Savant of Tibia,Royal Paladin,Monza,256,"6,368",Loyalty Points,0
956,Dzwoni Daro,Savant of Tibia,Elder Druid,Monza,2039,"6,367",Loyalty Points,0
957,Carathor Coles,Savant of Tibia,Elite Knight,Gentebra,349,"6,366",Loyalty Points,0
957,Orzel,Savant of Tibia,Elder Druid,Secura,476,"6,366",Loyalty Points,0
959,Zasai,Savant of Tibia,Elite Knight,Secura,599,"6,362",Loyalty Points,0
960,David Monster,Savant of Tibia,Royal Paladin,Thyria,1144,"6,361",Loyalty Points,0
960,Piotur,Savant of Tibia,Elite Knight,Secura,935,"6,361",Loyalty Points,0
962,Brock Davish,Savant of Tibia,Druid,Peloria,123,"6,360",Loyalty Points,0
962,Susi the Beast,Savant of Tibia,Elite Knight,Secura,350,"6,360",Loyalty Points,0
964,Lacerator,Savant of Tibia,Elite Knight,Inabra,1332,"6,359",Loyalty Points,0
965,Dumon Von'terryer,Savant of Tibia,Master Sorcerer,Talera,1125,"6,358",Loyalty Points,0
965,Shantty,Savant of Tibia,Elder Druid,Solidera,783,"6,358",Loyalty Points,0
967,Awira,Savant of Tibia,Royal Paladin,Secura,369,"6,357",Loyalty Points,0
968,Duke Dan,Savant of Tibia,Master Sorcerer,Collabra,1203,"6,356",Loyalty Points,0
969,Ania palladinka,Savant of Tibia,Royal Paladin,Havera,232,"6,355",Loyalty Points,0
969,Sarphia,Savant of Tibia,Paladin,Celebra,665,"6,355",Loyalty Points,0
971,Amiga da Vida,Savant of Tibia,Paladin,Celebra,246,"6,354",Loyalty Points,0
971,Prestiigio From Heaven,Savant of Tibia,Knight,Bona,21,"6,354",Loyalty Points,0
973,Awf,Savant of Tibia,Elite Knight,Secura,1424,"6,353",Loyalty Points,0
973,Moldoz,Savant of Tibia,Elder Druid,Antica,703,"6,353",Loyalty Points,0
973,Tsunami Apopo,Savant of Tibia,Elite Knight,Pacera,623,"6,353",Loyalty Points,0
976,Ebblon,Savant of Tibia,Elite Knight,Talera,291,"6,349",Loyalty Points,0
976,Lakohutt,Savant of Tibia,Master Sorcerer,Calmera,902,"6,349",Loyalty Points,0
978,Top Dispancer,Savant of Tibia,Master Sorcerer,Peloria,618,"6,348",Loyalty Points,0
979,Guerriller Carrasclet,Savant of Tibia,Master Sorcerer,Vunira,231,"6,347",Loyalty Points,0
980,Zoxerr,Savant of Tibia,Royal Paladin,Vunira,1289,"6,346",Loyalty Points,0
981,Faxa Vestieri,Savant of Tibia,Druid,Secura,229,"6,345",Loyalty Points,0
982,Milkania,Savant of Tibia,Royal Paladin,Antica,258,"6,344",Loyalty Points,0
983,Ninja Helmut,Savant of Tibia,Druid,Dia,8,"6,343",Loyalty Points,0
984,Lord Overtid,Savant of Tibia,Royal Paladin,Celesta,519,"6,341",Loyalty Points,0
985,Viper Night,Savant of Tibia,Elite Knight,Monza,191,"6,340",Loyalty Points,0
986,Galak Stoxaforie,Savant of Tibia,Elder Druid,Talera,455,"6,339",Loyalty Points,0
987,Charkspe Kimus,Savant of Tibia,None,Divina,2,"6,338",Loyalty Points,0
987,Harz vier Kepp,Savant of Tibia,Master Sorcerer,Premia,70,"6,338",Loyalty Points,0
989,Celtorxi,Savant of Tibia,Knight,Harmonia,8,"6,337",Loyalty Points,0
990,Bellha,Savant of Tibia,Royal Paladin,Antica,307,"6,335",Loyalty Points,0
991,Bondan poll,Savant of Tibia,Elder Druid,Lobera,376,"6,334",Loyalty Points,0
992,Kyaso,Savant of Tibia,Elite Knight,Calmera,923,"6,332",Loyalty Points,0
993,Luszckyn,Savant of Tibia,Master Sorcerer,Celebra,1401,"6,331",Loyalty Points,0
993,Tulio Barao,Savant of Tibia,Elite Knight,Collabra,1950,"6,331",Loyalty Points,0
995,Dora Beoni,Savant of Tibia,Elite Knight,Belobra,381,"6,330",Loyalty Points,0
995,Lazerflip,Savant of Tibia,Master Sorcerer,Havera,354,"6,330",Loyalty Points,0
997,Darkbrancio,Savant of Tibia,Royal Paladin,Lobera,650,"6,329",Loyalty Points,0
997,Gruksa,Savant of Tibia,Elite Knight,Bona,416,"6,329",Loyalty Points,0
999,Kal Night,Savant of Tibia,Elite Knight,Serdebra,871,"6,328",Loyalty Points,0
1000,Zork Bork,Savant of Tibia,Paladin,Nefera,240,"6,327",Loyalty Points,0
