Rank,Name,Vocation,World,Level,Skill Level,category,vocation_id
1,Haraster,Elite Knight,Refugia,944,143,Club Fighting,2
2,Lutador de Mace,Elite Knight,Gentebra,1954,141,Club Fighting,2
2,Peguca,Elite Knight,Luminera,1163,141,Club Fighting,2
4,Princess Nickkii,Elite Knight,Nefera,520,140,Club Fighting,2
5,Vincix Ezwin,Elite Knight,Yonabra,1339,139,Club Fighting,2
6,Darkness Miss Lalatina,Elite Knight,Secura,1559,138,Club Fighting,2
6,Franco Thunder,Elite Knight,Jadebra,1709,138,Club Fighting,2
6,Ghoa Kitad,Elite Knight,Talera,1219,138,Club Fighting,2
6,Psyck,Elite Knight,Ustebra,838,138,Club Fighting,2
6,Valteco,Elite Knight,Yonabra,1462,138,Club Fighting,2
11,Carapanam,Elite Knight,Pacera,1022,137,Club Fighting,2
11,Chivolli,Elite Knight,Nevia,764,137,Club Fighting,2
11,Dranongar,Elite Knight,Astera,721,137,Club Fighting,2
11,Fester Adams,Elite Knight,Belobra,811,137,Club Fighting,2
11,Musashi Tank,Elite Knight,Venebra,1475,137,Club Fighting,2
11,Smaug Pro,Elite Knight,Pacera,1826,137,Club Fighting,2
11,The Sauron,Elite Knight,Serdebra,1235,137,Club Fighting,2
11,Zheng Bonny,Elite Knight,Ustebra,1192,137,Club Fighting,2
19,Aangel de amor,Elite Knight,Nefera,673,136,Club Fighting,2
19,Animus Necandi,Elite Knight,Quelibra,745,136,Club Fighting,2
19,Atencjuszka Navka,Elite Knight,Bona,1271,136,Club Fighting,2
19,Awdy,Elite Knight,Firmera,1267,136,Club Fighting,2
19,Ciemnyez,Elite Knight,Venebra,1808,136,Club Fighting,2
19,Darkside the ghost,Elite Knight,Bona,1516,136,Club Fighting,2
19,Defates tapa,Elite Knight,Nefera,1485,136,Club Fighting,2
19,Dffoz,Elite Knight,Esmera,1372,136,Club Fighting,2
19,Kocurrr,Elite Knight,Nevia,1156,136,Club Fighting,2
19,Ruver,Elite Knight,Peloria,702,136,Club Fighting,2
19,Tiao Pancada,Elite Knight,Celebra,1664,136,Club Fighting,2
30,Bruzanas,Elite Knight,Quidera,1413,135,Club Fighting,2
30,Dark tritonic,Elite Knight,Celesta,1201,135,Club Fighting,2
30,Don Guralek,Elite Knight,Bona,1047,135,Club Fighting,2
30,King Yakes,Elite Knight,Talera,1417,135,Club Fighting,2
30,Luziadas,Elite Knight,Menera,1268,135,Club Fighting,2
30,Matzes,Elite Knight,Antica,1346,135,Club Fighting,2
30,Odd Henceforth,Elite Knight,Lobera,231,135,Club Fighting,2
30,Ordinary Citizen,Knight,Bona,1215,135,Club Fighting,2
30,Pepinoprime,Elite Knight,Antica,1272,135,Club Fighting,2
30,Serpantess,Elite Knight,Refugia,988,135,Club Fighting,2
30,Sir Lokus,Elite Knight,Quelibra,1422,135,Club Fighting,2
30,Szmyra,Elite Knight,Thyria,646,135,Club Fighting,2
30,Ven om,Elite Knight,Harmonia,1878,135,Club Fighting,2
30,Vitor Kamickaze,Elite Knight,Inabra,563,135,Club Fighting,2
44,Capitan Carl,Elite Knight,Descubra,1027,134,Club Fighting,2
44,Cavots,Elite Knight,Ustebra,1017,134,Club Fighting,2
44,Juniinhsz,Elite Knight,Lutabra,1131,134,Club Fighting,2
44,Lady Nefy,Elite Knight,Nefera,1184,134,Club Fighting,2
44,Lord Maluketez,Elite Knight,Lutabra,1457,134,Club Fighting,2
44,Mister Brookss,Elite Knight,Quintera,1022,134,Club Fighting,2
44,Mister Pep,Elite Knight,Belobra,1405,134,Club Fighting,2
44,Modelindo,Elite Knight,Tornabra,895,134,Club Fighting,2
44,Nettik,Elite Knight,Secura,1092,134,Club Fighting,2
44,Orvi,Elite Knight,Secura,394,134,Club Fighting,2
44,Reed Ian,Elite Knight,Dia,1192,134,Club Fighting,2
44,Reigrant Arcsteel,Elite Knight,Celebra,1214,134,Club Fighting,2
44,Sir King Calvo,Elite Knight,Pacera,656,134,Club Fighting,2
44,Sky Yujiro,Elite Knight,Secura,1165,134,Club Fighting,2
58,Actually,Elite Knight,Astera,50,133,Club Fighting,2
58,Asfarck,Elite Knight,Obscubra,854,133,Club Fighting,2
58,Bandzior Ek,Elite Knight,Celesta,872,133,Club Fighting,2
58,Beczo,Elite Knight,Dia,1528,133,Club Fighting,2
58,Big Boss Revival,Elite Knight,Premia,1808,133,Club Fighting,2
58,Clownfiesta Primetime,Elite Knight,Zuna,1417,133,Club Fighting,2
58,Darkeduar,Elite Knight,Pacera,1290,133,Club Fighting,2
58,Dergrom,Elite Knight,Secura,771,133,Club Fighting,2
58,Inmortal Gowther,Elite Knight,Wintera,954,133,Club Fighting,2
58,Juno Relaxsz,Elite Knight,Havera,1360,133,Club Fighting,2
58,Kabahad,Elite Knight,Peloria,1270,133,Club Fighting,2
58,King Splyffyn,Elite Knight,Bona,855,133,Club Fighting,2
58,Klubowy Slawek,Elite Knight,Monza,973,133,Club Fighting,2
58,Lord-Orion Legend,Elite Knight,Havera,409,133,Club Fighting,2
58,Norbuss,Elite Knight,Malivora,1286,133,Club Fighting,2
58,Olooz Rhaio,Elite Knight,Collabra,1379,133,Club Fighting,2
58,Para nah,Elite Knight,Descubra,1131,133,Club Fighting,2
58,Ralph Kurama,Elite Knight,Yonabra,1286,133,Club Fighting,2
58,Rolkins,Elite Knight,Lobera,1298,133,Club Fighting,2
58,Tank Pos,Elite Knight,Bona,1059,133,Club Fighting,2
58,Thorsis,Elite Knight,Secura,775,133,Club Fighting,2
58,Uchiha Barba Branca,Elite Knight,Tornabra,1398,133,Club Fighting,2
80,Andres Astaroth,Elite Knight,Gladera,1313,132,Club Fighting,2
80,Anxo,Elite Knight,Vunira,874,132,Club Fighting,2
80,Bacon Violento,Elite Knight,Belobra,1365,132,Club Fighting,2
80,Blaer,Elite Knight,Refugia,1093,132,Club Fighting,2
80,Danipuff,Elite Knight,Yonabra,1984,132,Club Fighting,2
80,Doug Devasso,Elite Knight,Collabra,1848,132,Club Fighting,2
80,Dunmon Stark,Elite Knight,Wintera,1101,132,Club Fighting,2
80,Elzinter,Elite Knight,Esmera,765,132,Club Fighting,2
80,Ferpa Deluxe,Elite Knight,Antica,979,132,Club Fighting,2
80,Fleth Tyron,Elite Knight,Peloria,628,132,Club Fighting,2
80,Gabrielito,Elite Knight,Nefera,1572,132,Club Fighting,2
80,Garfield Cat,Elite Knight,Dia,1220,132,Club Fighting,2
80,Ingolf Gloria,Elite Knight,Secura,554,132,Club Fighting,2
80,Japp Okey Lugn,Elite Knight,Secura,1210,132,Club Fighting,2
80,Kairos Skylight,Elite Knight,Calmera,1962,132,Club Fighting,2
80,Katita Kaldas,Elite Knight,Celebra,1097,132,Club Fighting,2
80,King Hensur,Elite Knight,Celesta,1106,132,Club Fighting,2
80,Knight do Osso,Elite Knight,Serdebra,1059,132,Club Fighting,2
80,Little Albatraoz,Elite Knight,Astera,1191,132,Club Fighting,2
80,Love Is Everything,Elite Knight,Antica,848,132,Club Fighting,2
80,Max Sider,Elite Knight,Inabra,1003,132,Club Fighting,2
80,Mullo,Elite Knight,Pacera,413,132,Club Fighting,2
80,Negan Smith,Elite Knight,Malivora,1133,132,Club Fighting,2
80,Oger,Elite Knight,Antica,1222,132,Club Fighting,2
80,Ohin,Elite Knight,Antica,819,132,Club Fighting,2
80,Ruge,Elite Knight,Thyria,1405,132,Club Fighting,2
80,Sir Wilfred Ivanhoe,Elite Knight,Nefera,449,132,Club Fighting,2
80,Soh Deitopradormir,Elite Knight,Honbra,829,132,Club Fighting,2
80,Suarelli,Elite Knight,Premia,1216,132,Club Fighting,2
80,Tasca Hammerfury,Elite Knight,Pacera,110,132,Club Fighting,2
80,Tio tide,Elite Knight,Monza,606,132,Club Fighting,2
80,Tutto Passa,Elite Knight,Karmeya,1151,132,Club Fighting,2
80,Vixen Elite,Elite Knight,Celebra,1129,132,Club Fighting,2
113,Alastor Redgrave,Elite Knight,Calmera,1225,131,Club Fighting,2
113,Alizorah,Elite Knight,Peloria,896,131,Club Fighting,2
113,Dred Redemption,Elite Knight,Calmera,1291,131,Club Fighting,2
113,Drinnas,Elite Knight,Secura,882,131,Club Fighting,2
113,Ehxori,Elite Knight,Celebra,835,131,Club Fighting,2
113,Ezio Shion,Elite Knight,Lobera,882,131,Club Fighting,2
113,Femuz in Pacera,Elite Knight,Pacera,105,131,Club Fighting,2
113,Fulluf Laphoopia,Elite Knight,Gladera,138,131,Club Fighting,2
113,Gunwi Kormroyan,Elite Knight,Gladera,338,131,Club Fighting,2
113,Harlei Cascavel,Elite Knight,Calmera,846,131,Club Fighting,2
113,Hebert Richards,Elite Knight,Celesta,810,131,Club Fighting,2
113,Heper Nata,Elite Knight,Nefera,331,131,Club Fighting,2
113,Hoengyru Beon,Elite Knight,Bona,765,131,Club Fighting,2
113,Infernal Kubus,Elite Knight,Secura,754,131,Club Fighting,2
113,Itsgot Electrolytes,Elite Knight,Yovera,1130,131,Club Fighting,2
113,Jhoan Livre,Elite Knight,Astera,1300,131,Club Fighting,2
113,Kate Walker,Elite Knight,Nevia,1291,131,Club Fighting,2
113,Lady of Saxnot,Knight,Lobera,31,131,Club Fighting,2
113,Layka Coragem,Elite Knight,Nefera,79,131,Club Fighting,2
113,Leechiano,Elite Knight,Lobera,1591,131,Club Fighting,2
113,Levy Tran,Elite Knight,Epoca,718,131,Club Fighting,2
113,Lil Potato Knight,Elite Knight,Gladera,566,131,Club Fighting,2
113,Lord Chongs,Elite Knight,Lobera,807,131,Club Fighting,2
113,Mazi Mazi,Elite Knight,Quintera,847,131,Club Fighting,2
113,Nicole Kang,Elite Knight,Thyria,709,131,Club Fighting,2
113,Nitro Hells'Angels,Elite Knight,Gentebra,629,131,Club Fighting,2
113,Nosoull,Elite Knight,Dia,1487,131,Club Fighting,2
113,Ossy Vern,Elite Knight,Refugia,1425,131,Club Fighting,2
113,Pancada Desbalanceada,Elite Knight,Serdebra,1254,131,Club Fighting,2
113,Profesorez,Elite Knight,Etebra,1189,131,Club Fighting,2
113,Pukee,Elite Knight,Gladera,272,131,Club Fighting,2
113,Rovaar,Elite Knight,Kalibra,808,131,Club Fighting,2
113,Sellek Doubleskill Clubaxehat,Elite Knight,Ferobra,1695,131,Club Fighting,2
113,Seloko Denone,Elite Knight,Jadebra,1456,131,Club Fighting,2
113,Sloem,Elite Knight,Yonabra,1339,131,Club Fighting,2
113,Sneaky The Snake,Elite Knight,Thyria,82,131,Club Fighting,2
113,Sosnowe,Elite Knight,Nevia,1372,131,Club Fighting,2
113,Stormbreaker Ekzykes,Elite Knight,Yovera,1394,131,Club Fighting,2
113,Suhvek,Elite Knight,Quidera,706,131,Club Fighting,2
113,Tibo Ek,Elite Knight,Honbra,1093,131,Club Fighting,2
113,Tor Wer Tar,Elite Knight,Bona,1133,131,Club Fighting,2
113,Torhun,Elite Knight,Celesta,1082,131,Club Fighting,2
113,Tradein,Elite Knight,Bona,1032,131,Club Fighting,2
113,Troubled Assassin,Elite Knight,Secura,502,131,Club Fighting,2
113,Vardagszor,Elite Knight,Astera,1437,131,Club Fighting,2
113,Verduz Guzzi,Elite Knight,Nefera,727,131,Club Fighting,2
113,Warrior Mustang,Elite Knight,Nefera,85,131,Club Fighting,2
113,Wladosek,Elite Knight,Secura,527,131,Club Fighting,2
113,Zecrocz Club,Elite Knight,Yonabra,1534,131,Club Fighting,2
113,Zion Clubstealer,Elite Knight,Ferobra,982,131,Club Fighting,2
163,Agiotales,Elite Knight,Rasteibra,1695,130,Club Fighting,2
163,Alandir,Elite Knight,Peloria,824,130,Club Fighting,2
163,Alonessia,Elite Knight,Monza,59,130,Club Fighting,2
163,Annadar,Elite Knight,Celesta,1098,130,Club Fighting,2
163,Aura,Elite Knight,Secura,128,130,Club Fighting,2
163,Avoni,Elite Knight,Havera,921,130,Club Fighting,2
163,Big Diddy,Elite Knight,Lobera,1325,130,Club Fighting,2
163,Borktex,Knight,Gladibra,413,130,Club Fighting,2
163,Cron Wiclek,Elite Knight,Peloria,353,130,Club Fighting,2
163,Daiin,Elite Knight,Belobra,1052,130,Club Fighting,2
163,Daisy Dayborn,Elite Knight,Epoca,82,130,Club Fighting,2
163,Danger'Star,Elite Knight,Nefera,857,130,Club Fighting,2
163,Deestroyer,Elite Knight,Quelibra,621,130,Club Fighting,2
163,Destructive Kronun,Elite Knight,Talera,2039,130,Club Fighting,2
163,Doisbe,Elite Knight,Descubra,1326,130,Club Fighting,2
163,Dreadful,Elite Knight,Antica,637,130,Club Fighting,2
163,Dudu New Times,Elite Knight,Ourobra,810,130,Club Fighting,2
163,Duke Draco,Elite Knight,Collabra,1225,130,Club Fighting,2
163,Ek Edoorek,Elite Knight,Peloria,936,130,Club Fighting,2
163,Eknex,Elite Knight,Serdebra,569,130,Club Fighting,2
163,Eletron Knight,Elite Knight,Menera,886,130,Club Fighting,2
163,Espeto Knight,Elite Knight,Celebra,1133,130,Club Fighting,2
163,Esplandian,Elite Knight,Calmera,70,130,Club Fighting,2
163,Ethernal Fatality,Elite Knight,Nefera,710,130,Club Fighting,2
163,Ffon,Elite Knight,Thyria,830,130,Club Fighting,2
163,Flippendo,Elite Knight,Secura,446,130,Club Fighting,2
163,Futux,Elite Knight,Ustebra,1000,130,Club Fighting,2
163,Fynno,Elite Knight,Bona,434,130,Club Fighting,2
163,Gata Vitoria,Elite Knight,Yonabra,1388,130,Club Fighting,2
163,Genesiz,Elite Knight,Yonabra,1064,130,Club Fighting,2
163,Ghal Bator,Elite Knight,Bona,263,130,Club Fighting,2
163,Grosoxx,Elite Knight,Luminera,1069,130,Club Fighting,2
163,Gruff Goat,Elite Knight,Astera,170,130,Club Fighting,2
163,Gunnarz,Elite Knight,Jadebra,982,130,Club Fighting,2
163,Hundkatt,Elite Knight,Premia,1017,130,Club Fighting,2
163,Infernal Eternal,Elite Knight,Wintera,172,130,Club Fighting,2
163,Its Rockstar,Elite Knight,Collabra,800,130,Club Fighting,2
163,Janna Frostine,Elite Knight,Luminera,1391,130,Club Fighting,2
163,Kary The Legend,Elite Knight,Peloria,1061,130,Club Fighting,2
163,Kel,Elite Knight,Rasteibra,1547,130,Club Fighting,2
163,King Flax,Elite Knight,Honbra,1069,130,Club Fighting,2
163,Krugen,Elite Knight,Monza,1127,130,Club Fighting,2
163,Lady Jaana,Elite Knight,Peloria,333,130,Club Fighting,2
163,Lazy Tytanek,Elite Knight,Secura,646,130,Club Fighting,2
163,Lemest Elvar,Elite Knight,Zunera,83,130,Club Fighting,2
163,Lil Marucha,Elite Knight,Havera,1010,130,Club Fighting,2
163,Lord Argoustan,Elite Knight,Oceanis,648,130,Club Fighting,2
163,Lovedek,Elite Knight,Pacera,958,130,Club Fighting,2
163,Luna Diosa Preciosa,Elite Knight,Harmonia,61,130,Club Fighting,2
163,Maurokitto,Elite Knight,Secura,632,130,Club Fighting,2
163,Nando Dii Stormshield,Elite Knight,Secura,1164,130,Club Fighting,2
163,Nasty Kidifang,Elite Knight,Antica,718,130,Club Fighting,2
163,Nerigudo,Elite Knight,Ustebra,1597,130,Club Fighting,2
163,Onix von trollenberg,Elite Knight,Havera,113,130,Club Fighting,2
163,Pastor Guty,Elite Knight,Quelibra,786,130,Club Fighting,2
163,Rakso Manual,Elite Knight,Antica,788,130,Club Fighting,2
163,Ramsiys,Elite Knight,Wintera,479,130,Club Fighting,2
163,Ratio Summa,Elite Knight,Solidera,55,130,Club Fighting,2
163,Raul Locomia,Elite Knight,Quelibra,1571,130,Club Fighting,2
163,Rufs Ye,Elite Knight,Nefera,807,130,Club Fighting,2
163,Rushler,Elite Knight,Wintera,595,130,Club Fighting,2
163,Rylod Mavenus,Elite Knight,Quintera,1035,130,Club Fighting,2
163,Sanemiia,Elite Knight,Peloria,1060,130,Club Fighting,2
163,Sean Mytoman,Elite Knight,Secura,962,130,Club Fighting,2
163,Serapis Seledian,Elite Knight,Premia,957,130,Club Fighting,2
163,Sir Peter of Cun,Elite Knight,Havera,870,130,Club Fighting,2
163,Soverv Clubowicz,Elite Knight,Harmonia,621,130,Club Fighting,2
163,Stalker of the Shadows,Elite Knight,Secura,118,130,Club Fighting,2
163,Suwal,Elite Knight,Celesta,72,130,Club Fighting,2
163,Takeszin,Elite Knight,Celesta,816,130,Club Fighting,2
163,Thon Rideon,Elite Knight,Honbra,683,130,Club Fighting,2
163,Tipo Avathhar,Elite Knight,Nefera,1178,130,Club Fighting,2
163,Ultra Instinct Knight,Elite Knight,Premia,1079,130,Club Fighting,2
163,Vanns,Elite Knight,Bona,962,130,Club Fighting,2
163,Villarromero,Elite Knight,Astera,414,130,Club Fighting,2
163,Viseze,Elite Knight,Karmeya,1459,130,Club Fighting,2
163,Wozigot,Elite Knight,Solidera,478,130,Club Fighting,2
163,Zugly Drax,Elite Knight,Astera,324,130,Club Fighting,2
241,Aerck,Elite Knight,Karmeya,993,129,Club Fighting,2
241,Akademi,Elite Knight,Nefera,1292,129,Club Fighting,2
241,Andrew Fate,Elite Knight,Yonabra,722,129,Club Fighting,2
241,Arator Roken,Elite Knight,Nefera,1272,129,Club Fighting,2
241,Arcangel Miguelito,Elite Knight,Solidera,209,129,Club Fighting,2
241,Area The Knight,Elite Knight,Peloria,163,129,Club Fighting,2
241,Ashfar Thro,Elite Knight,Peloria,125,129,Club Fighting,2
241,Aurea Athi,Elite Knight,Harmonia,291,129,Club Fighting,2
241,Awexan,Elite Knight,Harmonia,237,129,Club Fighting,2
241,Azra Trek,Elite Knight,Menera,133,129,Club Fighting,2
241,Balista Slim,Elite Knight,Refugia,611,129,Club Fighting,2
241,Banuta Stenka,Elite Knight,Bona,50,129,Club Fighting,2
241,Best value,Elite Knight,Premia,40,129,Club Fighting,2
241,Bobbie Da Blankie,Elite Knight,Gladera,135,129,Club Fighting,2
241,Braavee heart,Elite Knight,Calmera,1229,129,Club Fighting,2
241,Brufer,Elite Knight,Premia,37,129,Club Fighting,2
241,Bticino,Elite Knight,Premia,36,129,Club Fighting,2
241,Dekraken durinars,Elite Knight,Astera,118,129,Club Fighting,2
241,Divine Stability,Elite Knight,Antica,285,129,Club Fighting,2
241,Don Santiago,Elite Knight,Premia,37,129,Club Fighting,2
241,Dookie Skillmax,Elite Knight,Menera,725,129,Club Fighting,2
241,Dragon Maniatico,Elite Knight,Vunira,937,129,Club Fighting,2
241,Eliasxd,Elite Knight,Solidera,1012,129,Club Fighting,2
241,Elite Leoz,Elite Knight,Belobra,1274,129,Club Fighting,2
241,Exmindero,Elite Knight,Epoca,677,129,Club Fighting,2
241,Faguax,Elite Knight,Premia,36,129,Club Fighting,2
241,Fellzorr,Elite Knight,Ustebra,1100,129,Club Fighting,2
241,Fermetal,Elite Knight,Premia,37,129,Club Fighting,2
241,Firemen Kyle,Elite Knight,Xyla,1496,129,Club Fighting,2
241,Frank Friiola,Elite Knight,Jadebra,1521,129,Club Fighting,2
241,Girl of Club,Elite Knight,Gentebra,772,129,Club Fighting,2
241,Gozhek,Elite Knight,Thyria,840,129,Club Fighting,2
241,Gumis,Elite Knight,Solidera,998,129,Club Fighting,2
241,Halcon of harmonia,Knight,Harmonia,22,129,Club Fighting,2
241,Harv Heimdallsson,Elite Knight,Peloria,342,129,Club Fighting,2
241,Harvezd,Knight,Vunira,16,129,Club Fighting,2
241,Harvezd from Danubia,Knight,Antica,9,129,Club Fighting,2
241,Heavy Ragequit,Elite Knight,Inabra,1083,129,Club Fighting,2
241,Heiliger Tote,Elite Knight,Bona,71,129,Club Fighting,2
241,Itsmaka,Elite Knight,Solidera,843,129,Club Fighting,2
241,Itz Chapas,Elite Knight,Luminera,1167,129,Club Fighting,2
241,Itz Naandi,Elite Knight,Dia,1248,129,Club Fighting,2
241,Jack Bax,Knight,Secura,34,129,Club Fighting,2
241,Klubowy,Elite Knight,Monza,772,129,Club Fighting,2
241,Ko Ringa,Elite Knight,Descubra,1105,129,Club Fighting,2
241,Kouga de Pegasos,Elite Knight,Pacera,204,129,Club Fighting,2
241,Legend Lover,Elite Knight,Antica,970,129,Club Fighting,2
241,Machiavel,Elite Knight,Vunira,1111,129,Club Fighting,2
241,Maly Fredie,Elite Knight,Celesta,953,129,Club Fighting,2
241,Mano Malloka,Elite Knight,Celebra,936,129,Club Fighting,2
241,Mano The Great,Elite Knight,Solidera,1001,129,Club Fighting,2
241,Manpica,Elite Knight,Premia,39,129,Club Fighting,2
241,Marechal Max,Knight,Havera,16,129,Club Fighting,2
241,Maskwuv Dragonwalt,Elite Knight,Inabra,1141,129,Club Fighting,2
241,Maxi Kina,Elite Knight,Bona,1213,129,Club Fighting,2
241,Mighty Memo,Elite Knight,Wintera,968,129,Club Fighting,2
241,Missdenise of tala,Elite Knight,Refugia,737,129,Club Fighting,2
241,Murmillo,Knight,Peloria,25,129,Club Fighting,2
241,Naruto Knight,Elite Knight,Quelibra,1153,129,Club Fighting,2
241,Necrodaemon Terrorsathan,Elite Knight,Quintera,522,129,Club Fighting,2
241,Nemrotz,Elite Knight,Karmeya,772,129,Club Fighting,2
241,Netzen,Elite Knight,Nefera,737,129,Club Fighting,2
241,Nitrane,Knight,Astera,1132,129,Club Fighting,2
241,Norseck,Knight,Solidera,40,129,Club Fighting,2
241,Nyanen,Elite Knight,Zuna,804,129,Club Fighting,2
241,Old Club Master,Elite Knight,Vunira,121,129,Club Fighting,2
241,Pai Tank,Elite Knight,Yovera,1212,129,Club Fighting,2
241,Pu Din ek,Elite Knight,Havera,1042,129,Club Fighting,2
241,Quenza,Knight,Astera,568,129,Club Fighting,2
241,Revnost,Elite Knight,Calmera,662,129,Club Fighting,2
241,Sayrum Halin,Elite Knight,Kalibra,1386,129,Club Fighting,2
241,Scopi Kabi,Elite Knight,Peloria,118,129,Club Fighting,2
241,Se warence,Elite Knight,Descubra,1255,129,Club Fighting,2
241,Seba Godslayer,Elite Knight,Lutabra,1389,129,Club Fighting,2
241,Seniorhunter,Elite Knight,Bona,267,129,Club Fighting,2
241,Senor Max,Elite Knight,Premia,887,129,Club Fighting,2
241,Shauni Leviathann,Knight,Gladera,742,129,Club Fighting,2
241,Sir Falarius,Elite Knight,Solidera,113,129,Club Fighting,2
241,Sir Junyck,Elite Knight,Ferobra,653,129,Club Fighting,2
241,Siri Elite,Elite Knight,Zunera,333,129,Club Fighting,2
241,Sprytny Andrzej,Elite Knight,Celesta,578,129,Club Fighting,2
241,Steven Athi,Elite Knight,Harmonia,101,129,Club Fighting,2
241,Tejow Corporation,Elite Knight,Issobra,2553,129,Club Fighting,2
241,Telial,Elite Knight,Secura,149,129,Club Fighting,2
241,Thiiy,Elite Knight,Descubra,1287,129,Club Fighting,2
241,Thimothus,Elite Knight,Gentebra,63,129,Club Fighting,2
241,Title Taker,Knight,Talera,669,129,Club Fighting,2
241,Ufeca,Elite Knight,Premia,32,129,Club Fighting,2
241,Valix Nikenia,Elite Knight,Gladera,638,129,Club Fighting,2
241,Vinz Homeless,Elite Knight,Vunira,80,129,Club Fighting,2
241,Visionoiur,Elite Knight,Harmonia,85,129,Club Fighting,2
241,War Crime,Elite Knight,Celesta,1256,129,Club Fighting,2
241,Xodxleather,Elite Knight,Gentebra,596,129,Club Fighting,2
241,Zaroim,Elite Knight,Astera,79,129,Club Fighting,2
241,Zora the Shadowhero,Knight,Refugia,13,129,Club Fighting,2
241,Zulica,Elite Knight,Bona,608,129,Club Fighting,2
337,Alcardamus,Elite Knight,Bona,719,128,Club Fighting,2
337,Alphonse,Elite Knight,Quidera,995,128,Club Fighting,2
337,Anna Girl,Elite Knight,Celesta,895,128,Club Fighting,2
337,Ardyn Gullo,Elite Knight,Monza,304,128,Club Fighting,2
337,Arkhottep,Elite Knight,Yonabra,1268,128,Club Fighting,2
337,Arnol Schwarz,Elite Knight,Venebra,1260,128,Club Fighting,2
337,Badguy Pepe,Elite Knight,Pacera,281,128,Club Fighting,2
337,Bankrutomat,Elite Knight,Thyria,309,128,Club Fighting,2
337,Barak The Crusher,Elite Knight,Calmera,149,128,Club Fighting,2
337,Barra Mil Contra,Elite Knight,Ustebra,551,128,Club Fighting,2
337,Bastiao Sallas,Elite Knight,Havera,1003,128,Club Fighting,2
337,Bleu Soulless,Elite Knight,Yovera,1024,128,Club Fighting,2
337,Block,Elite Knight,Collabra,348,128,Club Fighting,2
337,Bo cian,Elite Knight,Harmonia,1282,128,Club Fighting,2
337,Canadaman,Elite Knight,Quidera,709,128,Club Fighting,2
337,Chylek the Demonhunter,Elite Knight,Secura,1172,128,Club Fighting,2
337,Cryx Aariellari,Elite Knight,Talera,1009,128,Club Fighting,2
337,Czeko of Knight,Elite Knight,Refugia,658,128,Club Fighting,2
337,Daemogoth,Elite Knight,Nefera,1069,128,Club Fighting,2
337,De Club,Elite Knight,Kalibra,346,128,Club Fighting,2
337,Destruvtor,Elite Knight,Quintera,1264,128,Club Fighting,2
337,Didulok,Elite Knight,Serdebra,376,128,Club Fighting,2
337,Doktor Elektroniki,Knight,Peloria,42,128,Club Fighting,2
337,Dragon On,Elite Knight,Serdebra,1019,128,Club Fighting,2
337,Draiimo,Elite Knight,Belobra,822,128,Club Fighting,2
337,Dran Felon,Elite Knight,Celesta,82,128,Club Fighting,2
337,Dumdum,Elite Knight,Vunira,355,128,Club Fighting,2
337,El Manguales,Elite Knight,Secura,514,128,Club Fighting,2
337,Elder Sigfodr,Elite Knight,Karmeya,600,128,Club Fighting,2
337,Fluffiga Lars,Elite Knight,Secura,840,128,Club Fighting,2
337,Garra Charrua Yorugua,Elite Knight,Havera,63,128,Club Fighting,2
337,Gibberling,Knight,Peloria,8,128,Club Fighting,2
337,Gugazen,Elite Knight,Antica,925,128,Club Fighting,2
337,Gui Fallout,Elite Knight,Ourobra,1730,128,Club Fighting,2
337,Gui Zao,Elite Knight,Xyla,406,128,Club Fighting,2
337,Guma Mata Pato,Elite Knight,Lobera,402,128,Club Fighting,2
337,Guton,Elite Knight,Ustebra,1087,128,Club Fighting,2
337,Halcon of trimera,Knight,Lobera,20,128,Club Fighting,2
337,Heloisia,Elite Knight,Secura,104,128,Club Fighting,2
337,Hit Me,Elite Knight,Vitera,883,128,Club Fighting,2
337,Hunter of Dragoes,Elite Knight,Pacera,253,128,Club Fighting,2
337,Hupman,Elite Knight,Vunira,174,128,Club Fighting,2
337,Hypenotize,Elite Knight,Peloria,1339,128,Club Fighting,2
337,Imra Shia,Elite Knight,Vunira,264,128,Club Fighting,2
337,Jefinn Balalove,Elite Knight,Tornabra,1127,128,Club Fighting,2
337,Jimmy Darksoul,Elite Knight,Antica,190,128,Club Fighting,2
337,Joaquim Penguim,Elite Knight,Refugia,673,128,Club Fighting,2
337,Joker Knight,Elite Knight,Lobera,26,128,Club Fighting,2
337,Jovenil,Elite Knight,Inabra,453,128,Club Fighting,2
337,Judy Ada,Elite Knight,Nefera,56,128,Club Fighting,2
337,Julin Agiotando Full,Elite Knight,Inabra,1495,128,Club Fighting,2
337,Kakashi Silverfang,Elite Knight,Ourobra,998,128,Club Fighting,2
337,Kamilowsky,Elite Knight,Celesta,864,128,Club Fighting,2
337,Kate Juju,Elite Knight,Astera,54,128,Club Fighting,2
337,Kecrock,Elite Knight,Yonabra,897,128,Club Fighting,2
337,Kiinhazera,Elite Knight,Tornabra,1352,128,Club Fighting,2
337,Kimiek,Elite Knight,Celebra,867,128,Club Fighting,2
337,Knight Sepix,Knight,Secura,762,128,Club Fighting,2
337,Kum Kriks,Elite Knight,Secura,825,128,Club Fighting,2
337,Lady Auntt,Elite Knight,Calmera,133,128,Club Fighting,2
337,Lady Cardona,Elite Knight,Gladera,438,128,Club Fighting,2
337,Leoszito,Elite Knight,Monza,78,128,Club Fighting,2
337,Lord Scalibur,Elite Knight,Gladera,731,128,Club Fighting,2
337,Lord Vikin gold,Elite Knight,Thyria,897,128,Club Fighting,2
337,Luna Mounstro,Elite Knight,Serdebra,1241,128,Club Fighting,2
337,Macky spy,Elite Knight,Refugia,164,128,Club Fighting,2
337,Madroox,Elite Knight,Oceanis,805,128,Club Fighting,2
337,Mano du Rock,Elite Knight,Gentebra,154,128,Club Fighting,2
337,Miggelito,Knight,Secura,61,128,Club Fighting,2
337,Miigusta,Elite Knight,Ferobra,538,128,Club Fighting,2
337,Miki Ajno,Elite Knight,Refugia,872,128,Club Fighting,2
337,Mikkal,Elite Knight,Monza,454,128,Club Fighting,2
337,Mill Ion,Elite Knight,Firmera,1439,128,Club Fighting,2
337,Mirazord,Elite Knight,Yonabra,1261,128,Club Fighting,2
337,Navilat,Elite Knight,Nefera,693,128,Club Fighting,2
337,Nemesito,Elite Knight,Epoca,45,128,Club Fighting,2
337,No Soulwarprimal,Elite Knight,Belobra,786,128,Club Fighting,2
337,Nobishiro,Elite Knight,Bona,74,128,Club Fighting,2
337,Orbe,Elite Knight,Luminera,204,128,Club Fighting,2
337,Orc Worrior,Elite Knight,Monza,1238,128,Club Fighting,2
337,Pabelowski,Elite Knight,Secura,767,128,Club Fighting,2
337,Pabluski,Elite Knight,Yonabra,486,128,Club Fighting,2
337,Paciu Jaskiniowiec,Elite Knight,Secura,1270,128,Club Fighting,2
337,Petit Lover,Elite Knight,Premia,433,128,Club Fighting,2
337,Picture,Elite Knight,Antica,953,128,Club Fighting,2
337,Punchliner,Knight,Epoca,16,128,Club Fighting,2
337,Rainerek,Elite Knight,Kalibra,1079,128,Club Fighting,2
337,Rav Kifht,Elite Knight,Refugia,751,128,Club Fighting,2
337,Red Vesgo,Elite Knight,Kalibra,1275,128,Club Fighting,2
337,Rhamphell,Elite Knight,Astera,67,128,Club Fighting,2
337,Romanista,Knight,Thyria,36,128,Club Fighting,2
337,Sir Darkshadow,Elite Knight,Antica,70,128,Club Fighting,2
337,Siube,Elite Knight,Monza,140,128,Club Fighting,2
337,Snusprillan,Elite Knight,Harmonia,546,128,Club Fighting,2
337,Spankazorde,Elite Knight,Lobera,922,128,Club Fighting,2
337,Spiteful Emily,Elite Knight,Monza,892,128,Club Fighting,2
337,Thana Tursus,Elite Knight,Gladibra,983,128,Club Fighting,2
337,The Santiago,Elite Knight,Premia,33,128,Club Fighting,2
337,Tomas Ferreira,Elite Knight,Kalibra,122,128,Club Fighting,2
337,Toxic Jakub,Elite Knight,Dia,958,128,Club Fighting,2
337,Toxic Prezes,Elite Knight,Vunira,1350,128,Club Fighting,2
337,Trigunx,Elite Knight,Astera,657,128,Club Fighting,2
337,Undz,Knight,Monza,1010,128,Club Fighting,2
337,Vherduz Gaz,Elite Knight,Celesta,1004,128,Club Fighting,2
337,Viiniis,Elite Knight,Inabra,960,128,Club Fighting,2
337,Voolgam,Elite Knight,Serdebra,1069,128,Club Fighting,2
337,Waleado,Elite Knight,Antica,895,128,Club Fighting,2
337,Weemo,Elite Knight,Nevia,1190,128,Club Fighting,2
337,Whiinona,Elite Knight,Bona,93,128,Club Fighting,2
337,Wodzirej,Elite Knight,Vunira,455,128,Club Fighting,2
337,Zara Darkness,Elite Knight,Nefera,471,128,Club Fighting,2
337,Zenakalm,Elite Knight,Premia,916,128,Club Fighting,2
337,Zeus Maromba,Elite Knight,Bona,1094,128,Club Fighting,2
337,Zeyron,Elite Knight,Quintera,940,128,Club Fighting,2
451,Ako Shiro Dino,Elite Knight,Havera,60,127,Club Fighting,2
451,Alazkinho,Elite Knight,Wintera,1236,127,Club Fighting,2
451,Alexx Bonecrusher,Elite Knight,Xyla,1234,127,Club Fighting,2
451,Animated Warrior,Elite Knight,Refugia,989,127,Club Fighting,2
451,Aryasvit,Elite Knight,Lobera,888,127,Club Fighting,2
451,Asuras Closed,Elite Knight,Lutabra,696,127,Club Fighting,2
451,Bag You Desiire,Elite Knight,Ourobra,1438,127,Club Fighting,2
451,Bald Dwarf,Elite Knight,Gladera,219,127,Club Fighting,2
451,Banjo King,Elite Knight,Lobera,918,127,Club Fighting,2
451,Bilauscleia,Knight,Secura,13,127,Club Fighting,2
451,Bleykan,Elite Knight,Astera,242,127,Club Fighting,2
451,Boring Name,Elite Knight,Karmeya,1018,127,Club Fighting,2
451,Broku,Elite Knight,Lobera,627,127,Club Fighting,2
451,Brutala Gumman,Elite Knight,Antica,514,127,Club Fighting,2
451,Bully Players,Elite Knight,Nevia,934,127,Club Fighting,2
451,Caseoh,Elite Knight,Karmeya,934,127,Club Fighting,2
451,Charlover Teq,Elite Knight,Vunira,500,127,Club Fighting,2
451,Closedfriends Leozin,Elite Knight,Jadebra,1474,127,Club Fighting,2
451,Crankler,Elite Knight,Gentebra,794,127,Club Fighting,2
451,Cuthbertt,Elite Knight,Pacera,620,127,Club Fighting,2
451,Czin czi,Elite Knight,Antica,898,127,Club Fighting,2
451,Damiana Bonitao,Elite Knight,Havera,551,127,Club Fighting,2
451,Dark Kena,Elite Knight,Secura,900,127,Club Fighting,2
451,Denzel Renegado,Elite Knight,Refugia,707,127,Club Fighting,2
451,Dethium,Elite Knight,Gentebra,554,127,Club Fighting,2
451,Drell Haggor,Elite Knight,Nefera,354,127,Club Fighting,2
451,Ek Troyer,Elite Knight,Quelibra,270,127,Club Fighting,2
451,Ekai,Knight,Monza,40,127,Club Fighting,2
451,Ekmarada,Elite Knight,Kalibra,1145,127,Club Fighting,2
451,Ekosz,Elite Knight,Thyria,1384,127,Club Fighting,2
451,Enzev,Knight,Astera,430,127,Club Fighting,2
451,Facttory,Elite Knight,Ferobra,556,127,Club Fighting,2
451,Fake Neri,Elite Knight,Ustebra,1321,127,Club Fighting,2
451,Felipinho Shocknelas,Elite Knight,Gladibra,1379,127,Club Fighting,2
451,Feniikz,Elite Knight,Karmeya,1296,127,Club Fighting,2
451,For Her Sake,Elite Knight,Refugia,690,127,Club Fighting,2
451,Galfon,Elite Knight,Celesta,1143,127,Club Fighting,2
451,Galganek,Elite Knight,Pacera,592,127,Club Fighting,2
451,Grammatico,Elite Knight,Gladera,447,127,Club Fighting,2
451,Gustlik Marcinnn,Elite Knight,Secura,1109,127,Club Fighting,2
451,Hedur,Elite Knight,Antica,65,127,Club Fighting,2
451,Heliost,Elite Knight,Ustebra,1074,127,Club Fighting,2
451,Hispano clubgod,Elite Knight,Calmera,872,127,Club Fighting,2
451,Huciu Kaci,Elite Knight,Vunira,852,127,Club Fighting,2
451,Hugueraxx,Elite Knight,Kalibra,476,127,Club Fighting,2
451,Hyudi,Elite Knight,Belobra,846,127,Club Fighting,2
451,Itsuki Kion,Elite Knight,Nefera,70,127,Club Fighting,2
451,Itz Naz,Elite Knight,Nefera,856,127,Club Fighting,2
451,Itz Szympans,Elite Knight,Bona,130,127,Club Fighting,2
451,Itz Triplex,Elite Knight,Gladera,851,127,Club Fighting,2
451,Jaade doic krowy,Knight,Monza,502,127,Club Fighting,2
451,Jellowy,Elite Knight,Vunira,928,127,Club Fighting,2
451,Jimski,Elite Knight,Bona,342,127,Club Fighting,2
451,Joker Paranoia,Elite Knight,Belobra,548,127,Club Fighting,2
451,Jorpointy,Elite Knight,Bona,252,127,Club Fighting,2
451,Joseph Kion,Elite Knight,Nefera,70,127,Club Fighting,2
451,Jouster,Elite Knight,Xyla,419,127,Club Fighting,2
451,Kakuzaiy,Elite Knight,Solidera,902,127,Club Fighting,2
451,Kang Hur,Elite Knight,Antica,609,127,Club Fighting,2
451,Kapec Luji,Elite Knight,Harmonia,1065,127,Club Fighting,2
451,Kayyzinho,Elite Knight,Havera,933,127,Club Fighting,2
451,Kiimo,Elite Knight,Bona,1526,127,Club Fighting,2
451,Kilgor Crumple,Elite Knight,Luminera,217,127,Club Fighting,2
451,Klubbe,Elite Knight,Bona,664,127,Club Fighting,2
451,Klubowy Karolek,Elite Knight,Monza,966,127,Club Fighting,2
451,Knight Forsale,Elite Knight,Ourobra,1443,127,Club Fighting,2
451,Kodais Annihilator,Knight,Quelibra,925,127,Club Fighting,2
451,Kratoz Dragon,Elite Knight,Havera,1139,127,Club Fighting,2
451,Kyosol,Elite Knight,Pacera,673,127,Club Fighting,2
451,Lairufek,Elite Knight,Yonabra,1036,127,Club Fighting,2
451,Le do,Elite Knight,Yonabra,1124,127,Club Fighting,2
451,Lipez El Brabo,Elite Knight,Ourobra,1118,127,Club Fighting,2
451,Lootboxx,Elite Knight,Yovera,764,127,Club Fighting,2
451,Lord Nichols,Elite Knight,Havera,1075,127,Club Fighting,2
451,Lordd Artorias,Elite Knight,Thyria,867,127,Club Fighting,2
451,Lua de cristtal,Elite Knight,Gentebra,496,127,Club Fighting,2
451,Lynze,Elite Knight,Nefera,587,127,Club Fighting,2
451,Maezona,Elite Knight,Calmera,420,127,Club Fighting,2
451,Majkorz,Elite Knight,Thyria,684,127,Club Fighting,2
451,Matt Hazeres,Elite Knight,Bona,790,127,Club Fighting,2
451,Milequinhentos,Knight,Peloria,38,127,Club Fighting,2
451,Mischaiki,Elite Knight,Belobra,757,127,Club Fighting,2
451,Moi'of Hell,Elite Knight,Wintera,1049,127,Club Fighting,2
451,Mutilinha Underdog,Elite Knight,Rasteibra,1322,127,Club Fighting,2
451,Nahiida,Elite Knight,Astera,1041,127,Club Fighting,2
451,Naughty Dudu,Elite Knight,Secura,764,127,Club Fighting,2
451,Neutronyh,Elite Knight,Jadebra,1087,127,Club Fighting,2
451,Nieustraszony Kamil,Elite Knight,Karmeya,1014,127,Club Fighting,2
451,Niirsu,Elite Knight,Ustebra,1283,127,Club Fighting,2
451,Nika Pefisa,Elite Knight,Premia,376,127,Club Fighting,2
451,Ninja Godwar,Elite Knight,Thyria,525,127,Club Fighting,2
451,Not Kouper,Elite Knight,Thyria,798,127,Club Fighting,2
451,Oril Maverick,Elite Knight,Quelibra,890,127,Club Fighting,2
451,Ouries,Elite Knight,Harmonia,903,127,Club Fighting,2
451,Peacefield,Elite Knight,Pacera,849,127,Club Fighting,2
451,Pepe Elpollo,Elite Knight,Quidera,674,127,Club Fighting,2
451,Piiloto Bighead,Elite Knight,Etebra,1219,127,Club Fighting,2
451,Pinkys,Elite Knight,Dia,745,127,Club Fighting,2
451,Porr Danne,Elite Knight,Zuna,95,127,Club Fighting,2
451,Prouct Ologgy,Elite Knight,Bona,754,127,Club Fighting,2
451,Psiaapsia,Elite Knight,Peloria,1139,127,Club Fighting,2
451,Pumbusiek,Elite Knight,Secura,626,127,Club Fighting,2
451,Ras Roo,Elite Knight,Serdebra,130,127,Club Fighting,2
451,Rebel Love,Elite Knight,Descubra,711,127,Club Fighting,2
451,Rhyn Strius,Elite Knight,Pacera,1002,127,Club Fighting,2
451,Ryu Kasinaki,Elite Knight,Astera,241,127,Club Fighting,2
451,Salox De'Sade,Elite Knight,Menera,363,127,Club Fighting,2
451,Sekax,Elite Knight,Celesta,798,127,Club Fighting,2
451,Seleskva Zedrin,Elite Knight,Ourobra,1576,127,Club Fighting,2
451,Servent of the nameless,Elite Knight,Wintera,320,127,Club Fighting,2
451,Sizz Lor,Knight,Ustebra,15,127,Club Fighting,2
451,Skadi Goddess,Elite Knight,Ombra,871,127,Club Fighting,2
451,Spirall fall,Elite Knight,Quelibra,1208,127,Club Fighting,2
451,Sushinee,Elite Knight,Rasteibra,990,127,Club Fighting,2
451,Take the Juicer,Elite Knight,Wadira,1123,127,Club Fighting,2
451,Tapherial Ruprecht,Elite Knight,Harmonia,68,127,Club Fighting,2
451,Testarudo,Elite Knight,Pacera,886,127,Club Fighting,2
451,Thor Dust,Knight,Yovera,15,127,Club Fighting,2
451,Thoria Elite,Elite Knight,Bona,324,127,Club Fighting,2
451,Thrun,Elite Knight,Menera,505,127,Club Fighting,2
451,Ticalah,Elite Knight,Quintera,319,127,Club Fighting,2
451,Tiio Beerx,Elite Knight,Antica,890,127,Club Fighting,2
451,Tolldito,Elite Knight,Menera,965,127,Club Fighting,2
451,Tyna Teon,Elite Knight,Pacera,105,127,Club Fighting,2
451,Tytan from Celesta,Elite Knight,Celesta,1130,127,Club Fighting,2
451,Wyrmbloodz,Elite Knight,Celesta,793,127,Club Fighting,2
451,Xenia,Elite Knight,Nevia,769,127,Club Fighting,2
451,Zek ek Bombinha,Elite Knight,Solidera,1329,127,Club Fighting,2
451,Zibiarra,Elite Knight,Zuna,258,127,Club Fighting,2
451,Ziwan Modidri,Elite Knight,Astera,1426,127,Club Fighting,2
451,Zodd Nosferatu,Elite Knight,Zunera,62,127,Club Fighting,2
451,Zoo Milka,Elite Knight,Antica,157,127,Club Fighting,2
451,Zukashi Rycerzyk,Elite Knight,Refugia,1106,127,Club Fighting,2
584,Aavus Loth,Elite Knight,Gladibra,1025,126,Club Fighting,2
584,Aazn,Elite Knight,Secura,750,126,Club Fighting,2
584,Abrams Lous,Elite Knight,Antica,785,126,Club Fighting,2
584,Aceventura de Harmonia,Elite Knight,Harmonia,160,126,Club Fighting,2
584,Ad er,Elite Knight,Gentebra,700,126,Club Fighting,2
584,Aeridix,Elite Knight,Ferobra,548,126,Club Fighting,2
584,Agumus,Elite Knight,Thyria,974,126,Club Fighting,2
584,Aiiiii,Elite Knight,Talera,513,126,Club Fighting,2
584,Aika Zepic,Elite Knight,Vunira,27,126,Club Fighting,2
584,Alebaba,Elite Knight,Lobera,458,126,Club Fighting,2
584,Aner Elot,Elite Knight,Talera,943,126,Club Fighting,2
584,Anth Lelf raid,Elite Knight,Pacera,966,126,Club Fighting,2
584,Archemorus,Elite Knight,Lobera,1019,126,Club Fighting,2
584,Arto Tethar,Elite Knight,Premia,458,126,Club Fighting,2
584,Barba Carpintaria,Elite Knight,Jadebra,1134,126,Club Fighting,2
584,Berlin Soul,Elite Knight,Quintera,961,126,Club Fighting,2
584,Bolovim,Elite Knight,Gentebra,756,126,Club Fighting,2
584,Bouncer,Elite Knight,Wintera,868,126,Club Fighting,2
584,Bullthadoz,Elite Knight,Secura,1176,126,Club Fighting,2
584,Cajlaa,Elite Knight,Thyria,802,126,Club Fighting,2
584,Chris Fehnn,Elite Knight,Rasteibra,1386,126,Club Fighting,2
584,Clavalier,Elite Knight,Refugia,1158,126,Club Fighting,2
584,Club Boro,Elite Knight,Descubra,1137,126,Club Fighting,2
584,Club Fan Kina,Elite Knight,Talera,885,126,Club Fighting,2
584,Corrupted Aly,Elite Knight,Solidera,968,126,Club Fighting,2
584,Crawling,Elite Knight,Nefera,931,126,Club Fighting,2
584,Criford,Elite Knight,Celesta,75,126,Club Fighting,2
584,Crysita,Elite Knight,Antica,767,126,Club Fighting,2
584,Daregul,Elite Knight,Vunira,246,126,Club Fighting,2
584,Daring Rage,Elite Knight,Belobra,486,126,Club Fighting,2
584,Dark Sugueu,Knight,Bona,648,126,Club Fighting,2
584,Darth Dain,Elite Knight,Belobra,1129,126,Club Fighting,2
584,Dendoo Montana,Elite Knight,Ferobra,514,126,Club Fighting,2
584,Denone Tanaarea,Elite Knight,Ourobra,1423,126,Club Fighting,2
584,Derie Gabrelsla,Elite Knight,Yonabra,518,126,Club Fighting,2
584,Dgod,Elite Knight,Harmonia,512,126,Club Fighting,2
584,Do Hats,Elite Knight,Astera,643,126,Club Fighting,2
584,Don Boro,Elite Knight,Refugia,874,126,Club Fighting,2
584,Draugveil,Elite Knight,Issobra,759,126,Club Fighting,2
584,Ek Lacrita,Elite Knight,Celesta,913,126,Club Fighting,2
584,Elen Voon,Elite Knight,Talera,797,126,Club Fighting,2
584,Eleoce Old Town,Elite Knight,Wintera,373,126,Club Fighting,2
584,Elithiels housekeeper,Knight,Secura,9,126,Club Fighting,2
584,Elmoyt,Elite Knight,Firmera,649,126,Club Fighting,2
584,Elvathon Sert,Elite Knight,Monza,50,126,Club Fighting,2
584,Eskab,Elite Knight,Ourobra,688,126,Club Fighting,2
584,Exchelsious,Elite Knight,Celesta,885,126,Club Fighting,2
584,Fiddy Nikez,Elite Knight,Vunira,733,126,Club Fighting,2
584,Fiend Tokes,Elite Knight,Nefera,934,126,Club Fighting,2
584,Fllamengo,Elite Knight,Serdebra,620,126,Club Fighting,2
584,Freezing Hammer,Elite Knight,Astera,1386,126,Club Fighting,2
584,Freja Ahs,Elite Knight,Karmeya,355,126,Club Fighting,2
584,Fyna Knight,Elite Knight,Ferobra,441,126,Club Fighting,2
584,Gabs Tank,Elite Knight,Thyria,1202,126,Club Fighting,2
584,Galyx Valuquoron,Elite Knight,Gentebra,448,126,Club Fighting,2
584,Gisi ek,Elite Knight,Dia,910,126,Club Fighting,2
584,Great Club,Elite Knight,Pacera,420,126,Club Fighting,2
584,Griffindor Knight,Elite Knight,Oceanis,78,126,Club Fighting,2
584,Grizo,Elite Knight,Pacera,626,126,Club Fighting,2
584,Gronda rok,Elite Knight,Monza,547,126,Club Fighting,2
584,Gu Too,Elite Knight,Honbra,1010,126,Club Fighting,2
584,Havell The Rock,Elite Knight,Celebra,923,126,Club Fighting,2
584,Hofmann Triper,Elite Knight,Belobra,124,126,Club Fighting,2
584,Imkamil,Elite Knight,Thyria,954,126,Club Fighting,2
584,Infernal Josias,Elite Knight,Pacera,477,126,Club Fighting,2
584,Inkton,Elite Knight,Celesta,745,126,Club Fighting,2
584,Isah Artor,Knight,Menera,8,126,Club Fighting,2
584,Johny Beliking,Elite Knight,Gladera,543,126,Club Fighting,2
584,Jonas Teu Personal,Elite Knight,Ourobra,856,126,Club Fighting,2
584,Juggerzilla,Elite Knight,Menera,271,126,Club Fighting,2
584,Kaldox,Elite Knight,Nefera,960,126,Club Fighting,2
584,Kali kara,Elite Knight,Wintera,882,126,Club Fighting,2
584,Kamolly,Elite Knight,Lutabra,1126,126,Club Fighting,2
584,Kasselstrand,Elite Knight,Celesta,677,126,Club Fighting,2
584,Katarion,Elite Knight,Luminera,1059,126,Club Fighting,2
584,King Gordin,Elite Knight,Oceanis,1163,126,Club Fighting,2
584,Kinobal,Elite Knight,Oceanis,1703,126,Club Fighting,2
584,Kintaro Knight,Elite Knight,Talera,926,126,Club Fighting,2
584,Kittyqueen,Elite Knight,Celesta,1119,126,Club Fighting,2
584,Krobato,Elite Knight,Menera,644,126,Club Fighting,2
584,Krwiopalczasty,Elite Knight,Quintera,607,126,Club Fighting,2
584,Krysio,Elite Knight,Thyria,764,126,Club Fighting,2
584,Ksu,Knight,Belobra,541,126,Club Fighting,2
584,Kuzon,Elite Knight,Vunira,478,126,Club Fighting,2
584,Kwiateek Dezerter,Elite Knight,Vunira,1056,126,Club Fighting,2
584,Lakomczuch,Elite Knight,Pacera,813,126,Club Fighting,2
584,Legendarny Borowik,Elite Knight,Secura,947,126,Club Fighting,2
584,Leona Kenia,Elite Knight,Celesta,71,126,Club Fighting,2
584,Leonidas Knight,Elite Knight,Luminera,174,126,Club Fighting,2
584,Linda'inluv,Elite Knight,Ferobra,821,126,Club Fighting,2
584,Lord Goodmen,Elite Knight,Peloria,287,126,Club Fighting,2
584,Lovens,Elite Knight,Secura,1064,126,Club Fighting,2
584,Lukas Ownss,Elite Knight,Gladibra,1003,126,Club Fighting,2
584,Luztan,Elite Knight,Menera,1252,126,Club Fighting,2
584,Madam Huroncita,Elite Knight,Celesta,154,126,Club Fighting,2
584,Maenith,Knight,Zuna,13,126,Club Fighting,2
584,Maksyym,Elite Knight,Secura,848,126,Club Fighting,2
584,Marretada de Leve,Elite Knight,Yonabra,1130,126,Club Fighting,2
584,Matador Lda,Elite Knight,Quintera,796,126,Club Fighting,2
584,Matisto,Elite Knight,Ustebra,839,126,Club Fighting,2
584,Mell Maya,Elite Knight,Ferobra,414,126,Club Fighting,2
584,Mentum,Elite Knight,Celebra,1006,126,Club Fighting,2
584,Miguep,Elite Knight,Yovera,790,126,Club Fighting,2
584,Mini Gladiator,Knight,Nevia,10,126,Club Fighting,2
584,Modiel Adia,Elite Knight,Lobera,195,126,Club Fighting,2
584,Monsterise,Elite Knight,Ombra,1293,126,Club Fighting,2
584,Moodzior,Elite Knight,Nevia,1059,126,Club Fighting,2
584,Moon Jern,Elite Knight,Harmonia,303,126,Club Fighting,2
584,Mroczny Zadek,Elite Knight,Antica,80,126,Club Fighting,2
584,Nathyn Nightshade,Elite Knight,Peloria,110,126,Club Fighting,2
584,Nickaplz,Knight,Solidera,36,126,Club Fighting,2
584,Niitts,Elite Knight,Nefera,722,126,Club Fighting,2
584,Nirott Prodigy,Elite Knight,Runera,604,126,Club Fighting,2
584,Osadniczek,Elite Knight,Harmonia,772,126,Club Fighting,2
584,Oswi Vanito,Elite Knight,Yonabra,437,126,Club Fighting,2
584,Paima,Elite Knight,Firmera,704,126,Club Fighting,2
584,Pan Kier,Knight,Antica,591,126,Club Fighting,2
584,Pantes,Elite Knight,Astera,651,126,Club Fighting,2
584,Paspan,Elite Knight,Premia,104,126,Club Fighting,2
584,Pawelkus Kornes,Knight,Harmonia,10,126,Club Fighting,2
584,Pomson,Elite Knight,Zuna,67,126,Club Fighting,2
584,Poseidon Beoni,Elite Knight,Belobra,186,126,Club Fighting,2
584,Pyrkaa,Elite Knight,Jadebra,961,126,Club Fighting,2
584,Queen Dull,Elite Knight,Zuna,682,126,Club Fighting,2
584,Rift Mercenary,Elite Knight,Nefera,951,126,Club Fighting,2
584,Roneysz,Elite Knight,Kalibra,1253,126,Club Fighting,2
584,Ronnie Tezcapliploca,Elite Knight,Thyria,422,126,Club Fighting,2
584,Roorschach,Elite Knight,Inabra,998,126,Club Fighting,2
584,Royal Skorbuto,Knight,Lobera,33,126,Club Fighting,2
584,Sapu'Veiu,Elite Knight,Nefera,808,126,Club Fighting,2
584,Sarlene,Elite Knight,Antica,455,126,Club Fighting,2
584,Saulix,Elite Knight,Yonabra,1082,126,Club Fighting,2
584,Saycheese,Elite Knight,Bona,708,126,Club Fighting,2
584,Sharkman lord,Elite Knight,Solidera,668,126,Club Fighting,2
584,Showmech,Elite Knight,Solidera,972,126,Club Fighting,2
584,Shun of cozumel,Elite Knight,Lobera,617,126,Club Fighting,2
584,Siberion,Elite Knight,Premia,1522,126,Club Fighting,2
584,Sir Bemloko,Elite Knight,Calmera,943,126,Club Fighting,2
584,Sir Master Slayer,Knight,Lobera,11,126,Club Fighting,2
584,Sir Wesz,Elite Knight,Lutabra,462,126,Club Fighting,2
584,Skull Lyon,Knight,Gentebra,796,126,Club Fighting,2
584,Small Inconvenience,Elite Knight,Nevia,1011,126,Club Fighting,2
584,Snitrana Mix,Knight,Gentebra,660,126,Club Fighting,2
584,Soul Volta,Elite Knight,Astera,124,126,Club Fighting,2
584,Sprytny Spryciarz,Knight,Vunira,8,126,Club Fighting,2
584,Stellaa,Elite Knight,Lobera,487,126,Club Fighting,2
584,Sterling-Knight,Elite Knight,Astera,667,126,Club Fighting,2
584,Stor Dyth,Elite Knight,Gladera,181,126,Club Fighting,2
584,Svarogor,Elite Knight,Bona,610,126,Club Fighting,2
584,Tavinho Tanker,Elite Knight,Ombra,926,126,Club Fighting,2
584,Tawyrl,Knight,Kalibra,15,126,Club Fighting,2
584,Teenage Clubber,Elite Knight,Belobra,506,126,Club Fighting,2
584,Tharsonius von Bethana,Elite Knight,Secura,163,126,Club Fighting,2
584,The Jones,Elite Knight,Quelibra,866,126,Club Fighting,2
584,Thiaguinho Cesar,Knight,Etebra,16,126,Club Fighting,2
584,Thor Pogromca Chaosu,Elite Knight,Secura,667,126,Club Fighting,2
584,Thunder Hammer,Elite Knight,Ferobra,845,126,Club Fighting,2
584,Txuguito,Elite Knight,Descubra,314,126,Club Fighting,2
584,Tyo Dash,Elite Knight,Ferobra,981,126,Club Fighting,2
584,Vadal,Elite Knight,Premia,989,126,Club Fighting,2
584,Van Paraiba,Elite Knight,Inabra,914,126,Club Fighting,2
584,Vandrinho,Elite Knight,Collabra,1071,126,Club Fighting,2
584,Vaughn Benjamin,Elite Knight,Luminera,752,126,Club Fighting,2
584,Vince Chanersiete,Elite Knight,Quidera,1136,126,Club Fighting,2
584,Visorku,Elite Knight,Lobera,331,126,Club Fighting,2
584,Vlladimir,Elite Knight,Vunira,794,126,Club Fighting,2
584,Xavequeiro,Knight,Monza,72,126,Club Fighting,2
584,Xela Caderco,Knight,Celesta,337,126,Club Fighting,2
584,Xenos,Elite Knight,Antica,128,126,Club Fighting,2
584,Yokkozuna,Elite Knight,Astera,430,126,Club Fighting,2
584,Zabujca Uhuw,Knight,Harmonia,45,126,Club Fighting,2
584,Zaharsky,Knight,Harmonia,500,126,Club Fighting,2
584,Zandy with lasers,Elite Knight,Celebra,1056,126,Club Fighting,2
584,Zwex,Elite Knight,Celesta,100,126,Club Fighting,2
758,Akaziita,Elite Knight,Bona,844,125,Club Fighting,2
758,Aledel,Elite Knight,Secura,868,125,Club Fighting,2
758,Allezinho Mau Carater,Elite Knight,Inabra,745,125,Club Fighting,2
758,Almighty Tank,Elite Knight,Issobra,878,125,Club Fighting,2
758,Alow,Elite Knight,Luminera,651,125,Club Fighting,2
758,Amazing Tank,Knight,Monza,8,125,Club Fighting,2
758,Ancient The Warrior,Elite Knight,Refugia,237,125,Club Fighting,2
758,Andipandy,Elite Knight,Havera,616,125,Club Fighting,2
758,Angel Lokito,Elite Knight,Nefera,97,125,Club Fighting,2
758,Angel de Amorr,Elite Knight,Nefera,254,125,Club Fighting,2
758,Aram Ever,Elite Knight,Monza,967,125,Club Fighting,2
758,Arthur Bonecrusher,Elite Knight,Descubra,51,125,Club Fighting,2
758,Ascanamo,Elite Knight,Bona,991,125,Club Fighting,2
758,Avelio,Elite Knight,Belobra,369,125,Club Fighting,2
758,Azzerus Pogromca,Elite Knight,Secura,943,125,Club Fighting,2
758,Baruch Sagdijew,Elite Knight,Secura,538,125,Club Fighting,2
758,Bazylionek,Elite Knight,Dia,1212,125,Club Fighting,2
758,Bjorn Leo,Elite Knight,Serdebra,515,125,Club Fighting,2
758,Blaze Prime,Elite Knight,Quidera,1324,125,Club Fighting,2
758,Bombom de Uva,Elite Knight,Belobra,78,125,Club Fighting,2
758,Bomin Kenil,Elite Knight,Thyria,605,125,Club Fighting,2
758,Braian,Elite Knight,Quelibra,801,125,Club Fighting,2
758,Brovven,Elite Knight,Secura,927,125,Club Fighting,2
758,Bruno Batman,Elite Knight,Lobera,776,125,Club Fighting,2
758,Bushiii,Elite Knight,Belobra,935,125,Club Fighting,2
758,Buwr,Elite Knight,Menera,862,125,Club Fighting,2
758,Bwosamdi,Elite Knight,Peloria,799,125,Club Fighting,2
758,Capitain Davy Jones,Elite Knight,Bona,337,125,Club Fighting,2
758,Cerknight,Elite Knight,Menera,124,125,Club Fighting,2
758,Chuderlak,Elite Knight,Vunira,1152,125,Club Fighting,2
758,Ciajes,Elite Knight,Nevia,877,125,Club Fighting,2
758,Clubber Laffie,Elite Knight,Harmonia,765,125,Club Fighting,2
758,Clubens,Elite Knight,Luminera,418,125,Club Fighting,2
758,Comandante Mclovin,Elite Knight,Menera,753,125,Club Fighting,2
758,Czupakabras,Elite Knight,Celesta,40,125,Club Fighting,2
758,Daniel San,Elite Knight,Bona,720,125,Club Fighting,2
758,Darpus,Elite Knight,Monza,110,125,Club Fighting,2
758,Dede Magnata,Elite Knight,Ourobra,1489,125,Club Fighting,2
758,Dela Wino,Elite Knight,Talera,428,125,Club Fighting,2
758,Demon Eye,Elite Knight,Gladera,48,125,Club Fighting,2
758,Deviced,Elite Knight,Celesta,688,125,Club Fighting,2
758,Devilziin,Elite Knight,Etebra,1112,125,Club Fighting,2
758,Ditox,Elite Knight,Xyla,1056,125,Club Fighting,2
758,Diviinao,Elite Knight,Tornabra,1856,125,Club Fighting,2
758,Dixy Ded,Elite Knight,Yonabra,1088,125,Club Fighting,2
758,Dog in Pain,Elite Knight,Bona,106,125,Club Fighting,2
758,Don Primalek,Elite Knight,Karmeya,844,125,Club Fighting,2
758,Don Zangarron,Elite Knight,Thyria,64,125,Club Fighting,2
758,Donkyh,Elite Knight,Quintera,949,125,Club Fighting,2
758,Doon Wizzo,Knight,Monza,12,125,Club Fighting,2
758,Dracken,Elite Knight,Yovera,789,125,Club Fighting,2
758,Dukinha,Elite Knight,Gladera,726,125,Club Fighting,2
758,Edival Kina,Elite Knight,Nefera,63,125,Club Fighting,2
758,Ek Leyann,Elite Knight,Tornabra,1194,125,Club Fighting,2
758,El Diez,Elite Knight,Solidera,888,125,Club Fighting,2
758,Eldor Doria,Elite Knight,Honbra,701,125,Club Fighting,2
758,Elite Hiate,Knight,Quelibra,1005,125,Club Fighting,2
758,Eliza Skylight,Elite Knight,Quintera,264,125,Club Fighting,2
758,Engreido,Elite Knight,Nefera,1030,125,Club Fighting,2
758,Estefan,Elite Knight,Peloria,707,125,Club Fighting,2
758,Etrom of Fortera,Elite Knight,Ferobra,1031,125,Club Fighting,2
758,Fetts,Knight,Havera,1074,125,Club Fighting,2
758,Filipem,Elite Knight,Xyla,714,125,Club Fighting,2
758,Filthy Bacon,Elite Knight,Quidera,1262,125,Club Fighting,2
758,Firemanz,Elite Knight,Kalibra,630,125,Club Fighting,2
758,Freccariossa,Elite Knight,Vunira,247,125,Club Fighting,2
758,Fubiek,Elite Knight,Nefera,1067,125,Club Fighting,2
758,Fus Evil,Elite Knight,Kalibra,866,125,Club Fighting,2
758,Ghosstman,Elite Knight,Pacera,994,125,Club Fighting,2
758,Gijet,Elite Knight,Kalibra,108,125,Club Fighting,2
758,Goonch,Elite Knight,Lobera,597,125,Club Fighting,2
758,Grav Basher,Elite Knight,Solidera,644,125,Club Fighting,2
758,Hades Overdrive,Elite Knight,Wintera,716,125,Club Fighting,2
758,Hammers And Roses,Elite Knight,Thyria,764,125,Club Fighting,2
758,Hellwey,Elite Knight,Nefera,165,125,Club Fighting,2
758,Hexowaty Tyski,Elite Knight,Bona,662,125,Club Fighting,2
758,Holurek,Elite Knight,Vunira,60,125,Club Fighting,2
758,Hugez,Elite Knight,Celebra,777,125,Club Fighting,2
758,Hunter the Calmeran,Knight,Calmera,13,125,Club Fighting,2
758,Husio,Elite Knight,Premia,1079,125,Club Fighting,2
758,Infestissu Diaabo,Elite Knight,Descubra,1454,125,Club Fighting,2
758,Inmortals Tikitaka,Elite Knight,Serdebra,1207,125,Club Fighting,2
758,Iscarllot,Elite Knight,Celesta,665,125,Club Fighting,2
758,Itz Pepe,Elite Knight,Nefera,1319,125,Club Fighting,2
758,Jaja Kup,Elite Knight,Antica,658,125,Club Fighting,2
758,Jan Student,Elite Knight,Wintera,87,125,Club Fighting,2
758,Jdsnake Redeyes,Elite Knight,Talera,1031,125,Club Fighting,2
758,Jo vi Mo,Elite Knight,Vitera,1073,125,Club Fighting,2
758,Jordan Style,Elite Knight,Solidera,821,125,Club Fighting,2
758,Jrlok Ek,Knight,Quelibra,572,125,Club Fighting,2
758,Jury Boika,Knight,Zunera,61,125,Club Fighting,2
758,Kaka Tank,Elite Knight,Honbra,1354,125,Club Fighting,2
758,Kalifhamv,Elite Knight,Nefera,780,125,Club Fighting,2
758,Kanixian,Elite Knight,Antica,868,125,Club Fighting,2
758,Kayozin Megazord,Elite Knight,Rasteibra,957,125,Club Fighting,2
758,Kedov,Elite Knight,Vunira,65,125,Club Fighting,2
758,King Isra,Elite Knight,Thyria,1053,125,Club Fighting,2
758,King Marcus,Elite Knight,Monza,717,125,Club Fighting,2
758,King Podolski,Elite Knight,Celebra,908,125,Club Fighting,2
758,King Volvolizard Lord,Elite Knight,Zuna,75,125,Club Fighting,2
758,Kluby,Elite Knight,Gladibra,345,125,Club Fighting,2
758,Knight Simbiotico,Elite Knight,Belobra,769,125,Club Fighting,2
758,Knighttripper,Elite Knight,Astera,184,125,Club Fighting,2
758,Kord Slayer,Elite Knight,Calmera,1231,125,Club Fighting,2
758,Kozi Dreadful,Elite Knight,Astera,649,125,Club Fighting,2
758,Krishian,Elite Knight,Gentebra,811,125,Club Fighting,2
758,Kriten,Elite Knight,Lobera,739,125,Club Fighting,2
758,Lacxis,Elite Knight,Nefera,939,125,Club Fighting,2
758,Ladnar,Elite Knight,Menera,280,125,Club Fighting,2
758,Lady Entera Rika,Elite Knight,Nefera,168,125,Club Fighting,2
758,Lagertha Thorgard,Elite Knight,Astera,501,125,Club Fighting,2
758,Lanlan Daexplosao Tchakabum,Elite Knight,Inabra,1202,125,Club Fighting,2
758,Lassat,Elite Knight,Thyria,746,125,Club Fighting,2
758,Lebbluggen,Elite Knight,Peloria,436,125,Club Fighting,2
758,Lendario Banda Atlantiz,Elite Knight,Belobra,460,125,Club Fighting,2
758,Leorreia,Elite Knight,Gladera,744,125,Club Fighting,2
758,Levok The Awesome,Knight,Premia,9,125,Club Fighting,2
758,Leynamur Zlocisty,Knight,Secura,470,125,Club Fighting,2
758,Lil Veev,Elite Knight,Serdebra,761,125,Club Fighting,2
758,Limbo Hammer,Elite Knight,Luminera,616,125,Club Fighting,2
758,Lord Gifted,Elite Knight,Nefera,750,125,Club Fighting,2
758,Lord Koulth,Elite Knight,Gentebra,619,125,Club Fighting,2
758,Lord Marijntje,Elite Knight,Wintera,47,125,Club Fighting,2
758,Lord Sylca,Knight,Peloria,88,125,Club Fighting,2
758,Loveable Leader,Elite Knight,Nefera,1055,125,Club Fighting,2
758,Lucas Hills,Elite Knight,Calmera,92,125,Club Fighting,2
758,Luifer,Elite Knight,Quidera,1118,125,Club Fighting,2
758,Lula Petit,Elite Knight,Solidera,730,125,Club Fighting,2
758,Madjo,Elite Knight,Malivora,1176,125,Club Fighting,2
758,Marola brenfador,Elite Knight,Lobera,293,125,Club Fighting,2
758,Masterzin,Elite Knight,Calmera,1225,125,Club Fighting,2
758,Matheus,Elite Knight,Gladera,47,125,Club Fighting,2
758,Mecoo,Elite Knight,Harmonia,240,125,Club Fighting,2
758,Meendigao,Elite Knight,Venebra,1342,125,Club Fighting,2
758,Mell Beoni,Knight,Monza,63,125,Club Fighting,2
758,Michi Behemoth,Elite Knight,Astera,654,125,Club Fighting,2
758,Mikotzu,Elite Knight,Secura,1128,125,Club Fighting,2
758,Millie the Cav,Elite Knight,Astera,560,125,Club Fighting,2
758,Mlody Bambik,Elite Knight,Vitera,828,125,Club Fighting,2
758,Modoreczek Waleczny,Elite Knight,Karmeya,1271,125,Club Fighting,2
758,Mohamed-Medo,Elite Knight,Calmera,696,125,Club Fighting,2
758,Morfiious,Elite Knight,Epoca,646,125,Club Fighting,2
758,My Blessing,Elite Knight,Secura,1123,125,Club Fighting,2
758,Myamore,Elite Knight,Celebra,232,125,Club Fighting,2
758,Naruto Hogake,Elite Knight,Quintera,993,125,Club Fighting,2
758,Necrux,Elite Knight,Astera,836,125,Club Fighting,2
758,Nieheeteero,Knight,Monza,21,125,Club Fighting,2
758,Niun Sio,Elite Knight,Nefera,1075,125,Club Fighting,2
758,Nydraina Pous,Elite Knight,Calmera,180,125,Club Fighting,2
758,Odisseu,Elite Knight,Pacera,150,125,Club Fighting,2
758,Olimpox Steelx,Elite Knight,Nefera,838,125,Club Fighting,2
758,Onix the spy,Elite Knight,Calmera,102,125,Club Fighting,2
758,Onssa,Elite Knight,Wintera,497,125,Club Fighting,2
758,Orelhudo Fowl,Elite Knight,Belobra,749,125,Club Fighting,2
758,Over Emex,Elite Knight,Solidera,918,125,Club Fighting,2
758,Owlinage,Elite Knight,Secura,820,125,Club Fighting,2
758,Ozzy Potyz,Elite Knight,Inabra,1119,125,Club Fighting,2
758,Papii Rakz,Knight,Firmera,693,125,Club Fighting,2
758,Paty Terak,Elite Knight,Pacera,265,125,Club Fighting,2
758,Pelinal Whitestrake,Elite Knight,Serdebra,666,125,Club Fighting,2
758,Potozino,Elite Knight,Luminera,750,125,Club Fighting,2
758,Princesa Samantha,Elite Knight,Pacera,389,125,Club Fighting,2
758,Professor Ragnar,Elite Knight,Antica,690,125,Club Fighting,2
758,Projektt,Elite Knight,Kalibra,1287,125,Club Fighting,2
758,Puran Zim,Elite Knight,Venebra,1142,125,Club Fighting,2
758,Qobu,Elite Knight,Wintera,734,125,Club Fighting,2
758,Reyyes,Elite Knight,Secura,812,125,Club Fighting,2
758,Reyzao,Knight,Harmonia,854,125,Club Fighting,2
758,Rodriguinsz,Elite Knight,Tornabra,1301,125,Club Fighting,2
758,Rolanupo,Elite Knight,Antica,166,125,Club Fighting,2
758,Roy On Purple,Elite Knight,Honbra,969,125,Club Fighting,2
758,Ryu the figther,Elite Knight,Karmeya,839,125,Club Fighting,2
758,Rzabba Ojcze,Elite Knight,Bona,940,125,Club Fighting,2
758,Sakura Teste,Elite Knight,Monza,329,125,Club Fighting,2
758,Sarabam Biche,Elite Knight,Talera,844,125,Club Fighting,2
758,Sarana Doom,Knight,Peloria,864,125,Club Fighting,2
758,Shacas Luron,Elite Knight,Vunira,363,125,Club Fighting,2
758,Shoaxy,Elite Knight,Refugia,618,125,Club Fighting,2
758,Sir Fors,Elite Knight,Peloria,350,125,Club Fighting,2
758,Sir Knur,Knight,Zuna,46,125,Club Fighting,2
758,Sir Swirusek,Elite Knight,Vunira,925,125,Club Fighting,2
758,Smajk Dla Jego,Elite Knight,Ustebra,1182,125,Club Fighting,2
758,Smakosz Ciasteczek,Elite Knight,Retalia,229,125,Club Fighting,2
758,Smokeyek,Elite Knight,Harmonia,858,125,Club Fighting,2
758,Solomon Grundy,Elite Knight,Antica,367,125,Club Fighting,2
758,Stratigy Master,Elite Knight,Wintera,440,125,Club Fighting,2
758,Super Warrior Bros,Elite Knight,Nefera,526,125,Club Fighting,2
758,Swaat Kamus,Elite Knight,Yovera,907,125,Club Fighting,2
758,Swiesh,Elite Knight,Gladera,329,125,Club Fighting,2
758,Sycs,Elite Knight,Nefera,701,125,Club Fighting,2
758,Sylaa,Elite Knight,Harmonia,105,125,Club Fighting,2
758,Talito Knight,Knight,Quintera,25,125,Club Fighting,2
758,Tamtumtim,Elite Knight,Celesta,751,125,Club Fighting,2
758,Tankmaw,Elite Knight,Zunera,1500,125,Club Fighting,2
758,Tankov,Elite Knight,Quelibra,941,125,Club Fighting,2
758,Tataul,Elite Knight,Inabra,860,125,Club Fighting,2
758,Tatuzito Full Pve,Elite Knight,Collabra,974,125,Club Fighting,2
758,Ten Oto Pan,Elite Knight,Bona,69,125,Club Fighting,2
758,Teuxd,Elite Knight,Honbra,1255,125,Club Fighting,2
758,The Favaro,Elite Knight,Etebra,931,125,Club Fighting,2
758,The Nyghtmare,Elite Knight,Astera,988,125,Club Fighting,2
758,Thesttral,Elite Knight,Nefera,721,125,Club Fighting,2
758,Thubiz,Elite Knight,Yonabra,419,125,Club Fighting,2
758,Tikespit,Elite Knight,Gladera,864,125,Club Fighting,2
758,Tinkaton,Elite Knight,Nefera,583,125,Club Fighting,2
758,Titi Iriss,Elite Knight,Secura,461,125,Club Fighting,2
758,Topclubb,Knight,Antica,528,125,Club Fighting,2
758,Toxic Leo,Elite Knight,Nevia,622,125,Club Fighting,2
758,Tracigo Kuwa Bezapelacyjnie,Elite Knight,Antica,117,125,Club Fighting,2
758,Tred Wood,Elite Knight,Zunera,38,125,Club Fighting,2
758,Trublewoman,Elite Knight,Gentebra,52,125,Club Fighting,2
758,Tucano Skylight,Elite Knight,Gladera,150,125,Club Fighting,2
758,Tutadorix,Elite Knight,Celesta,770,125,Club Fighting,2
758,Unbekannter Krieger,Elite Knight,Secura,272,125,Club Fighting,2
758,Vermeio do Dianho,Elite Knight,Lutabra,790,125,Club Fighting,2
758,Vicub,Elite Knight,Vunira,125,125,Club Fighting,2
758,Vifasa,Elite Knight,Oceanis,443,125,Club Fighting,2
758,Vitamean,Elite Knight,Xyla,221,125,Club Fighting,2
758,Wock,Elite Knight,Inabra,969,125,Club Fighting,2
758,Wunderttaker,Knight,Bona,40,125,Club Fighting,2
758,Xablau Careca Incrivel,Elite Knight,Obscubra,1049,125,Club Fighting,2
758,Zawebee,Elite Knight,Premia,690,125,Club Fighting,2
758,Zetemka,Elite Knight,Gladera,990,125,Club Fighting,2
758,Zeuxz,Elite Knight,Gladera,1048,125,Club Fighting,2
758,Zodok Quinandorn,Knight,Luminera,19,125,Club Fighting,2
983,Aarrayon,Elite Knight,Secura,703,124,Club Fighting,2
983,Adelfinho Porrete,Elite Knight,Lutabra,137,124,Club Fighting,2
983,Aezsy,Elite Knight,Astera,738,124,Club Fighting,2
983,Akytra,Elite Knight,Gladera,118,124,Club Fighting,2
983,Alba Dragon Heart,Elite Knight,Secura,404,124,Club Fighting,2
983,Aldesi,Elite Knight,Thyria,613,124,Club Fighting,2
983,Alejazdao,Knight,Havera,40,124,Club Fighting,2
983,Almighty Hadesz,Elite Knight,Belobra,436,124,Club Fighting,2
983,Animalistik,Elite Knight,Bona,948,124,Club Fighting,2
983,Archonek Refugia,Elite Knight,Refugia,54,124,Club Fighting,2
983,Archonek Secura,Knight,Secura,8,124,Club Fighting,2
983,Arga Smiskarn,Knight,Celesta,1110,124,Club Fighting,2
983,Aricy,Elite Knight,Calmera,261,124,Club Fighting,2
983,Artthor,Elite Knight,Gentebra,535,124,Club Fighting,2
983,Atima Weapon,Elite Knight,Belobra,856,124,Club Fighting,2
983,Atormenta,Elite Knight,Nefera,1033,124,Club Fighting,2
983,Baby Belmont,Elite Knight,Menera,464,124,Club Fighting,2
983,Baby Oneblood,Elite Knight,Lobera,1031,124,Club Fighting,2
